#
# A fatal error has been detected by the Java Runtime Environment:
#
#  SIGSEGV (0xb) at pc=0x0000734a9e7f4b9a, pid=69107, tid=69866
#
# JRE version: OpenJDK Runtime Environment Temurin-25.0.2+10 (25.0.2+10) (build 25.0.2+10-LTS)
# Java VM: OpenJDK 64-Bit Server VM Temurin-25.0.2+10 (25.0.2+10-LTS, mixed mode, sharing, tiered, compressed oops, compressed class ptrs, g1 gc, linux-amd64)
# Problematic frame:
# C  [jna8995436576350029927.tmp+0x3f4b9a]  kaldi::LatticeIncrementalDecoderTpl<fst::Fst<fst::ArcTpl<fst::TropicalWeightTpl<float> > >, kaldi::decoder::BackpointerToken>::ProcessNonemitting(float)+0xca
#
# Core dump will be written. Default location: Core dumps may be processed with "/usr/share/apport/apport -p%p -s%s -c%c -d%d -P%P -u%u -g%g -F%F -- %E" (or dumping to /home/pi-dev/PIDEV/javafx-app/core.69107)
#
# If you would like to submit a bug report, please visit:
#   https://github.com/adoptium/adoptium-support/issues
# The crash happened outside the Java Virtual Machine in native code.
# See problematic frame for where to report the bug.
#

---------------  S U M M A R Y ------------

Command Line: -Xms128m -Xmx512m -XX:+UseG1GC -XX:MaxRAMPercentage=55 -Dprism.order=sw -Dsun.java2d.xrender=false --enable-native-access=ALL-UNNAMED --enable-native-access=javafx.graphics --add-reads=com.santea.javafxapp=ALL-UNNAMED --module-path=/home/pi-dev/PIDEV/javafx-app/target/classes:/home/pi-dev/.m2/repository/com/alphacephei/vosk/0.3.45/vosk-0.3.45.jar:/home/pi-dev/.m2/repository/com/dlsc/formsfx/formsfx-core/11.6.0/formsfx-core-11.6.0.jar:/home/pi-dev/.m2/repository/com/fasterxml/jackson/core/jackson-annotations/2.12.1/jackson-annotations-2.12.1.jar:/home/pi-dev/.m2/repository/com/fasterxml/jackson/core/jackson-core/2.12.1/jackson-core-2.12.1.jar:/home/pi-dev/.m2/repository/com/fasterxml/jackson/core/jackson-databind/2.12.1/jackson-databind-2.12.1.jar:/home/pi-dev/.m2/repository/com/github/almasb/fxgl/11.17/fxgl-11.17.jar:/home/pi-dev/.m2/repository/com/github/almasb/fxgl-core/11.17/fxgl-core-11.17.jar:/home/pi-dev/.m2/repository/com/github/almasb/fxgl-entity/11.17/fxgl-entity-11.17.jar:/home/pi-dev/.m2/repository/com/github/almasb/fxgl-gameplay/11.17/fxgl-gameplay-11.17.jar:/home/pi-dev/.m2/repository/com/github/almasb/fxgl-io/11.17/fxgl-io-11.17.jar:/home/pi-dev/.m2/repository/com/github/almasb/fxgl-scene/11.17/fxgl-scene-11.17.jar:/home/pi-dev/.m2/repository/com/github/sarxos/webcam-capture/0.3.12/webcam-capture-0.3.12.jar:/home/pi-dev/.m2/repository/com/gluonhq/attach/audio/4.0.9/audio-4.0.9.jar:/home/pi-dev/.m2/repository/com/gluonhq/attach/lifecycle/4.0.9/lifecycle-4.0.9.jar:/home/pi-dev/.m2/repository/com/gluonhq/attach/storage/4.0.9/storage-4.0.9.jar:/home/pi-dev/.m2/repository/com/gluonhq/attach/util/4.0.9/util-4.0.9.jar:/home/pi-dev/.m2/repository/jakarta/activation/jakarta.activation-api/2.1.3/jakarta.activation-api-2.1.3.jar:/home/pi-dev/.m2/repository/jakarta/mail/jakarta.mail-api/2.1.3/jakarta.mail-api-2.1.3.jar:/home/pi-dev/.m2/repository/net/synedra/validatorfx/0.6.1/validatorfx-0.6.1.jar:/home/pi-dev/.m2/repository/org/bytedeco/artoolkitplus/2.3.1-1.5.9/artoolkitplus-2.3.1-1.5.9.jar:/home/pi-dev/.m2/repository/org/bytedeco/ffmpeg/6.1.1-1.5.10/ffmpeg-6.1.1-1.5.10.jar:/home/pi-dev/.m2/repository/org/bytedeco/flycapture/2.13.3.31-1.5.9/flycapture-2.13.3.31-1.5.9.jar:/ho--add-modules=com.santea.javafxapp -Djdk.module.main=com.santea.javafxapp com.santea.javafxapp/com.santea.Launcher

Host: 11th Gen Intel(R) Core(TM) i5-11400H @ 2.70GHz, 8 cores, 15G, Ubuntu 22.04.5 LTS
Time: Thu Apr 30 01:34:04 2026 CET elapsed time: 24.657722 seconds (0d 0h 0m 24s)

---------------  T H R E A D  ---------------

Current thread (0x0000734a469541c0):  JavaThread "voice-recognition" daemon [_thread_in_native, id=69866, stack(0x0000734ae2b00000,0x0000734ae2c00000) (1024K)]

Stack: [0x0000734ae2b00000,0x0000734ae2c00000],  sp=0x0000734ae2bfd7e0,  free space=1013k
Native frames: (J=compiled Java code, j=interpreted, Vv=VM code, C=native code)
C  [jna8995436576350029927.tmp+0x3f4b9a]  kaldi::LatticeIncrementalDecoderTpl<fst::Fst<fst::ArcTpl<fst::TropicalWeightTpl<float> > >, kaldi::decoder::BackpointerToken>::ProcessNonemitting(float)+0xca
Java frames: (J=compiled Java code, j=interpreted, Vv=VM code)
j  org.vosk.LibVosk.vosk_recognizer_accept_waveform(Lcom/sun/jna/Pointer;[BI)Z+0 vosk@0.3.45
j  org.vosk.Recognizer.acceptWaveForm([BI)Z+6 vosk@0.3.45
j  com.santea.service.VoiceRecognitionService.runLoop()V+36 com.santea.javafxapp@1.0-SNAPSHOT
j  com.santea.service.VoiceRecognitionService$$Lambda+0x00000000624ecdb0.run()V+4 com.santea.javafxapp@1.0-SNAPSHOT
j  java.lang.Thread.runWith(Ljava/lang/Object;Ljava/lang/Runnable;)V+5 java.base@25.0.2
j  java.lang.Thread.run()V+19 java.base@25.0.2
v  ~StubRoutines::call_stub 0x0000734beb937fa6

siginfo: si_signo: 11 (SIGSEGV), si_code: 1 (SEGV_MAPERR), si_addr: 0x0000000000000008

Registers:
RAX=0x0000000000000000, RBX=0x000000000002aea5, RCX=0x0000000000000000, RDX=0x0000734aa91419b0
RSP=0x0000734ae2bfd7e0, RBP=0x0000734a46a49ca8, RSI=0x000000000002aea5, RDI=0x0000734a46a49ca8
R8 =0x0000734aa9131f60, R9 =0x0000000000000000, R10=0x0000734aa80b7db0, R11=0xa865c3588aa6e4fb
R12=0x0000734aaafa8a90, R13=0x0000734aaa22d0e0, R14=0x0000734aaa22ef40, R15=0x0000734aaa22ef40
RIP=0x0000734a9e7f4b9a, EFLAGS=0x0000000000010246, CSGSFS=0x002b000000000033, ERR=0x0000000000000004
  TRAPNO=0x000000000000000e

XMM[0]=0x0000734aaafe1f98 0x0000734aaafe1f48
XMM[1]=0x0000069500000000 0x000000000000114c
XMM[2]=0x00004e0f3e921c39 0x0000000000000000
XMM[3]=0x0000000000000000 0x000000003f000000
XMM[4]=0x0000000000000000 0x000000003f800000
XMM[5]=0x0000000000000000 0x0000000000000000
XMM[6]=0x0000000000000000 0x3fc999b324f10111
XMM[7]=0x0000000000000000 0xbff0000000000000
XMM[8]=0x0000000000000000 0x3f1d56cdf2264080
XMM[9]=0x3f39bd953f05bbfa 0xbe9991bdbef70620
XMM[10]=0xbd723ce73c4ed9fc 0x3d9775b3bdd1e120
XMM[11]=0x3d78b2123e931e85 0xbeabb7a5bec9ca53
XMM[12]=0x3f896c3e3f558086 0x3e8318edbba4ae56
XMM[13]=0xbf2c00babe8b0f9e 0x3fac69243f3220af
XMM[14]=0xbecb839e3ea74a81 0x3ece61e93efd27c5
XMM[15]=0xbf0f91eebf629523 0x3ef5a68f3f58eb6e
  MXCSR=0x00001fb7


Register to memory mapping:

RAX=0x0 is null
RBX=0x000000000002aea5 is an unknown value
RCX=0x0 is null
RDX=0x0000734aa91419b0 points into unknown readable memory: 0x0000000000004d2d | 2d 4d 00 00 00 00 00 00
RSP=0x0000734ae2bfd7e0 is pointing into the stack for thread: 0x0000734a469541c0
RBP=0x0000734a46a49ca8 points into unknown readable memory: 0x0000000000000000 | 00 00 00 00 00 00 00 00
RSI=0x000000000002aea5 is an unknown value
RDI=0x0000734a46a49ca8 points into unknown readable memory: 0x0000000000000000 | 00 00 00 00 00 00 00 00
R8 =0x0000734aa9131f60 points into unknown readable memory: 0x0000000000004a64 | 64 4a 00 00 00 00 00 00
R9 =0x0 is null
R10=0x0000734aa80b7db0 points into unknown readable memory: 0x0000734b7742d0d0 | d0 d0 42 77 4b 73 00 00
R11=0xa865c3588aa6e4fb is an unknown value
R12=0x0000734aaafa8a90 points into unknown readable memory: 0x00000000412ba551 | 51 a5 2b 41 00 00 00 00
R13=0x0000734aaa22d0e0 points into unknown readable memory: 0x0000004f00010d77 | 77 0d 01 00 4f 00 00 00
R14=0x0000734aaa22ef40 points into unknown readable memory: 0x000268480002aea5 | a5 ae 02 00 48 68 02 00
R15=0x0000734aaa22ef40 points into unknown readable memory: 0x000268480002aea5 | a5 ae 02 00 48 68 02 00

Top of Stack: (sp=0x0000734ae2bfd7e0)
0x0000734ae2bfd7e0:   412ba55141454ea4 4141d7f53fb19520   .NEAQ.+A ..?..AA
0x0000734ae2bfd7f0:   0000000000000028 0000734ae2bfd810   (...........Js..
0x0000734ae2bfd800:   0000000000000280 0000734a46a49d10   ...........FJs..
0x0000734ae2bfd810:   0000000000000000 0000734aaa21dda0   ..........!.Js..
0x0000734ae2bfd820:   0000000000000003 0000734aaa2217d4   ..........".Js..
0x0000734ae2bfd830:   0000000000000003 0000734aaa671ac0   ..........g.Js..
0x0000734ae2bfd840:   0000734aaa671ae8 0000734aaa671ae8   ..g.Js....g.Js..
0x0000734ae2bfd850:   0000000100000000 0000734a46a49170   ........p..FJs..
0x0000734ae2bfd860:   0000734aa40624e0 ffffffff40220776   .$..Js..v."@....
0x0000734ae2bfd870:   0000734ae2bfd8e0 0000734a9e730bad   ....Js....s.Js..
0x0000734ae2bfd880:   0000734a46a52760 00000000000246e9   `'.FJs...F......
0x0000734ae2bfd890:   0000734aa40624e0 ffffffff40220776   .$..Js..v."@....
0x0000734ae2bfd8a0:   0000734ae2bfd8e0 0000734ae2bfd9ac   ....Js......Js..
0x0000734ae2bfd8b0:   0000734a46a52760 0000734a9e730ecd   `'.FJs....s.Js..
0x0000734ae2bfd8c0:   000000003cc6fa12 0000000000000000   ...<............
0x0000734ae2bfd8d0:   0000000000000000 0000000000000000   ................
0x0000734ae2bfd8e0:   0000000000000000 ffffffff40220776   ........v."@....
0x0000734ae2bfd8f0:   0000000000000000 0000734c022a47c1   .........G*.Ls..
0x0000734ae2bfd900:   0000734aa8000090 0000000000000000   ....Js..........
0x0000734ae2bfd910:   0000000000000000 0000734ae2bfd9ac   ............Js..
0x0000734ae2bfd920:   0000006b00000000 0000000000002000   ....k.... ......
0x0000734ae2bfd930:   0000000000000000 f9f6e5b220fa1800   ........... ....
0x0000734ae2bfd940:   000000000000001e ffffffffffffff80   ................
0x0000734ae2bfd950:   000000000000000b 0000734a46908950   ........P..FJs..
0x0000734ae2bfd960:   00000000000001f8 0000000000000c80   ................
0x0000734ae2bfd970:   0000000000000000 0000734c022a5453   ........ST*.Ls..
0x0000734ae2bfd980:   0000734b75072470 0000734ae2bfd9b0   p$.uKs......Js..
0x0000734ae2bfd990:   0000734a46908950 0000000000000028   P..FJs..(.......
0x0000734ae2bfd9a0:   0000734a46a49b78 0000734a46a49ca8   x..FJs.....FJs..
0x0000734ae2bfd9b0:   00000000ffffffff 0000000000000c80   ................
0x0000734ae2bfd9c0:   0000000000000000 0000734a9e803dc7   .........=..Js..
0x0000734ae2bfd9d0:   0000000000000004 0000734b75072470   ........p$.uKs..

Instructions: (pc=0x0000734a9e7f4b9a)
  0x0000734a9e7f4a9a:   ff 0f 1f 44 00 00 ff d0 89 c5 e9 29 ff ff ff 48
  0x0000734a9e7f4aaa:   8d 0d 80 84 32 01 ba 47 00 00 00 48 8d 35 1c bf
  0x0000734a9e7f4aba:   32 01 48 8d 3d ed c6 32 01 e8 b8 22 e8 ff 0f 1f
  0x0000734a9e7f4aca:   84 00 00 00 00 00 41 57 41 56 41 55 41 54 55 53
  0x0000734a9e7f4ada:   48 81 ec b8 01 00 00 4c 8b 67 58 48 8b 47 50 f3
  0x0000734a9e7f4aea:   0f 11 04 24 4c 39 e0 0f 84 d8 04 00 00 4c 8b 7f
  0x0000734a9e7f4afa:   70 4c 8b 6f 68 49 29 c4 48 89 fd 49 c1 fc 04 4d
  0x0000734a9e7f4b0a:   39 fd 0f 85 e6 04 00 00 48 8b 1f 48 85 db 0f 84
  0x0000734a9e7f4b1a:   15 04 00 00 4c 8d 6c 24 30 0f 1f 44 00 00 48 8b
  0x0000734a9e7f4b2a:   bd 98 00 00 00 8b 33 48 8b 07 89 74 24 30 ff 50
  0x0000734a9e7f4b3a:   28 48 85 c0 0f 85 1c 03 00 00 48 8b 5b 10 48 85
  0x0000734a9e7f4b4a:   db 75 db 4c 8b 6d 68 4c 8b 7d 70 41 83 ec 01 49
  0x0000734a9e7f4b5a:   63 c4 48 89 44 24 10 48 c1 e0 04 48 89 44 24 20
  0x0000734a9e7f4b6a:   48 8d 44 24 30 48 89 44 24 18 48 8d 45 68 48 89
  0x0000734a9e7f4b7a:   44 24 28 4d 39 fd 74 37 49 83 ef 04 41 8b 1f 4c
  0x0000734a9e7f4b8a:   89 7d 70 48 89 ef 4d 89 fe 89 de e8 86 ff e8 ff
=>0x0000734a9e7f4b9a:   4c 8b 60 08 f3 41 0f 10 24 24 0f 2f 24 24 f3 0f
  0x0000734a9e7f4baa:   11 64 24 04 72 20 49 83 ef 04 4d 39 f5 75 cd 48
  0x0000734a9e7f4bba:   81 c4 b8 01 00 00 5b 5d 41 5c 41 5d 41 5e 41 5f
  0x0000734a9e7f4bca:   c3 0f 1f 44 00 00 49 8b 7c 24 08 48 85 ff 74 1c
  0x0000734a9e7f4bda:   66 0f 1f 44 00 00 4c 8b 6f 18 be 20 00 00 00 e8
  0x0000734a9e7f4bea:   52 1b e8 ff 4c 89 ef 4d 85 ed 75 ea 48 8b bd 98
  0x0000734a9e7f4bfa:   00 00 00 66 0f ef c0 48 8b 54 24 18 89 de 49 c7
  0x0000734a9e7f4c0a:   44 24 08 00 00 00 00 0f 29 44 24 30 48 8b 07 48
  0x0000734a9e7f4c1a:   c7 44 24 40 00 00 00 00 48 c7 44 24 48 00 00 00
  0x0000734a9e7f4c2a:   00 48 c7 44 24 50 00 00 00 00 ff 50 78 48 8b 7c
  0x0000734a9e7f4c3a:   24 30 48 85 ff 0f 84 14 01 00 00 48 8b 17 48 8b
  0x0000734a9e7f4c4a:   42 10 48 3b 05 dd a1 6b 01 0f 85 ab 00 00 00 48
  0x0000734a9e7f4c5a:   8b 4f 08 48 8b 41 20 48 2b 41 18 48 c1 f8 04 48
  0x0000734a9e7f4c6a:   39 47 18 0f 83 0d 02 00 00 48 8b 42 18 48 3b 05
  0x0000734a9e7f4c7a:   62 9e 6b 01 0f 85 ac 00 00 00 48 8b 47 08 48 8b
  0x0000734a9e7f4c8a:   5f 18 48 c1 e3 04 48 03 58 18 8b 33 85 f6 75 3b


Stack slot to memory mapping:

stack at sp + 0 slots: 0x412ba55141454ea4 is an unknown value
stack at sp + 1 slots: 0x4141d7f53fb19520 is an unknown value
stack at sp + 2 slots: 0x0000000000000028 is an unknown value
stack at sp + 3 slots: 0x0000734ae2bfd810 is pointing into the stack for thread: 0x0000734a469541c0
stack at sp + 4 slots: 0x0000000000000280 is an unknown value
stack at sp + 5 slots: 0x0000734a46a49d10 points into unknown readable memory: 0x0000734aaa22d0e0 | e0 d0 22 aa 4a 73 00 00
stack at sp + 6 slots: 0x0 is null
stack at sp + 7 slots: 0x0000734aaa21dda0 points into unknown readable memory: 0x0000000000000ca5 | a5 0c 00 00 00 00 00 00

Lock stack of current Java thread (top to bottom):


---------------  P R O C E S S  ---------------

Threads class SMR info:
_java_thread_list=0x0000734a46940ce0, length=37, elements={
0x0000734bfc031880, 0x0000734bfc0d9cb0, 0x0000734bfc0daea0, 0x0000734bfc0dca10,
0x0000734bfc0de330, 0x0000734bfc0dfbb0, 0x0000734bfc0e19b0, 0x0000734bfc0e33a0,
0x0000734bfc0fb150, 0x0000734bfc172cb0, 0x0000734bfc1870b0, 0x0000734b9004edc0,
0x0000734b90543c00, 0x0000734b90399000, 0x0000734b747e3680, 0x0000734b74069b40,
0x0000734b84045860, 0x0000734b74f31430, 0x0000734b74f93490, 0x0000734b74fad680,
0x0000734b74fb0090, 0x0000734b75018ab0, 0x0000734b75034600, 0x0000734b750369f0,
0x0000734ac80050e0, 0x0000734ac8006300, 0x0000734ac00400e0, 0x0000734a88002cb0,
0x0000734b7503e150, 0x0000734b7503f160, 0x0000734b75040650, 0x0000734b75041ae0,
0x0000734a88001630, 0x0000734a88005660, 0x0000734b747f7160, 0x0000734a4690b260,
0x0000734a469541c0
}

Java Threads: ( => current thread )
  0x0000734bfc031880 JavaThread "main"                              [_thread_blocked, id=69108, stack(0x0000734c00900000,0x0000734c00a00000) (1024K)]
  0x0000734bfc0d9cb0 JavaThread "Reference Handler"          daemon [_thread_blocked, id=69123, stack(0x0000734be06f4000,0x0000734be07f4000) (1024K)]
  0x0000734bfc0daea0 JavaThread "Finalizer"                  daemon [_thread_blocked, id=69124, stack(0x0000734be05f3000,0x0000734be06f3000) (1024K)]
  0x0000734bfc0dca10 JavaThread "Signal Dispatcher"          daemon [_thread_blocked, id=69125, stack(0x0000734be04f3000,0x0000734be05f3000) (1024K)]
  0x0000734bfc0de330 JavaThread "Service Thread"             daemon [_thread_blocked, id=69126, stack(0x0000734be03f3000,0x0000734be04f3000) (1024K)]
  0x0000734bfc0dfbb0 JavaThread "Monitor Deflation Thread"   daemon [_thread_blocked, id=69127, stack(0x0000734be02f3000,0x0000734be03f3000) (1024K)]
  0x0000734bfc0e19b0 JavaThread "C2 CompilerThread0"         daemon [_thread_blocked, id=69128, stack(0x0000734be01f3000,0x0000734be02f3000) (1024K)]
  0x0000734bfc0e33a0 JavaThread "C1 CompilerThread0"         daemon [_thread_blocked, id=69129, stack(0x0000734be00f3000,0x0000734be01f3000) (1024K)]
  0x0000734bfc0fb150 JavaThread "Common-Cleaner"             daemon [_thread_blocked, id=69130, stack(0x0000734bc3700000,0x0000734bc3800000) (1024K)]
  0x0000734bfc172cb0 JavaThread "Notification Thread"        daemon [_thread_blocked, id=69133, stack(0x0000734bc3400000,0x0000734bc3500000) (1024K)]
  0x0000734bfc1870b0 JavaThread "JavaFX-Launcher"                   [_thread_blocked, id=69134, stack(0x0000734bc3300000,0x0000734bc3400000) (1024K)]
  0x0000734b9004edc0 JavaThread "QuantumRenderer-0"          daemon [_thread_blocked, id=69135, stack(0x0000734bc3200000,0x0000734bc3300000) (1024K)]
  0x0000734b90543c00 JavaThread "InvokeLaterDispatcher"      daemon [_thread_blocked, id=69138, stack(0x0000734bc04ea000,0x0000734bc05ea000) (1024K)]
  0x0000734b90399000 JavaThread "JavaFX Application Thread"         [_thread_in_native, id=69139, stack(0x0000734bc03ea000,0x0000734bc04ea000) (1024K)]
  0x0000734b747e3680 JavaThread "mysql-cj-abandoned-connection-cleanup" daemon [_thread_blocked, id=69141, stack(0x0000734bc3500000,0x0000734bc3600000) (1024K)]
  0x0000734b74069b40 JavaThread "Prism Font Disposer"        daemon [_thread_blocked, id=69176, stack(0x0000734b7b2e0000,0x0000734b7b3e0000) (1024K)]
  0x0000734b84045860 JavaThread "Cleaner-0"                  daemon [_thread_blocked, id=69187, stack(0x0000734b78437000,0x0000734b78537000) (1024K)]
  0x0000734b74f31430 JavaThread "HttpClient-1-SelectorManager" daemon [_thread_in_native, id=69193, stack(0x0000734bc02a7000,0x0000734bc03a7000) (1024K)]
  0x0000734b74f93490 JavaThread "Disposer"                   daemon [_thread_blocked, id=69200, stack(0x0000734bc3600000,0x0000734bc3700000) (1024K)]
  0x0000734b74fad680 JavaThread "idle-timeout-task"          daemon [_thread_blocked, id=69201, stack(0x0000734b78204000,0x0000734b78304000) (1024K)]
  0x0000734b74fb0090 JavaThread "HTTP-Dispatcher"                   [_thread_in_native, id=69202, stack(0x0000734b78104000,0x0000734b78204000) (1024K)]
  0x0000734b75018ab0 JavaThread "HttpClient-2-SelectorManager" daemon [_thread_in_native, id=69212, stack(0x0000734b249ff000,0x0000734b24aff000) (1024K)]
  0x0000734b75034600 JavaThread "HttpClient-2-Worker-0"      daemon [_thread_blocked, id=69213, stack(0x0000734b24700000,0x0000734b24800000) (1024K)]
  0x0000734b750369f0 JavaThread "HttpClient-2-Worker-1"      daemon [_thread_blocked, id=69214, stack(0x0000734ae44fe000,0x0000734ae45fe000) (1024K)]
  0x0000734ac80050e0 JavaThread "HttpClient-2-Worker-2"      daemon [_thread_blocked, id=69222, stack(0x0000734ae43fe000,0x0000734ae44fe000) (1024K)]
  0x0000734ac8006300 JavaThread "HttpClient-2-Worker-3"      daemon [_thread_blocked, id=69223, stack(0x0000734ae4100000,0x0000734ae4200000) (1024K)]
  0x0000734ac00400e0 JavaThread "ForkJoinPool.commonPool-worker-1" daemon [_thread_blocked, id=69224, stack(0x0000734ae3f00000,0x0000734ae4000000) (1024K)]
  0x0000734a88002cb0 JavaThread "ForkJoinPool.commonPool-worker-2" daemon [_thread_blocked, id=69225, stack(0x0000734ae3d00000,0x0000734ae3e00000) (1024K)]
  0x0000734b7503e150 JavaThread "HttpClient-2-Worker-4"      daemon [_thread_blocked, id=69229, stack(0x0000734ae3b00000,0x0000734ae3c00000) (1024K)]
  0x0000734b7503f160 JavaThread "HttpClient-2-Worker-5"      daemon [_thread_blocked, id=69230, stack(0x0000734ae3900000,0x0000734ae3a00000) (1024K)]
  0x0000734b75040650 JavaThread "HttpClient-2-Worker-6"      daemon [_thread_blocked, id=69231, stack(0x0000734ae06fa000,0x0000734ae07fa000) (1024K)]
  0x0000734b75041ae0 JavaThread "HttpClient-2-Worker-7"      daemon [_thread_blocked, id=69232, stack(0x0000734ae05fa000,0x0000734ae06fa000) (1024K)]
  0x0000734a88001630 JavaThread "ForkJoinPool.commonPool-worker-3" daemon [_thread_blocked, id=69253, stack(0x0000734ae0300000,0x0000734ae0400000) (1024K)]
  0x0000734a88005660 JavaThread "ForkJoinPool.commonPool-worker-4" daemon [_thread_blocked, id=69254, stack(0x0000734ae0100000,0x0000734ae0200000) (1024K)]
  0x0000734b747f7160 JavaThread "process reaper"             daemon [_thread_blocked, id=69339, stack(0x0000734b780e2000,0x0000734b78104000) (136K)]
  0x0000734a4690b260 JavaThread "Java Sound Event Dispatcher" daemon [_thread_blocked, id=69861, stack(0x0000734b24aff000,0x0000734b24bff000) (1024K)]
=>0x0000734a469541c0 JavaThread "voice-recognition"          daemon [_thread_in_native, id=69866, stack(0x0000734ae2b00000,0x0000734ae2c00000) (1024K)]
Total: 37

Other Threads:
  0x0000734bfc0cec50 VMThread "VM Thread"                           [id=69122, stack(0x0000734be07f5000,0x0000734be08f5000) (1024K)]
  0x0000734bfc0bebd0 WatcherThread "VM Periodic Task Thread"        [id=69121, stack(0x0000734be08f6000,0x0000734be09f6000) (1024K)]
  0x0000734bfc060220 WorkerThread "GC Thread#0"                     [id=69110, stack(0x0000734be3700000,0x0000734be3800000) (1024K)]
  0x0000734bc8007d70 WorkerThread "GC Thread#1"                     [id=69146, stack(0x0000734bc01a7000,0x0000734bc02a7000) (1024K)]
  0x0000734bc8008a20 WorkerThread "GC Thread#2"                     [id=69147, stack(0x0000734bc00a6000,0x0000734bc01a6000) (1024K)]
  0x0000734bc80097b0 WorkerThread "GC Thread#3"                     [id=69148, stack(0x0000734b7b6ff000,0x0000734b7b7ff000) (1024K)]
  0x0000734bc800a540 WorkerThread "GC Thread#4"                     [id=69149, stack(0x0000734b7b5fe000,0x0000734b7b6fe000) (1024K)]
  0x0000734bc800b310 WorkerThread "GC Thread#5"                     [id=69150, stack(0x0000734b7b4fd000,0x0000734b7b5fd000) (1024K)]
  0x0000734bc80111c0 WorkerThread "GC Thread#6"                     [id=69177, stack(0x0000734b7b10f000,0x0000734b7b20f000) (1024K)]
  0x0000734bc8011b60 WorkerThread "GC Thread#7"                     [id=69178, stack(0x0000734b7b00e000,0x0000734b7b10e000) (1024K)]
  0x0000734bfc0679f0 ConcurrentGCThread "G1 Main Marker"            [id=69111, stack(0x0000734be35ff000,0x0000734be36ff000) (1024K)]
  0x0000734bfc068af0 WorkerThread "G1 Conc#0"                       [id=69112, stack(0x0000734be34fe000,0x0000734be35fe000) (1024K)]
  0x0000734bd4000cd0 WorkerThread "G1 Conc#1"                       [id=69191, stack(0x0000734b78325000,0x0000734b78425000) (1024K)]
  0x0000734bfc0b0200 ConcurrentGCThread "G1 Refine#0"               [id=69114, stack(0x0000734be0af8000,0x0000734be0bf8000) (1024K)]
  0x0000734bfc0b13f0 ConcurrentGCThread "G1 Service"                [id=69116, stack(0x0000734be09f7000,0x0000734be0af7000) (1024K)]
Total: 15

Threads with active compile tasks:
Total: 0

VM state: not at safepoint (normal execution)

VM Mutex/Monitor currently owned by a thread: None

Heap address: 0x00000000e0000000, size: 512 MB, Compressed Oops mode: 32-bit

CDS archive(s) mapped at: [0x0000000061000000-0x0000000061d8d000-0x0000000061d8d000), size 14209024, SharedBaseAddress: 0x0000000061000000, ArchiveRelocationMode: 1.
Compressed class space mapped at: 0x0000000062000000-0x00000000a2000000, reserved size: 1073741824
UseCompressedClassPointers 1, UseCompactObjectHeaders 0
Narrow klass pointer bits 32, Max shift 3
Narrow klass base: 0x0000000061000000, Narrow klass shift: 0
Encoding Range: [0x0000000061000000 - 0x0000000161000000), (4294967296 bytes)
Klass Range:    [0x0000000061001000 - 0x00000000a2000000), (1090514944 bytes)
Klass ID Range:  [4096 - 1090519033) (1090514937)
Protection zone: [0x0000000061000000 - 0x0000000061001000), (4096 bytes)

GC Precious Log:
 CardTable entry size: 512
 Card Set container configuration: InlinePtr #cards 5 size 8 Array Of Cards #cards 10 size 36 Howl #buckets 4 coarsen threshold 1843 Howl Bitmap #cards 512 size 80 coarsen threshold 460 Card regions per heap region 1 cards per card region 2048
 CPUs: 8 total, 8 available
 Memory: 15946M
 Large Page Support: Disabled
 NUMA Support: Disabled
 Compressed Oops: Enabled (32-bit)
 Heap Region Size: 1M
 Heap Min Capacity: 128M
 Heap Initial Capacity: 128M
 Heap Max Capacity: 512M
 Pre-touch: Disabled
 Parallel Workers: 8
 Concurrent Workers: 2
 Concurrent Refinement Workers: 8
 Periodic GC: Disabled

Heap:
 garbage-first heap   total reserved 524288K, committed 139264K, used 104784K [0x00000000e0000000, 0x0000000100000000)
  region size 1024K, 8 young (8192K), 5 survivors (5120K)

Heap Regions: E=young(eden), S=young(survivor), O=old, HS=humongous(starts), HC=humongous(continues), CS=collection set, F=free, TAMS=top-at-mark-start, PB=parsable bottom
|   0|0x00000000e0000000, 0x00000000e0100000, 0x00000000e0100000|100%| O|  |TAMS 0x00000000e0000000| PB 0x00000000e0000000| Untracked |  0
|   1|0x00000000e0100000, 0x00000000e0200000, 0x00000000e0200000|100%| O|  |TAMS 0x00000000e0100000| PB 0x00000000e0100000| Untracked |  0
|   2|0x00000000e0200000, 0x00000000e0300000, 0x00000000e0300000|100%|HS|  |TAMS 0x00000000e0200000| PB 0x00000000e0200000| Complete |  0
|   3|0x00000000e0300000, 0x00000000e0400000, 0x00000000e0400000|100%|HC|  |TAMS 0x00000000e0300000| PB 0x00000000e0300000| Complete |  0
|   4|0x00000000e0400000, 0x00000000e0500000, 0x00000000e0500000|100%|HS|  |TAMS 0x00000000e0400000| PB 0x00000000e0400000| Complete |  0
|   5|0x00000000e0500000, 0x00000000e0600000, 0x00000000e0600000|100%|HC|  |TAMS 0x00000000e0500000| PB 0x00000000e0500000| Complete |  0
|   6|0x00000000e0600000, 0x00000000e0700000, 0x00000000e0700000|100%|HS|  |TAMS 0x00000000e0600000| PB 0x00000000e0600000| Complete |  0
|   7|0x00000000e0700000, 0x00000000e0800000, 0x00000000e0800000|100%|HC|  |TAMS 0x00000000e0700000| PB 0x00000000e0700000| Complete |  0
|   8|0x00000000e0800000, 0x00000000e0900000, 0x00000000e0900000|100%|HS|  |TAMS 0x00000000e0800000| PB 0x00000000e0800000| Complete |  0
|   9|0x00000000e0900000, 0x00000000e0a00000, 0x00000000e0a00000|100%|HC|  |TAMS 0x00000000e0900000| PB 0x00000000e0900000| Complete |  0
|  10|0x00000000e0a00000, 0x00000000e0b00000, 0x00000000e0b00000|100%|HS|  |TAMS 0x00000000e0a00000| PB 0x00000000e0a00000| Complete |  0
|  11|0x00000000e0b00000, 0x00000000e0c00000, 0x00000000e0c00000|100%|HC|  |TAMS 0x00000000e0b00000| PB 0x00000000e0b00000| Complete |  0
|  12|0x00000000e0c00000, 0x00000000e0d00000, 0x00000000e0d00000|100%| S|CS|TAMS 0x00000000e0c00000| PB 0x00000000e0c00000| Complete |  0
|  13|0x00000000e0d00000, 0x00000000e0e00000, 0x00000000e0e00000|100%| O|  |TAMS 0x00000000e0d00000| PB 0x00000000e0d00000| Untracked |  0
|  14|0x00000000e0e00000, 0x00000000e0f00000, 0x00000000e0f00000|100%| O|  |TAMS 0x00000000e0e00000| PB 0x00000000e0e00000| Untracked |  0
|  15|0x00000000e0f00000, 0x00000000e1000000, 0x00000000e1000000|100%| O|  |TAMS 0x00000000e0f00000| PB 0x00000000e0f00000| Untracked |  0
|  16|0x00000000e1000000, 0x00000000e1100000, 0x00000000e1100000|100%| O|  |TAMS 0x00000000e1000000| PB 0x00000000e1000000| Untracked |  0
|  17|0x00000000e1100000, 0x00000000e1200000, 0x00000000e1200000|100%| O|  |TAMS 0x00000000e1100000| PB 0x00000000e1100000| Untracked |  0
|  18|0x00000000e1200000, 0x00000000e1300000, 0x00000000e1300000|100%| O|  |TAMS 0x00000000e1200000| PB 0x00000000e1200000| Untracked |  0
|  19|0x00000000e1300000, 0x00000000e1400000, 0x00000000e1400000|100%|HS|  |TAMS 0x00000000e1300000| PB 0x00000000e1300000| Complete |  0
|  20|0x00000000e1400000, 0x00000000e1500000, 0x00000000e1500000|100%|HC|  |TAMS 0x00000000e1400000| PB 0x00000000e1400000| Complete |  0
|  21|0x00000000e1500000, 0x00000000e1600000, 0x00000000e1600000|100%|HC|  |TAMS 0x00000000e1500000| PB 0x00000000e1500000| Complete |  0
|  22|0x00000000e1600000, 0x00000000e1700000, 0x00000000e1700000|100%|HC|  |TAMS 0x00000000e1600000| PB 0x00000000e1600000| Complete |  0
|  23|0x00000000e1700000, 0x00000000e1800000, 0x00000000e1800000|100%|HC|  |TAMS 0x00000000e1700000| PB 0x00000000e1700000| Complete |  0
|  24|0x00000000e1800000, 0x00000000e1900000, 0x00000000e1900000|100%|HC|  |TAMS 0x00000000e1800000| PB 0x00000000e1800000| Complete |  0
|  25|0x00000000e1900000, 0x00000000e1a00000, 0x00000000e1a00000|100%|HS|  |TAMS 0x00000000e1900000| PB 0x00000000e1900000| Complete |  0
|  26|0x00000000e1a00000, 0x00000000e1b00000, 0x00000000e1b00000|100%|HC|  |TAMS 0x00000000e1a00000| PB 0x00000000e1a00000| Complete |  0
|  27|0x00000000e1b00000, 0x00000000e1c00000, 0x00000000e1c00000|100%|HC|  |TAMS 0x00000000e1b00000| PB 0x00000000e1b00000| Complete |  0
|  28|0x00000000e1c00000, 0x00000000e1d00000, 0x00000000e1d00000|100%|HC|  |TAMS 0x00000000e1c00000| PB 0x00000000e1c00000| Complete |  0
|  29|0x00000000e1d00000, 0x00000000e1e00000, 0x00000000e1e00000|100%|HC|  |TAMS 0x00000000e1d00000| PB 0x00000000e1d00000| Complete |  0
|  30|0x00000000e1e00000, 0x00000000e1f00000, 0x00000000e1f00000|100%|HS|  |TAMS 0x00000000e1e00000| PB 0x00000000e1e00000| Complete |  0
|  31|0x00000000e1f00000, 0x00000000e2000000, 0x00000000e2000000|100%|HS|  |TAMS 0x00000000e1f00000| PB 0x00000000e1f00000| Complete |  0
|  32|0x00000000e2000000, 0x00000000e2100000, 0x00000000e2100000|100%|HC|  |TAMS 0x00000000e2000000| PB 0x00000000e2000000| Complete |  0
|  33|0x00000000e2100000, 0x00000000e2200000, 0x00000000e2200000|100%|HS|  |TAMS 0x00000000e2100000| PB 0x00000000e2100000| Complete |  0
|  34|0x00000000e2200000, 0x00000000e2300000, 0x00000000e2300000|100%|HC|  |TAMS 0x00000000e2200000| PB 0x00000000e2200000| Complete |  0
|  35|0x00000000e2300000, 0x00000000e2400000, 0x00000000e2400000|100%|HC|  |TAMS 0x00000000e2300000| PB 0x00000000e2300000| Complete |  0
|  36|0x00000000e2400000, 0x00000000e2500000, 0x00000000e2500000|100%|HC|  |TAMS 0x00000000e2400000| PB 0x00000000e2400000| Complete |  0
|  37|0x00000000e2500000, 0x00000000e2600000, 0x00000000e2600000|100%|HS|  |TAMS 0x00000000e2500000| PB 0x00000000e2500000| Complete |  0
|  38|0x00000000e2600000, 0x00000000e2700000, 0x00000000e2700000|100%|HC|  |TAMS 0x00000000e2600000| PB 0x00000000e2600000| Complete |  0
|  39|0x00000000e2700000, 0x00000000e2800000, 0x00000000e2800000|100%|HS|  |TAMS 0x00000000e2700000| PB 0x00000000e2700000| Complete |  0
|  40|0x00000000e2800000, 0x00000000e2900000, 0x00000000e2900000|100%|HC|  |TAMS 0x00000000e2800000| PB 0x00000000e2800000| Complete |  0
|  41|0x00000000e2900000, 0x00000000e2a00000, 0x00000000e2a00000|100%|HS|  |TAMS 0x00000000e2900000| PB 0x00000000e2900000| Complete |  0
|  42|0x00000000e2a00000, 0x00000000e2b00000, 0x00000000e2b00000|100%|HC|  |TAMS 0x00000000e2a00000| PB 0x00000000e2a00000| Complete |  0
|  43|0x00000000e2b00000, 0x00000000e2c00000, 0x00000000e2c00000|100%|HC|  |TAMS 0x00000000e2b00000| PB 0x00000000e2b00000| Complete |  0
|  44|0x00000000e2c00000, 0x00000000e2d00000, 0x00000000e2d00000|100%|HS|  |TAMS 0x00000000e2c00000| PB 0x00000000e2c00000| Complete |  0
|  45|0x00000000e2d00000, 0x00000000e2e00000, 0x00000000e2e00000|100%|HC|  |TAMS 0x00000000e2d00000| PB 0x00000000e2d00000| Complete |  0
|  46|0x00000000e2e00000, 0x00000000e2f00000, 0x00000000e2f00000|100%|HC|  |TAMS 0x00000000e2e00000| PB 0x00000000e2e00000| Complete |  0
|  47|0x00000000e2f00000, 0x00000000e3000000, 0x00000000e3000000|100%|HC|  |TAMS 0x00000000e2f00000| PB 0x00000000e2f00000| Complete |  0
|  48|0x00000000e3000000, 0x00000000e3100000, 0x00000000e3100000|100%|HC|  |TAMS 0x00000000e3000000| PB 0x00000000e3000000| Complete |  0
|  49|0x00000000e3100000, 0x00000000e3200000, 0x00000000e3200000|100%|HC|  |TAMS 0x00000000e3100000| PB 0x00000000e3100000| Complete |  0
|  50|0x00000000e3200000, 0x00000000e3300000, 0x00000000e3300000|100%|HC|  |TAMS 0x00000000e3200000| PB 0x00000000e3200000| Complete |  0
|  51|0x00000000e3300000, 0x00000000e3400000, 0x00000000e3400000|100%|HC|  |TAMS 0x00000000e3300000| PB 0x00000000e3300000| Complete |  0
|  52|0x00000000e3400000, 0x00000000e3500000, 0x00000000e3500000|100%|HC|  |TAMS 0x00000000e3400000| PB 0x00000000e3400000| Complete |  0
|  53|0x00000000e3500000, 0x00000000e3600000, 0x00000000e3600000|100%| O|  |TAMS 0x00000000e3500000| PB 0x00000000e3500000| Untracked |  0
|  54|0x00000000e3600000, 0x00000000e3700000, 0x00000000e3700000|100%| O|  |TAMS 0x00000000e3600000| PB 0x00000000e3600000| Untracked |  0
|  55|0x00000000e3700000, 0x00000000e3800000, 0x00000000e3800000|100%| O|  |TAMS 0x00000000e3700000| PB 0x00000000e3700000| Untracked |  0
|  56|0x00000000e3800000, 0x00000000e3900000, 0x00000000e3900000|100%| O|  |TAMS 0x00000000e3800000| PB 0x00000000e3800000| Untracked |  0
|  57|0x00000000e3900000, 0x00000000e3a00000, 0x00000000e3a00000|100%| O|  |TAMS 0x00000000e3900000| PB 0x00000000e3900000| Untracked |  0
|  58|0x00000000e3a00000, 0x00000000e3b00000, 0x00000000e3b00000|100%| O|  |TAMS 0x00000000e3a00000| PB 0x00000000e3a00000| Untracked |  0
|  59|0x00000000e3b00000, 0x00000000e3c00000, 0x00000000e3c00000|100%| O|Cm|TAMS 0x00000000e3b00000| PB 0x00000000e3b00000| Complete |  0
|  60|0x00000000e3c00000, 0x00000000e3d00000, 0x00000000e3d00000|100%| O|  |TAMS 0x00000000e3c00000| PB 0x00000000e3c00000| Untracked |  0
|  61|0x00000000e3d00000, 0x00000000e3e00000, 0x00000000e3e00000|100%| O|  |TAMS 0x00000000e3d00000| PB 0x00000000e3d00000| Untracked |  0
|  62|0x00000000e3e00000, 0x00000000e3f00000, 0x00000000e3f00000|100%| O|  |TAMS 0x00000000e3e00000| PB 0x00000000e3e00000| Untracked |  0
|  63|0x00000000e3f00000, 0x00000000e4000000, 0x00000000e4000000|100%| O|Cm|TAMS 0x00000000e3f00000| PB 0x00000000e3f00000| Complete |  0
|  64|0x00000000e4000000, 0x00000000e4100000, 0x00000000e4100000|100%| O|  |TAMS 0x00000000e4000000| PB 0x00000000e4000000| Untracked |  0
|  65|0x00000000e4100000, 0x00000000e4200000, 0x00000000e4200000|100%| O|  |TAMS 0x00000000e4100000| PB 0x00000000e4100000| Untracked |  0
|  66|0x00000000e4200000, 0x00000000e4300000, 0x00000000e4300000|100%| O|  |TAMS 0x00000000e4200000| PB 0x00000000e4200000| Untracked |  0
|  67|0x00000000e4300000, 0x00000000e4400000, 0x00000000e4400000|100%| O|  |TAMS 0x00000000e4300000| PB 0x00000000e4300000| Untracked |  0
|  68|0x00000000e4400000, 0x00000000e4500000, 0x00000000e4500000|100%| O|  |TAMS 0x00000000e4400000| PB 0x00000000e4400000| Untracked |  0
|  69|0x00000000e4500000, 0x00000000e4600000, 0x00000000e4600000|100%| O|  |TAMS 0x00000000e4500000| PB 0x00000000e4500000| Untracked |  0
|  70|0x00000000e4600000, 0x00000000e4700000, 0x00000000e4700000|100%| O|  |TAMS 0x00000000e4600000| PB 0x00000000e4600000| Untracked |  0
|  71|0x00000000e4700000, 0x00000000e4800000, 0x00000000e4800000|100%| O|  |TAMS 0x00000000e4700000| PB 0x00000000e4700000| Untracked |  0
|  72|0x00000000e4800000, 0x00000000e4900000, 0x00000000e4900000|100%| O|  |TAMS 0x00000000e4800000| PB 0x00000000e4800000| Untracked |  0
|  73|0x00000000e4900000, 0x00000000e4a00000, 0x00000000e4a00000|100%| O|  |TAMS 0x00000000e4900000| PB 0x00000000e4900000| Untracked |  0
|  74|0x00000000e4a00000, 0x00000000e4b00000, 0x00000000e4b00000|100%|HS|  |TAMS 0x00000000e4a00000| PB 0x00000000e4a00000| Complete |  1
|  75|0x00000000e4b00000, 0x00000000e4c00000, 0x00000000e4c00000|100%|HC|  |TAMS 0x00000000e4b00000| PB 0x00000000e4b00000| Complete |  0
|  76|0x00000000e4c00000, 0x00000000e4d00000, 0x00000000e4d00000|100%|HC|  |TAMS 0x00000000e4c00000| PB 0x00000000e4c00000| Complete |  0
|  77|0x00000000e4d00000, 0x00000000e4e00000, 0x00000000e4e00000|100%|HC|  |TAMS 0x00000000e4d00000| PB 0x00000000e4d00000| Complete |  0
|  78|0x00000000e4e00000, 0x00000000e4f00000, 0x00000000e4f00000|100%|HC|  |TAMS 0x00000000e4e00000| PB 0x00000000e4e00000| Complete |  0
|  79|0x00000000e4f00000, 0x00000000e5000000, 0x00000000e5000000|100%|HC|  |TAMS 0x00000000e4f00000| PB 0x00000000e4f00000| Complete |  0
|  80|0x00000000e5000000, 0x00000000e5100000, 0x00000000e5100000|100%|HS|  |TAMS 0x00000000e5000000| PB 0x00000000e5000000| Complete |  0
|  81|0x00000000e5100000, 0x00000000e5200000, 0x00000000e5200000|100%|HC|  |TAMS 0x00000000e5100000| PB 0x00000000e5100000| Complete |  0
|  82|0x00000000e5200000, 0x00000000e5300000, 0x00000000e5300000|100%|HC|  |TAMS 0x00000000e5200000| PB 0x00000000e5200000| Complete |  0
|  83|0x00000000e5300000, 0x00000000e5400000, 0x00000000e5400000|100%|HC|  |TAMS 0x00000000e5300000| PB 0x00000000e5300000| Complete |  0
|  84|0x00000000e5400000, 0x00000000e5500000, 0x00000000e5500000|100%|HC|  |TAMS 0x00000000e5400000| PB 0x00000000e5400000| Complete |  0
|  85|0x00000000e5500000, 0x00000000e5600000, 0x00000000e5600000|100%|HC|  |TAMS 0x00000000e5500000| PB 0x00000000e5500000| Complete |  0
|  86|0x00000000e5600000, 0x00000000e5700000, 0x00000000e5700000|100%|HS|  |TAMS 0x00000000e5600000| PB 0x00000000e5600000| Complete |  0
|  87|0x00000000e5700000, 0x00000000e5800000, 0x00000000e5800000|100%|HC|  |TAMS 0x00000000e5700000| PB 0x00000000e5700000| Complete |  0
|  88|0x00000000e5800000, 0x00000000e5900000, 0x00000000e5900000|100%|HS|  |TAMS 0x00000000e5800000| PB 0x00000000e5800000| Complete |  0
|  89|0x00000000e5900000, 0x00000000e5a00000, 0x00000000e5a00000|100%|HC|  |TAMS 0x00000000e5900000| PB 0x00000000e5900000| Complete |  0
|  90|0x00000000e5a00000, 0x00000000e5b00000, 0x00000000e5b00000|100%|HS|  |TAMS 0x00000000e5a00000| PB 0x00000000e5a00000| Complete |  0
|  91|0x00000000e5b00000, 0x00000000e5c00000, 0x00000000e5c00000|100%|HC|  |TAMS 0x00000000e5b00000| PB 0x00000000e5b00000| Complete |  0
|  92|0x00000000e5c00000, 0x00000000e5d00000, 0x00000000e5d00000|100%| S|CS|TAMS 0x00000000e5c00000| PB 0x00000000e5c00000| Complete |  0
|  93|0x00000000e5d00000, 0x00000000e5e00000, 0x00000000e5e00000|100%| S|CS|TAMS 0x00000000e5d00000| PB 0x00000000e5d00000| Complete |  0
|  94|0x00000000e5e00000, 0x00000000e5e00000, 0x00000000e5f00000|  0%| F|  |TAMS 0x00000000e5e00000| PB 0x00000000e5e00000| Untracked |  0
|  95|0x00000000e5f00000, 0x00000000e5f00000, 0x00000000e6000000|  0%| F|  |TAMS 0x00000000e5f00000| PB 0x00000000e5f00000| Untracked |  0
|  96|0x00000000e6000000, 0x00000000e6000000, 0x00000000e6100000|  0%| F|  |TAMS 0x00000000e6000000| PB 0x00000000e6000000| Untracked |  0
|  97|0x00000000e6100000, 0x00000000e6100000, 0x00000000e6200000|  0%| F|  |TAMS 0x00000000e6100000| PB 0x00000000e6100000| Untracked |  0
|  98|0x00000000e6200000, 0x00000000e6200000, 0x00000000e6300000|  0%| F|  |TAMS 0x00000000e6200000| PB 0x00000000e6200000| Untracked |  0
|  99|0x00000000e6300000, 0x00000000e6300000, 0x00000000e6400000|  0%| F|  |TAMS 0x00000000e6300000| PB 0x00000000e6300000| Untracked |  0
| 100|0x00000000e6400000, 0x00000000e6400000, 0x00000000e6500000|  0%| F|  |TAMS 0x00000000e6400000| PB 0x00000000e6400000| Untracked |  0
| 101|0x00000000e6500000, 0x00000000e6500000, 0x00000000e6600000|  0%| F|  |TAMS 0x00000000e6500000| PB 0x00000000e6500000| Untracked |  0
| 102|0x00000000e6600000, 0x00000000e6600000, 0x00000000e6700000|  0%| F|  |TAMS 0x00000000e6600000| PB 0x00000000e6600000| Untracked |  0
| 103|0x00000000e6700000, 0x00000000e6700000, 0x00000000e6800000|  0%| F|  |TAMS 0x00000000e6700000| PB 0x00000000e6700000| Untracked |  0
| 104|0x00000000e6800000, 0x00000000e6800000, 0x00000000e6900000|  0%| F|  |TAMS 0x00000000e6800000| PB 0x00000000e6800000| Untracked |  0
| 105|0x00000000e6900000, 0x00000000e6900000, 0x00000000e6a00000|  0%| F|  |TAMS 0x00000000e6900000| PB 0x00000000e6900000| Untracked |  0
| 106|0x00000000e6a00000, 0x00000000e6a00000, 0x00000000e6b00000|  0%| F|  |TAMS 0x00000000e6a00000| PB 0x00000000e6a00000| Untracked |  0
| 107|0x00000000e6b00000, 0x00000000e6b00000, 0x00000000e6c00000|  0%| F|  |TAMS 0x00000000e6b00000| PB 0x00000000e6b00000| Untracked |  0
| 108|0x00000000e6c00000, 0x00000000e6c00000, 0x00000000e6d00000|  0%| F|  |TAMS 0x00000000e6c00000| PB 0x00000000e6c00000| Untracked |  0
| 109|0x00000000e6d00000, 0x00000000e6d00000, 0x00000000e6e00000|  0%| F|  |TAMS 0x00000000e6d00000| PB 0x00000000e6d00000| Untracked |  0
| 110|0x00000000e6e00000, 0x00000000e6e00000, 0x00000000e6f00000|  0%| F|  |TAMS 0x00000000e6e00000| PB 0x00000000e6e00000| Untracked |  0
| 111|0x00000000e6f00000, 0x00000000e6f00000, 0x00000000e7000000|  0%| F|  |TAMS 0x00000000e6f00000| PB 0x00000000e6f00000| Untracked |  0
| 112|0x00000000e7000000, 0x00000000e7000000, 0x00000000e7100000|  0%| F|  |TAMS 0x00000000e7000000| PB 0x00000000e7000000| Untracked |  0
| 113|0x00000000e7100000, 0x00000000e7100000, 0x00000000e7200000|  0%| F|  |TAMS 0x00000000e7100000| PB 0x00000000e7100000| Untracked |  0
| 114|0x00000000e7200000, 0x00000000e7200000, 0x00000000e7300000|  0%| F|  |TAMS 0x00000000e7200000| PB 0x00000000e7200000| Untracked |  0
| 115|0x00000000e7300000, 0x00000000e7300000, 0x00000000e7400000|  0%| F|  |TAMS 0x00000000e7300000| PB 0x00000000e7300000| Untracked |  0
| 116|0x00000000e7400000, 0x00000000e7400000, 0x00000000e7500000|  0%| F|  |TAMS 0x00000000e7400000| PB 0x00000000e7400000| Untracked |  0
| 117|0x00000000e7500000, 0x00000000e7500000, 0x00000000e7600000|  0%| F|  |TAMS 0x00000000e7500000| PB 0x00000000e7500000| Untracked |  0
| 118|0x00000000e7600000, 0x00000000e7600000, 0x00000000e7700000|  0%| F|  |TAMS 0x00000000e7600000| PB 0x00000000e7600000| Untracked |  0
| 119|0x00000000e7700000, 0x00000000e7700000, 0x00000000e7800000|  0%| F|  |TAMS 0x00000000e7700000| PB 0x00000000e7700000| Untracked |  0
| 120|0x00000000e7800000, 0x00000000e7800000, 0x00000000e7900000|  0%| F|  |TAMS 0x00000000e7800000| PB 0x00000000e7800000| Untracked |  0
| 121|0x00000000e7900000, 0x00000000e7900000, 0x00000000e7a00000|  0%| F|  |TAMS 0x00000000e7900000| PB 0x00000000e7900000| Untracked |  0
| 122|0x00000000e7a00000, 0x00000000e7a00000, 0x00000000e7b00000|  0%| F|  |TAMS 0x00000000e7a00000| PB 0x00000000e7a00000| Untracked |  0
| 123|0x00000000e7b00000, 0x00000000e7b00000, 0x00000000e7c00000|  0%| F|  |TAMS 0x00000000e7b00000| PB 0x00000000e7b00000| Untracked |  0
| 124|0x00000000e7c00000, 0x00000000e7c00000, 0x00000000e7d00000|  0%| F|  |TAMS 0x00000000e7c00000| PB 0x00000000e7c00000| Untracked |  0
| 125|0x00000000e7d00000, 0x00000000e7d00000, 0x00000000e7e00000|  0%| F|  |TAMS 0x00000000e7d00000| PB 0x00000000e7d00000| Untracked |  0
| 126|0x00000000e7e00000, 0x00000000e7e75538, 0x00000000e7f00000| 45%| E|  |TAMS 0x00000000e7e00000| PB 0x00000000e7e00000| Complete |  0
| 127|0x00000000e7f00000, 0x00000000e8000000, 0x00000000e8000000|100%| E|CS|TAMS 0x00000000e7f00000| PB 0x00000000e7f00000| Complete |  0
| 128|0x00000000e8000000, 0x00000000e8100000, 0x00000000e8100000|100%| S|CS|TAMS 0x00000000e8000000| PB 0x00000000e8000000| Complete |  0
| 129|0x00000000e8100000, 0x00000000e8200000, 0x00000000e8200000|100%| S|CS|TAMS 0x00000000e8100000| PB 0x00000000e8100000| Complete |  0
| 506|0x00000000ffa00000, 0x00000000ffa54010, 0x00000000ffb00000| 32%| O|  |TAMS 0x00000000ffa00000| PB 0x00000000ffa00000| Untracked |  0
| 507|0x00000000ffb00000, 0x00000000ffc00000, 0x00000000ffc00000|100%| O|  |TAMS 0x00000000ffb00000| PB 0x00000000ffb00000| Untracked |  0
| 508|0x00000000ffc00000, 0x00000000ffd00000, 0x00000000ffd00000|100%| O|  |TAMS 0x00000000ffc00000| PB 0x00000000ffc00000| Untracked |  0
| 509|0x00000000ffd00000, 0x00000000ffe00000, 0x00000000ffe00000|100%| O|  |TAMS 0x00000000ffd00000| PB 0x00000000ffd00000| Untracked |  0
| 510|0x00000000ffe00000, 0x00000000fff00000, 0x00000000fff00000|100%| O|  |TAMS 0x00000000ffe00000| PB 0x00000000ffe00000| Untracked |  0
| 511|0x00000000fff00000, 0x0000000100000000, 0x0000000100000000|100%| E|CS|TAMS 0x00000000fff00000| PB 0x00000000fff00000| Complete |  0

Card table byte_map: [0x0000734be40ff000,0x0000734be41ff000] _byte_map_base: 0x0000734be39ff000

Marking Bits: (CMBitMap*) 0x0000734bfc060ea0
 Bits: [0x0000734be3800000, 0x0000734be4000000)

Polling page: 0x0000734c02614000

Metaspace:
Metaspace        used 35448K, committed 35840K, reserved 1114112K
 class space     used 4891K, committed 5056K, reserved 1048576K

Usage:
  Non-class:     29.84 MB used.
      Class:      4.78 MB used.
       Both:     34.62 MB used.

Virtual space:
  Non-class space:       64.00 MB reserved,      30.06 MB ( 47%) committed,  1 nodes.
      Class space:        1.00 GB reserved,       4.94 MB ( <1%) committed,  1 nodes.
             Both:        1.06 GB reserved,      35.00 MB (  3%) committed. 

Chunk freelists:
   Non-Class:  1.70 MB
       Class:  11.07 MB
        Both:  12.78 MB

MaxMetaspaceSize: unlimited
CompressedClassSpaceSize: 1.00 GB
Initial GC threshold: 21.00 MB
Current GC threshold: 49.31 MB
CDS: on
 - commit_granule_bytes: 65536.
 - commit_granule_words: 8192.
 - virtual_space_node_default_size: 8388608.
 - enlarge_chunks_in_place: 1.
UseCompressedClassPointers 1, UseCompactObjectHeaders 0
Narrow klass pointer bits 32, Max shift 3
Narrow klass base: 0x0000000061000000, Narrow klass shift: 0
Encoding Range: [0x0000000061000000 - 0x0000000161000000), (4294967296 bytes)
Klass Range:    [0x0000000061001000 - 0x00000000a2000000), (1090514944 bytes)
Klass ID Range:  [4096 - 1090519033) (1090514937)
Protection zone: [0x0000000061000000 - 0x0000000061001000), (4096 bytes)


Internal statistics:

num_allocs_failed_limit: 3.
num_arena_births: 436.
num_arena_deaths: 0.
num_vsnodes_births: 2.
num_vsnodes_deaths: 0.
num_space_committed: 560.
num_space_uncommitted: 0.
num_chunks_returned_to_freelist: 3.
num_chunks_taken_from_freelist: 1476.
num_chunk_merges: 3.
num_chunk_splits: 994.
num_chunks_enlarged: 717.
num_inconsistent_stats: 0.

CodeHeap 'non-profiled nmethods': size=120032Kb used=2781Kb max_used=2781Kb free=117250Kb
 bounds [0x0000734bebec8000, 0x0000734bec188000, 0x0000734bf3400000]
CodeHeap 'profiled nmethods': size=120028Kb used=11202Kb max_used=11202Kb free=108825Kb
 bounds [0x0000734be4400000, 0x0000734be4f00000, 0x0000734beb937000]
CodeHeap 'non-nmethods': size=5700Kb used=2214Kb max_used=2300Kb free=3485Kb
 bounds [0x0000734beb937000, 0x0000734bebba7000, 0x0000734bebec8000]
CodeCache: size=245760Kb, used=16197Kb, max_used=16283Kb, free=229560Kb
 total_blobs=7923, nmethods=6955, adapters=872, full_count=0
Compilation: enabled, stopped_count=0, restarted_count=0

Compilation events (20 events):
Event: 24.385 Thread 0x0000734bfc0e19b0 7734       4       java.util.concurrent.atomic.AtomicInteger::incrementAndGet (14 bytes)
Event: 24.385 Thread 0x0000734bfc0e19b0 nmethod 7734 0x0000734bec17f188 code [0x0000734bec17f280, 0x0000734bec17f300]
Event: 24.435 Thread 0x0000734bfc0e33a0 7735       3       javafx.scene.layout.CornerRadii::preComputeHash (420 bytes)
Event: 24.436 Thread 0x0000734bfc0e19b0 7736       4       com.sun.javafx.geom.transform.Identity::getDegree (4 bytes)
Event: 24.436 Thread 0x0000734bfc0e33a0 nmethod 7735 0x0000734be4eec008 code [0x0000734be4eec140, 0x0000734be4eed570]
Event: 24.436 Thread 0x0000734bfc0e19b0 nmethod 7736 0x0000734bec17f488 code [0x0000734bec17f580, 0x0000734bec17f600]
Event: 24.436 Thread 0x0000734bfc0e33a0 7737       3       com.sun.javafx.font.PrismFontFactory::getLCDContrast (40 bytes)
Event: 24.437 Thread 0x0000734bfc0e33a0 nmethod 7737 0x0000734be4eed588 code [0x0000734be4eed6a0, 0x0000734be4eed820]
Event: 24.447 Thread 0x0000734bfc0e33a0 7738       3       com.sun.javafx.sg.prism.NGNode::getEffectBounds (24 bytes)
Event: 24.448 Thread 0x0000734bfc0e33a0 nmethod 7738 0x0000734be4eed888 code [0x0000734be4eed980, 0x0000734be4eeddc8]
Event: 24.448 Thread 0x0000734bfc0e33a0 7739       3       com.sun.javafx.sg.prism.NGRegion::getCacheKey (65 bytes)
Event: 24.448 Thread 0x0000734bfc0e33a0 nmethod 7739 0x0000734be4eede08 code [0x0000734be4eedf00, 0x0000734be4eee4c0]
Event: 24.448 Thread 0x0000734bfc0e33a0 7740       3       com.sun.javafx.sg.prism.RegionImageCache::getImageLocation (194 bytes)
Event: 24.448 Thread 0x0000734bfc0e33a0 nmethod 7740 0x0000734be4eee508 code [0x0000734be4eee600, 0x0000734be4eef440]
Event: 24.482 Thread 0x0000734bfc0e33a0 7741       3       com.sun.javafx.sg.prism.NGNode::getClippedBounds (78 bytes)
Event: 24.483 Thread 0x0000734bfc0e33a0 nmethod 7741 0x0000734be4eef488 code [0x0000734be4eef580, 0x0000734be4ef01b0]
Event: 24.483 Thread 0x0000734bfc0e33a0 7742       3       com.sun.javafx.geom.transform.BaseTransform::getInstance (52 bytes)
Event: 24.483 Thread 0x0000734bfc0e33a0 nmethod 7742 0x0000734be4ef0208 code [0x0000734be4ef0320, 0x0000734be4ef0660]
Event: 24.483 Thread 0x0000734bfc0e33a0 7743       3       com.sun.javafx.geom.transform.Affine2D::deriveWithConcatenation (23 bytes)
Event: 24.483 Thread 0x0000734bfc0e33a0 nmethod 7743 0x0000734be4ef0688 code [0x0000734be4ef0780, 0x0000734be4ef0980]

GC Heap Usage History (14 events):
Event: 0.585 {heap Before GC invocations=0 (full 0):
 garbage-first heap   total reserved 524288K, committed 133120K, used 48260K [0x00000000e0000000, 0x0000000100000000)
  region size 1024K, 47 young (48128K), 0 survivors (0K)
}
Event: 0.590 {heap After GC invocations=1 (full 0):
 garbage-first heap   total reserved 524288K, committed 133120K, used 9260K [0x00000000e0000000, 0x0000000100000000)
  region size 1024K, 6 young (6144K), 6 survivors (6144K)
}
Event: 1.535 {heap Before GC invocations=1 (full 0):
 garbage-first heap   total reserved 524288K, committed 133120K, used 73772K [0x00000000e0000000, 0x0000000100000000)
  region size 1024K, 58 young (59392K), 6 survivors (6144K)
}
Event: 1.543 {heap After GC invocations=2 (full 0):
 garbage-first heap   total reserved 524288K, committed 133120K, used 28480K [0x00000000e0000000, 0x0000000100000000)
  region size 1024K, 8 young (8192K), 8 survivors (8192K)
}
Event: 3.584 {heap Before GC invocations=2 (full 0):
 garbage-first heap   total reserved 524288K, committed 133120K, used 99136K [0x00000000e0000000, 0x0000000100000000)
  region size 1024K, 45 young (46080K), 8 survivors (8192K)
}
Event: 3.591 {heap After GC invocations=3 (full 0):
 garbage-first heap   total reserved 524288K, committed 133120K, used 67949K [0x00000000e0000000, 0x0000000100000000)
  region size 1024K, 6 young (6144K), 6 survivors (6144K)
}
Event: 4.894 {heap Before GC invocations=4 (full 0):
 garbage-first heap   total reserved 524288K, committed 133120K, used 104813K [0x00000000e0000000, 0x0000000100000000)
  region size 1024K, 42 young (43008K), 6 survivors (6144K)
}
Event: 4.898 {heap After GC invocations=5 (full 0):
 garbage-first heap   total reserved 524288K, committed 133120K, used 73649K [0x00000000e0000000, 0x0000000100000000)
  region size 1024K, 6 young (6144K), 6 survivors (6144K)
}
Event: 5.207 {heap Before GC invocations=5 (full 0):
 garbage-first heap   total reserved 524288K, committed 133120K, used 108465K [0x00000000e0000000, 0x0000000100000000)
  region size 1024K, 40 young (40960K), 6 survivors (6144K)
}
Event: 5.212 {heap After GC invocations=6 (full 0):
 garbage-first heap   total reserved 524288K, committed 133120K, used 77232K [0x00000000e0000000, 0x0000000100000000)
  region size 1024K, 5 young (5120K), 5 survivors (5120K)
}
Event: 5.235 {heap Before GC invocations=6 (full 0):
 garbage-first heap   total reserved 524288K, committed 133120K, used 78256K [0x00000000e0000000, 0x0000000100000000)
  region size 1024K, 7 young (7168K), 5 survivors (5120K)
}
Event: 5.237 {heap After GC invocations=7 (full 0):
 garbage-first heap   total reserved 524288K, committed 133120K, used 77631K [0x00000000e0000000, 0x0000000100000000)
  region size 1024K, 1 young (1024K), 1 survivors (1024K)
}
Event: 17.495 {heap Before GC invocations=8 (full 0):
 garbage-first heap   total reserved 524288K, committed 133120K, used 128831K [0x00000000e0000000, 0x0000000100000000)
  region size 1024K, 35 young (35840K), 1 survivors (1024K)
}
Event: 17.499 {heap After GC invocations=9 (full 0):
 garbage-first heap   total reserved 524288K, committed 139264K, used 102736K [0x00000000e0000000, 0x0000000100000000)
  region size 1024K, 5 young (5120K), 5 survivors (5120K)
}

Metaspace Usage History (14 events):
Event: 0.585 {metaspace Before GC invocations=0 (full 0):
 Metaspace       used 8394K, committed 8576K, reserved 1114112K
  class space    used 943K, committed 1024K, reserved 1048576K
}
Event: 0.590 {metaspace After GC invocations=1 (full 0):
 Metaspace       used 8394K, committed 8576K, reserved 1114112K
  class space    used 943K, committed 1024K, reserved 1048576K
}
Event: 1.535 {metaspace Before GC invocations=1 (full 0):
 Metaspace       used 17476K, committed 17728K, reserved 1114112K
  class space    used 2286K, committed 2368K, reserved 1048576K
}
Event: 1.543 {metaspace After GC invocations=2 (full 0):
 Metaspace       used 17476K, committed 17728K, reserved 1114112K
  class space    used 2286K, committed 2368K, reserved 1048576K
}
Event: 3.584 {metaspace Before GC invocations=2 (full 0):
 Metaspace       used 21215K, committed 21504K, reserved 1114112K
  class space    used 2797K, committed 2944K, reserved 1048576K
}
Event: 3.591 {metaspace After GC invocations=3 (full 0):
 Metaspace       used 21215K, committed 21504K, reserved 1114112K
  class space    used 2797K, committed 2944K, reserved 1048576K
}
Event: 4.894 {metaspace Before GC invocations=4 (full 0):
 Metaspace       used 26969K, committed 27328K, reserved 1114112K
  class space    used 3534K, committed 3712K, reserved 1048576K
}
Event: 4.899 {metaspace After GC invocations=5 (full 0):
 Metaspace       used 26969K, committed 27328K, reserved 1114112K
  class space    used 3534K, committed 3712K, reserved 1048576K
}
Event: 5.207 {metaspace Before GC invocations=5 (full 0):
 Metaspace       used 29757K, committed 30144K, reserved 1114112K
  class space    used 4180K, committed 4352K, reserved 1048576K
}
Event: 5.212 {metaspace After GC invocations=6 (full 0):
 Metaspace       used 29757K, committed 30144K, reserved 1114112K
  class space    used 4180K, committed 4352K, reserved 1048576K
}
Event: 5.235 {metaspace Before GC invocations=6 (full 0):
 Metaspace       used 29895K, committed 30208K, reserved 1114112K
  class space    used 4193K, committed 4352K, reserved 1048576K
}
Event: 5.237 {metaspace After GC invocations=7 (full 0):
 Metaspace       used 29895K, committed 30208K, reserved 1114112K
  class space    used 4193K, committed 4352K, reserved 1048576K
}
Event: 17.495 {metaspace Before GC invocations=8 (full 0):
 Metaspace       used 35039K, committed 35392K, reserved 1114112K
  class space    used 4842K, committed 4992K, reserved 1048576K
}
Event: 17.499 {metaspace After GC invocations=9 (full 0):
 Metaspace       used 35039K, committed 35392K, reserved 1114112K
  class space    used 4842K, committed 4992K, reserved 1048576K
}

Dll operation events (18 events):
Event: 0.002 Loaded shared library /home/pi-dev/.jdks/temurin-25.0.2/lib/libjava.so
Event: 0.018 Loaded shared library /home/pi-dev/.jdks/temurin-25.0.2/lib/libsimdsort.so
Event: 0.020 Loaded shared library /home/pi-dev/.jdks/temurin-25.0.2/lib/libnio.so
Event: 0.039 Loaded shared library /home/pi-dev/.jdks/temurin-25.0.2/lib/libnet.so
Event: 0.069 Loaded shared library /home/pi-dev/.jdks/temurin-25.0.2/lib/libzip.so
Event: 0.243 Loaded shared library /home/pi-dev/.openjfx/cache/21.0.6+3/amd64/libprism_sw.so
Event: 0.252 Loaded shared library /home/pi-dev/.openjfx/cache/21.0.6+3/amd64/libglass.so
Event: 0.269 Loaded shared library /home/pi-dev/.openjfx/cache/21.0.6+3/amd64/libglassgtk3.so
Event: 0.361 Loaded shared library /home/pi-dev/.jdks/temurin-25.0.2/lib/libjimage.so
Event: 0.415 Loaded shared library /home/pi-dev/.jdks/temurin-25.0.2/lib/libverify.so
Event: 1.091 Loaded shared library /home/pi-dev/.openjfx/cache/21.0.6+3/amd64/libjavafx_font.so
Event: 1.158 Loaded shared library /home/pi-dev/.openjfx/cache/21.0.6+3/amd64/libjavafx_font_freetype.so
Event: 1.197 Loaded shared library /home/pi-dev/.openjfx/cache/21.0.6+3/amd64/libjavafx_font_pango.so
Event: 1.287 Loaded shared library /home/pi-dev/.openjfx/cache/21.0.6+3/amd64/libjavafx_iio.so
Event: 1.965 Loaded shared library /home/pi-dev/.openjfx/cache/21.0.6+3/amd64/libdecora_sse.so
Event: 4.499 Loaded shared library /home/pi-dev/.openjfx/cache/21.0.6+3/amd64/libjfxwebkit.so
Event: 17.304 Loaded shared library /home/pi-dev/.cache/JNA/temp/jna16765185532353568615.tmp
Event: 17.795 Loaded shared library /home/pi-dev/.jdks/temurin-25.0.2/lib/libjsound.so

Deoptimization events (20 events):
Event: 17.322 Thread 0x0000734b90399000 Uncommon trap: trap_request=0xffffffc6 fr.pc=0x0000734bec0c2d60 relative=0x0000000000000460
Event: 17.322 Thread 0x0000734b90399000 Uncommon trap: reason=bimorphic_or_optimized_type_check action=maybe_recompile pc=0x0000734bec0c2d60 method=java.io.BufferedInputStream.read1([BII)I @ 52 c2
Event: 17.322 Thread 0x0000734b90399000 DEOPT PACKING pc=0x0000734bec0c2d60 sp=0x0000734bc04e4b70
Event: 17.322 Thread 0x0000734b90399000 DEOPT UNPACKING pc=0x0000734beba690f9 sp=0x0000734bc04e4b28 mode 2
Event: 17.322 Thread 0x0000734b90399000 Uncommon trap: trap_request=0xffffffc6 fr.pc=0x0000734bec0c2d60 relative=0x0000000000000460
Event: 17.322 Thread 0x0000734b90399000 Uncommon trap: reason=bimorphic_or_optimized_type_check action=maybe_recompile pc=0x0000734bec0c2d60 method=java.io.BufferedInputStream.read1([BII)I @ 52 c2
Event: 17.322 Thread 0x0000734b90399000 DEOPT PACKING pc=0x0000734bec0c2d60 sp=0x0000734bc04e4b70
Event: 17.322 Thread 0x0000734b90399000 DEOPT UNPACKING pc=0x0000734beba690f9 sp=0x0000734bc04e4b28 mode 2
Event: 18.058 Thread 0x0000734b9004edc0 Uncommon trap: trap_request=0xffffffe4 fr.pc=0x0000734bebf7d1f4 relative=0x0000000000000074
Event: 18.058 Thread 0x0000734b9004edc0 Uncommon trap: reason=range_check action=make_not_entrant pc=0x0000734bebf7d1f4 method=java.util.Objects.checkIndex(II)I @ 3 c2
Event: 18.058 Thread 0x0000734b9004edc0 DEOPT PACKING pc=0x0000734bebf7d1f4 sp=0x0000734bc32fd290
Event: 18.058 Thread 0x0000734b9004edc0 DEOPT UNPACKING pc=0x0000734beba690f9 sp=0x0000734bc32fd1c8 mode 2
Event: 18.058 Thread 0x0000734b9004edc0 Uncommon trap: trap_request=0xffffff45 fr.pc=0x0000734bebee3dcc relative=0x000000000000004c
Event: 18.058 Thread 0x0000734b9004edc0 Uncommon trap: reason=unstable_if action=reinterpret pc=0x0000734bebee3dcc method=jdk.internal.util.Preconditions.checkIndex(IILjava/util/function/BiFunction;)I @ 1 c2
Event: 18.058 Thread 0x0000734b9004edc0 DEOPT PACKING pc=0x0000734bebee3dcc sp=0x0000734bc32fd190
Event: 18.058 Thread 0x0000734b9004edc0 DEOPT UNPACKING pc=0x0000734beba690f9 sp=0x0000734bc32fd160 mode 2
Event: 18.058 Thread 0x0000734b9004edc0 Uncommon trap: trap_request=0xffffffe4 fr.pc=0x0000734bebf91944 relative=0x0000000000000044
Event: 18.058 Thread 0x0000734b9004edc0 Uncommon trap: reason=range_check action=make_not_entrant pc=0x0000734bebf91944 method=java.util.Objects.checkIndex(II)I @ 3 c2
Event: 18.058 Thread 0x0000734b9004edc0 DEOPT PACKING pc=0x0000734bebf91944 sp=0x0000734bc32fcdc0
Event: 18.058 Thread 0x0000734b9004edc0 DEOPT UNPACKING pc=0x0000734beba690f9 sp=0x0000734bc32fcd70 mode 2

Classes loaded (20 events):
Event: 17.818 Loading class javax/sound/sampled/FloatControl$Type
Event: 17.818 Loading class javax/sound/sampled/Control$Type
Event: 17.818 Loading class javax/sound/sampled/Control$Type done
Event: 17.818 Loading class javax/sound/sampled/FloatControl$Type done
Event: 17.818 Loading class com/sun/media/sound/DirectAudioDevice$DirectDL$Mute
Event: 17.818 Loading class javax/sound/sampled/BooleanControl
Event: 17.818 Loading class javax/sound/sampled/BooleanControl done
Event: 17.818 Loading class com/sun/media/sound/DirectAudioDevice$DirectDL$Mute done
Event: 17.818 Loading class javax/sound/sampled/BooleanControl$Type
Event: 17.818 Loading class javax/sound/sampled/BooleanControl$Type done
Event: 17.818 Loading class com/sun/media/sound/DirectAudioDevice$DirectDL$Balance
Event: 17.818 Loading class com/sun/media/sound/DirectAudioDevice$DirectDL$Balance done
Event: 17.818 Loading class com/sun/media/sound/DirectAudioDevice$DirectDL$Pan
Event: 17.818 Loading class com/sun/media/sound/DirectAudioDevice$DirectDL$Pan done
Event: 17.820 Loading class javax/sound/sampled/LineEvent
Event: 17.820 Loading class javax/sound/sampled/LineEvent done
Event: 17.820 Loading class javax/sound/sampled/LineEvent$Type
Event: 17.820 Loading class javax/sound/sampled/LineEvent$Type done
Event: 17.820 Loading class com/sun/media/sound/EventDispatcher
Event: 17.820 Loading class com/sun/media/sound/EventDispatcher done

Classes unloaded (0 events):
No events

Classes redefined (0 events):
No events

Internal exceptions (20 events):
Event: 5.313 Thread 0x0000734b75018ab0 Exception <a 'java/lang/NoSuchMethodError'{0x00000000e7c71a40}: 'void java.lang.invoke.DirectMethodHandle$Holder.invokeStatic(java.lang.Object, java.lang.Object, int)'> (0x00000000e7c71a40) 
thrown [src/hotspot/share/interpreter/linkResolver.cpp, line 803]
Event: 5.316 Thread 0x0000734b75034600 Exception <a 'java/lang/NoSuchMethodError'{0x00000000e7c5b478}: 'void java.lang.invoke.DirectMethodHandle$Holder.invokeInterface(java.lang.Object, java.lang.Object, java.lang.Object)'> (0x00000000e7c5b478) 
thrown [src/hotspot/share/interpreter/linkResolver.cpp, line 803]
Event: 5.316 Thread 0x0000734b750369f0 Exception <a 'java/lang/NoSuchMethodError'{0x00000000e7c3a090}: 'void java.lang.invoke.DirectMethodHandle$Holder.invokeInterface(java.lang.Object, java.lang.Object, java.lang.Object)'> (0x00000000e7c3a090) 
thrown [src/hotspot/share/interpreter/linkResolver.cpp, line 803]
Event: 5.323 Thread 0x0000734b750369f0 Exception <a 'java/lang/NoSuchMethodError'{0x00000000e7b69b68}: 'long java.lang.invoke.DirectMethodHandle$Holder.invokeStatic(java.lang.Object, long, long)'> (0x00000000e7b69b68) 
thrown [src/hotspot/share/interpreter/linkResolver.cpp, line 803]
Event: 5.323 Thread 0x0000734b75034600 Exception <a 'java/lang/NoSuchMethodError'{0x00000000e7b85f78}: 'long java.lang.invoke.DirectMethodHandle$Holder.invokeStatic(java.lang.Object, long, long)'> (0x00000000e7b85f78) 
thrown [src/hotspot/share/interpreter/linkResolver.cpp, line 803]
Event: 5.324 Thread 0x0000734b75018ab0 Exception <a 'java/lang/NoSuchMethodError'{0x00000000e7ca1fb8}: 'long java.lang.invoke.DirectMethodHandle$Holder.invokeStatic(java.lang.Object, long, long)'> (0x00000000e7ca1fb8) 
thrown [src/hotspot/share/interpreter/linkResolver.cpp, line 803]
Event: 5.441 Thread 0x0000734b75034600 Exception <a 'java/lang/NoSuchMethodError'{0x00000000e790ffd8}: 'java.lang.Object java.lang.invoke.Invokers$Holder.invoke_MT(java.lang.Object, java.lang.Object, java.lang.Object, java.lang.Object, java.lang.Object, java.lang.Object)'> (0x00000000e790ffd8) 
thrown [src/hotspot/share/interpreter/linkResolver.cpp, line 803]
Event: 5.441 Thread 0x0000734b750369f0 Exception <a 'java/lang/NoSuchMethodError'{0x00000000e7916998}: 'java.lang.Object java.lang.invoke.Invokers$Holder.invoke_MT(java.lang.Object, java.lang.Object, java.lang.Object, java.lang.Object, java.lang.Object, java.lang.Object)'> (0x00000000e7916998) 
thrown [src/hotspot/share/interpreter/linkResolver.cpp, line 803]
Event: 5.465 Thread 0x0000734b75034600 Exception <a 'java/lang/NoSuchMethodError'{0x00000000e7885b30}: 'void java.lang.invoke.DirectMethodHandle$Holder.invokeStaticInit(java.lang.Object, java.lang.Object, java.lang.Object)'> (0x00000000e7885b30) 
thrown [src/hotspot/share/interpreter/linkResolver.cpp, line 803]
Event: 5.647 Thread 0x0000734b750369f0 Exception <a 'java/lang/NoSuchMethodError'{0x00000000e701ae28}: 'long java.lang.invoke.DirectMethodHandle$Holder.invokeStatic(java.lang.Object, java.lang.Object)'> (0x00000000e701ae28) 
thrown [src/hotspot/share/interpreter/linkResolver.cpp, line 803]
Event: 5.657 Thread 0x0000734ac00400e0 Exception <a 'java/lang/NoSuchMethodError'{0x00000000e70aa198}: 'void java.lang.invoke.DirectMethodHandle$Holder.invokeSpecial(java.lang.Object, java.lang.Object, int, java.lang.Object)'> (0x00000000e70aa198) 
thrown [src/hotspot/share/interpreter/linkResolver.cpp, line 803]
Event: 5.658 Thread 0x0000734ac00400e0 Exception <a 'java/lang/NoSuchMethodError'{0x00000000e70b93c0}: 'java.lang.Object java.lang.invoke.DirectMethodHandle$Holder.newInvokeSpecial(java.lang.Object, java.lang.Object, int, java.lang.Object)'> (0x00000000e70b93c0) 
thrown [src/hotspot/share/interpreter/linkResolver.cpp, line 803]
Event: 10.180 Thread 0x0000734b90399000 Exception <a 'java/lang/NoSuchMethodError'{0x00000000e64cbce0}: 'java.lang.Object java.lang.invoke.DirectMethodHandle$Holder.newInvokeSpecial(java.lang.Object, java.lang.Object, java.lang.Object, double, double, double, double, int, int, int, int, int, int, int, int, int)'> (0x00000000e64cbce0) 
thrown [src/hotspot/share/interpreter/linkResolver.cpp, line 803]
Event: 17.318 Thread 0x0000734b90399000 Exception <a 'java/lang/NoSuchMethodError'{0x00000000e5f29a30}: 'java.lang.Object java.lang.invoke.DirectMethodHandle$Holder.invokeStatic(java.lang.Object, long, java.lang.Object)'> (0x00000000e5f29a30) 
thrown [src/hotspot/share/interpreter/linkResolver.cpp, line 803]
Event: 17.319 Thread 0x0000734b90399000 Exception <a 'java/lang/NoSuchMethodError'{0x00000000e5f31e10}: 'java.lang.Object java.lang.invoke.DirectMethodHandle$Holder.invokeStaticInit(java.lang.Object, long, java.lang.Object)'> (0x00000000e5f31e10) 
thrown [src/hotspot/share/interpreter/linkResolver.cpp, line 803]
Event: 17.319 Thread 0x0000734b90399000 Exception <a 'java/lang/NoSuchMethodError'{0x00000000e5f41530}: 'java.lang.Object java.lang.invoke.DirectMethodHandle$Holder.newInvokeSpecial(java.lang.Object, long)'> (0x00000000e5f41530) 
thrown [src/hotspot/share/interpreter/linkResolver.cpp, line 803]
Event: 17.326 Thread 0x0000734b90399000 Exception <a 'java/lang/UnsatisfiedLinkError'{0x00000000e5faff30}: libvosk.so: Ne peut ouvrir le fichier d'objet partagé: Aucun fichier ou dossier de ce nom> (0x00000000e5faff30) 
thrown [src/hotspot/share/prims/jni.cpp, line 534]
Event: 17.326 Thread 0x0000734b90399000 Exception <a 'java/lang/UnsatisfiedLinkError'{0x00000000e5fb1638}: libvosk.so: Ne peut ouvrir le fichier d'objet partagé: Aucun fichier ou dossier de ce nom> (0x00000000e5fb1638) 
thrown [src/hotspot/share/prims/jni.cpp, line 534]
Event: 17.502 Thread 0x0000734b90399000 Exception <a 'java/lang/NoSuchMethodError'{0x00000000fff196d0}: 'int java.lang.invoke.Invokers$Holder.invokeExact_MT(java.lang.Object, java.lang.Object, java.lang.Object)'> (0x00000000fff196d0) 
thrown [src/hotspot/share/interpreter/linkResolver.cpp, line 803]
Event: 17.504 Thread 0x0000734b90399000 Exception <a 'java/lang/NoSuchMethodError'{0x00000000fff40e88}: 'void java.lang.invoke.Invokers$Holder.invokeExact_MT(java.lang.Object, java.lang.Object, int, java.lang.Object)'> (0x00000000fff40e88) 
thrown [src/hotspot/share/interpreter/linkResolver.cpp, line 803]

VM Operations (20 events):
Event: 5.329 Executing non-safepoint VM operation: HandshakeAllThreads (Deoptimize)
Event: 5.329 Executing non-safepoint VM operation: HandshakeAllThreads (Deoptimize) done
Event: 5.650 Executing non-safepoint VM operation: HandshakeAllThreads (Deoptimize)
Event: 5.650 Executing non-safepoint VM operation: HandshakeAllThreads (Deoptimize) done
Event: 5.654 Executing non-safepoint VM operation: HandshakeAllThreads (Deoptimize)
Event: 5.654 Executing non-safepoint VM operation: HandshakeAllThreads (Deoptimize) done
Event: 5.656 Executing non-safepoint VM operation: HandshakeAllThreads (Deoptimize)
Event: 5.656 Executing non-safepoint VM operation: HandshakeAllThreads (Deoptimize) done
Event: 5.982 Executing non-safepoint VM operation: HandshakeAllThreads (Deoptimize)
Event: 5.982 Executing non-safepoint VM operation: HandshakeAllThreads (Deoptimize) done
Event: 17.308 Executing non-safepoint VM operation: HandshakeAllThreads (Deoptimize)
Event: 17.308 Executing non-safepoint VM operation: HandshakeAllThreads (Deoptimize) done
Event: 17.310 Executing non-safepoint VM operation: HandshakeAllThreads (Deoptimize)
Event: 17.310 Executing non-safepoint VM operation: HandshakeAllThreads (Deoptimize) done
Event: 17.320 Executing non-safepoint VM operation: HandshakeAllThreads (Deoptimize)
Event: 17.320 Executing non-safepoint VM operation: HandshakeAllThreads (Deoptimize) done
Event: 17.321 Executing non-safepoint VM operation: HandshakeAllThreads (Deoptimize)
Event: 17.321 Executing non-safepoint VM operation: HandshakeAllThreads (Deoptimize) done
Event: 17.495 Executing safepoint VM operation: G1CollectForAllocation (G1 Evacuation Pause)
Event: 17.499 Executing safepoint VM operation: G1CollectForAllocation (G1 Evacuation Pause) done

Memory protections (20 events):
Event: 4.587 Protecting memory [0x0000734b78104000,0x0000734b78108000] with protection modes 0
Event: 4.817 Protecting memory [0x0000734b78004000,0x0000734b78008000] with protection modes 0
Event: 5.084 Protecting memory [0x0000734b24aff000,0x0000734b24b03000] with protection modes 0
Event: 5.193 Protecting memory [0x0000734b249ff000,0x0000734b24a03000] with protection modes 0
Event: 5.204 Protecting memory [0x0000734b24700000,0x0000734b24704000] with protection modes 0
Event: 5.207 Protecting memory [0x0000734ae44fe000,0x0000734ae4502000] with protection modes 0
Event: 5.326 Protecting memory [0x0000734ae43fe000,0x0000734ae4402000] with protection modes 0
Event: 5.326 Protecting memory [0x0000734ae4100000,0x0000734ae4104000] with protection modes 0
Event: 5.653 Protecting memory [0x0000734ae3f00000,0x0000734ae3f04000] with protection modes 0
Event: 5.654 Protecting memory [0x0000734ae3d00000,0x0000734ae3d04000] with protection modes 0
Event: 5.710 Protecting memory [0x0000734ae3b00000,0x0000734ae3b04000] with protection modes 0
Event: 5.710 Protecting memory [0x0000734ae3900000,0x0000734ae3904000] with protection modes 0
Event: 5.711 Protecting memory [0x0000734ae06fa000,0x0000734ae06fe000] with protection modes 0
Event: 5.711 Protecting memory [0x0000734ae05fa000,0x0000734ae05fe000] with protection modes 0
Event: 5.988 Protecting memory [0x0000734ae0300000,0x0000734ae0304000] with protection modes 0
Event: 5.988 Protecting memory [0x0000734ae0100000,0x0000734ae0104000] with protection modes 0
Event: 15.682 Protecting memory [0x0000734ae3000000,0x0000734ae3004000] with protection modes 0
Event: 17.322 Protecting memory [0x0000734b780e2000,0x0000734b780e6000] with protection modes 0
Event: 17.820 Protecting memory [0x0000734b24aff000,0x0000734b24b03000] with protection modes 0
Event: 18.037 Protecting memory [0x0000734ae2b00000,0x0000734ae2b04000] with protection modes 0

Nmethod flushes (20 events):
Event: 5.256 Thread 0x0000734bfc0cec50 flushing  nmethod 0x0000734be4920508
Event: 5.256 Thread 0x0000734bfc0cec50 flushing  nmethod 0x0000734be4920888
Event: 5.256 Thread 0x0000734bfc0cec50 flushing  nmethod 0x0000734be4923208
Event: 5.256 Thread 0x0000734bfc0cec50 flushing  nmethod 0x0000734be4923c08
Event: 5.256 Thread 0x0000734bfc0cec50 flushing  nmethod 0x0000734be4924588
Event: 5.256 Thread 0x0000734bfc0cec50 flushing  nmethod 0x0000734be4975488
Event: 5.256 Thread 0x0000734bfc0cec50 flushing  nmethod 0x0000734be4985608
Event: 5.256 Thread 0x0000734bfc0cec50 flushing  nmethod 0x0000734be4987508
Event: 5.256 Thread 0x0000734bfc0cec50 flushing  nmethod 0x0000734be4989608
Event: 5.256 Thread 0x0000734bfc0cec50 flushing  nmethod 0x0000734be49cd108
Event: 5.256 Thread 0x0000734bfc0cec50 flushing  nmethod 0x0000734be4a0e788
Event: 5.256 Thread 0x0000734bfc0cec50 flushing  nmethod 0x0000734be4a0ec08
Event: 5.256 Thread 0x0000734bfc0cec50 flushing  nmethod 0x0000734be4a11508
Event: 5.256 Thread 0x0000734bfc0cec50 flushing  nmethod 0x0000734be4a11988
Event: 5.256 Thread 0x0000734bfc0cec50 flushing  nmethod 0x0000734be4a11e08
Event: 5.256 Thread 0x0000734bfc0cec50 flushing  nmethod 0x0000734be4a12108
Event: 5.256 Thread 0x0000734bfc0cec50 flushing  nmethod 0x0000734be4a14188
Event: 5.256 Thread 0x0000734bfc0cec50 flushing  nmethod 0x0000734be4ad0c08
Event: 5.256 Thread 0x0000734bfc0cec50 flushing  nmethod 0x0000734be4aec808
Event: 5.256 Thread 0x0000734bfc0cec50 flushing  nmethod 0x0000734be4b40c08

Events (20 events):
Event: 5.192 Thread 0x0000734b90399000 Thread added: 0x0000734b75018ab0
Event: 5.204 Thread 0x0000734b90399000 Thread added: 0x0000734b75034600
Event: 5.206 Thread 0x0000734b90399000 Thread added: 0x0000734b750369f0
Event: 5.325 Thread 0x0000734b75018ab0 Thread added: 0x0000734ac80050e0
Event: 5.326 Thread 0x0000734b75018ab0 Thread added: 0x0000734ac8006300
Event: 5.653 Thread 0x0000734b750369f0 Thread added: 0x0000734ac00400e0
Event: 5.654 Thread 0x0000734ac00400e0 Thread added: 0x0000734a88002cb0
Event: 5.710 Thread 0x0000734b90399000 Thread added: 0x0000734b7503e150
Event: 5.710 Thread 0x0000734b90399000 Thread added: 0x0000734b7503f160
Event: 5.711 Thread 0x0000734b90399000 Thread added: 0x0000734b75040650
Event: 5.711 Thread 0x0000734b90399000 Thread added: 0x0000734b75041ae0
Event: 5.988 Thread 0x0000734ac00400e0 Thread added: 0x0000734a88001630
Event: 5.988 Thread 0x0000734ac00400e0 Thread added: 0x0000734a88005660
Event: 6.246 Thread 0x0000734b9cc0aba0 Thread exited: 0x0000734b9cc0aba0
Event: 6.246 Thread 0x0000734b9cbc2a60 Thread exited: 0x0000734b9cbc2a60
Event: 15.682 Thread 0x0000734adc000c00 Thread added: 0x0000734adc000c00
Event: 15.682 Thread 0x0000734adc000c00 Thread exited: 0x0000734adc000c00
Event: 17.322 Thread 0x0000734b90399000 Thread added: 0x0000734b747f7160
Event: 17.820 Thread 0x0000734b90399000 Thread added: 0x0000734a4690b260
Event: 18.037 Thread 0x0000734b90399000 Thread added: 0x0000734a469541c0


Dynamic libraries:
61000000-61001000 ---p 00000000 00:00 0 
61001000-61d8d000 rw-p 00001000 08:03 3918                               /home/pi-dev/.jdks/temurin-25.0.2/lib/server/classes.jsa
61d8d000-62000000 ---p 00000000 00:00 0 
62000000-62030000 rw-p 00000000 00:00 0 
62030000-620f0000 rw-p 00000000 00:00 0 
620f0000-62170000 rw-p 00000000 00:00 0 
62170000-622b0000 rw-p 00000000 00:00 0 
622b0000-622f0000 rw-p 00000000 00:00 0 
622f0000-62330000 rw-p 00000000 00:00 0 
62330000-62370000 rw-p 00000000 00:00 0 
62370000-624b0000 rw-p 00000000 00:00 0 
624b0000-624f0000 rw-p 00000000 00:00 0 
624f0000-a2000000 ---p 00000000 00:00 0 
e0000000-e8200000 rw-p 00000000 00:00 0 
e8200000-ffa00000 ---p 00000000 00:00 0 
ffa00000-ffe00000 rw-p 00000000 00:00 0 
ffe00000-fff22000 rw-p 00dc0000 08:03 3918                               /home/pi-dev/.jdks/temurin-25.0.2/lib/server/classes.jsa
fff22000-100000000 rw-p 00000000 00:00 0 
63895b14f000-63895b150000 r--p 00000000 08:03 3561                       /home/pi-dev/.jdks/temurin-25.0.2/bin/java
63895b150000-63895b151000 r-xp 00001000 08:03 3561                       /home/pi-dev/.jdks/temurin-25.0.2/bin/java
63895b151000-63895b152000 r--p 00002000 08:03 3561                       /home/pi-dev/.jdks/temurin-25.0.2/bin/java
63895b152000-63895b153000 r--p 00002000 08:03 3561                       /home/pi-dev/.jdks/temurin-25.0.2/bin/java
63895b153000-63895b154000 rw-p 00003000 08:03 3561                       /home/pi-dev/.jdks/temurin-25.0.2/bin/java
6389741fe000-63897424c000 rw-p 00000000 00:00 0                          [heap]
733000000000-733000200000 rw-p 00000000 00:00 0 
733000200000-733000204000 rw-p 00000000 00:00 0 
733000204000-7330002fc000 rw-p 00000000 00:00 0 
7330002fc000-733000300000 rw-p 00000000 00:00 0 
733000300000-733800000000 rw-p 00000000 00:00 0 
733800000000-734000000000 ---p 00000000 00:00 0 
734000000000-734017000000 rw-p 00000000 00:00 0 
734017000000-734017004000 rw-p 00000000 00:00 0 
734017004000-7340170a4000 rw-p 00000000 00:00 0 
7340170a4000-7340170b0000 rw-p 00000000 00:00 0 
7340170b0000-7340170b8000 rw-p 00000000 00:00 0 
7340170b8000-7340170c4000 rw-p 00000000 00:00 0 
7340170c4000-7340170c8000 rw-p 00000000 00:00 0 
7340170c8000-734017105000 rw-p 00000000 00:00 0 
734017105000-7340171f5000 rw-p 00000000 00:00 0 
7340171f5000-7340171fa000 rw-p 00000000 00:00 0 
7340171fa000-7340171ff000 rw-p 00000000 00:00 0 
7340171ff000-734017200000 rw-p 00000000 00:00 0 
734017200000-734400000000 rw-p 00000000 00:00 0 
734900000000-734a00000000 rw-p 00000000 00:00 0 
734a3c000000-734a3d567000 rw-p 00000000 00:00 0 
734a3d567000-734a40000000 ---p 00000000 00:00 0 
734a44000000-734a47560000 rw-p 00000000 00:00 0 
734a47560000-734a48000000 ---p 00000000 00:00 0 
734a48000000-734a70000000 rw-p 00000000 00:00 0 
734a70000000-734a70021000 rw-p 00000000 00:00 0 
734a70021000-734a74000000 ---p 00000000 00:00 0 
734a75ffc000-734a75ffd000 ---p 00000000 00:00 0 
734a75ffd000-734a767fd000 rw-p 00000000 00:00 0 
734a78000000-734a78021000 rw-p 00000000 00:00 0 
734a78021000-734a7c000000 ---p 00000000 00:00 0 
734a7c000000-734a7c021000 rw-p 00000000 00:00 0 
734a7c021000-734a80000000 ---p 00000000 00:00 0 
734a80000000-734a80021000 rw-p 00000000 00:00 0 
734a80021000-734a84000000 ---p 00000000 00:00 0 
734a84000000-734a84064000 rw-p 00000000 00:00 0 
734a84064000-734a88000000 ---p 00000000 00:00 0 
734a88000000-734a88022000 rw-p 00000000 00:00 0 
734a88022000-734a8c000000 ---p 00000000 00:00 0 
734a8c000000-734a8c021000 rw-p 00000000 00:00 0 
734a8c021000-734a90000000 ---p 00000000 00:00 0 
734a90000000-734a90021000 rw-p 00000000 00:00 0 
734a90021000-734a94000000 ---p 00000000 00:00 0 
734a94000000-734a94021000 rw-p 00000000 00:00 0 
734a94021000-734a98000000 ---p 00000000 00:00 0 
734a98000000-734a98066000 rw-p 00000000 00:00 0 
734a98066000-734a9c000000 ---p 00000000 00:00 0 
734a9e400000-734a9fc9f000 r-xp 00000000 08:03 2497760                    /home/pi-dev/.cache/JNA/temp/jna8995436576350029927.tmp (deleted)
734a9fc9f000-734a9fe9e000 ---p 0189f000 08:03 2497760                    /home/pi-dev/.cache/JNA/temp/jna8995436576350029927.tmp (deleted)
734a9fe9e000-734a9feaf000 r--p 0189e000 08:03 2497760                    /home/pi-dev/.cache/JNA/temp/jna8995436576350029927.tmp (deleted)
734a9feaf000-734a9fec8000 rw-p 018af000 08:03 2497760                    /home/pi-dev/.cache/JNA/temp/jna8995436576350029927.tmp (deleted)
734a9fec8000-734a9fed3000 rw-p 00000000 00:00 0 
734aa0000000-734aa0021000 rw-p 00000000 00:00 0 
734aa0021000-734aa4000000 ---p 00000000 00:00 0 
734aa4000000-734aa4066000 rw-p 00000000 00:00 0 
734aa4066000-734aa8000000 ---p 00000000 00:00 0 
734aa8000000-734aaafea000 rw-p 00000000 00:00 0 
734aaafea000-734aac000000 ---p 00000000 00:00 0 
734aac000000-734aac064000 rw-p 00000000 00:00 0 
734aac064000-734ab0000000 ---p 00000000 00:00 0 
734ab11fe000-734ab11ff000 ---p 00000000 00:00 0 
734ab11ff000-734ab19ff000 rw-p 00000000 00:00 0 
734ab19ff000-734ab1a00000 ---p 00000000 00:00 0 
734ab1a00000-734ab2200000 rw-p 00000000 00:00 0 
734ab2200000-734ab2203000 rw-p 00000000 00:00 0 
734ab2203000-734ab2226000 rw-p 00000000 00:00 0 
734ab2226000-734ab2227000 rw-p 00000000 00:00 0 
734ab2227000-734ab2228000 rw-p 00000000 00:00 0 
734ab2228000-734ab222a000 rw-p 00000000 00:00 0 
734ab222a000-734ab222b000 rw-p 00000000 00:00 0 
734ab222b000-734ab223d000 rw-p 00000000 00:00 0 
734ab223d000-734ab2241000 rw-p 00000000 00:00 0 
734ab2241000-734ab2242000 rw-p 00000000 00:00 0 
734ab2242000-734ab2243000 rw-p 00000000 00:00 0 
734ab2243000-734ab2244000 rw-p 00000000 00:00 0 
734ab2244000-734ab2246000 rw-p 00000000 00:00 0 
734ab2246000-734ab2248000 rw-p 00000000 00:00 0 
734ab2248000-734ab2249000 rw-p 00000000 00:00 0 
734ab2249000-734ab2257000 rw-p 00000000 00:00 0 
734ab2257000-734ab2258000 rw-p 00000000 00:00 0 
734ab2258000-734ab226f000 rw-p 00000000 00:00 0 
734ab226f000-734ab2270000 rw-p 00000000 00:00 0 
734ab2270000-734ab2274000 rw-p 00000000 00:00 0 
734ab2274000-734ab2275000 rw-p 00000000 00:00 0 
734ab2275000-734ab2289000 rw-p 00000000 00:00 0 
734ab2289000-734ab228b000 rw-p 00000000 00:00 0 
734ab228b000-734ab2296000 rw-p 00000000 00:00 0 
734ab2296000-734ab229a000 rw-p 00000000 00:00 0 
734ab229a000-734ab229c000 rw-p 00000000 00:00 0 
734ab229c000-734ab22a2000 rw-p 00000000 00:00 0 
734ab22a2000-734ab22a4000 rw-p 00000000 00:00 0 
734ab22a4000-734ab22a6000 rw-p 00000000 00:00 0 
734ab22a6000-734ab22a8000 rw-p 00000000 00:00 0 
734ab22a8000-734ab22ac000 rw-p 00000000 00:00 0 
734ab22ac000-734ab22ad000 rw-p 00000000 00:00 0 
734ab22ad000-734ab22ae000 rw-p 00000000 00:00 0 
734ab22ae000-734ab22e3000 rw-p 00000000 00:00 0 
734ab22e3000-734ab22e4000 rw-p 00000000 00:00 0 
734ab22e4000-734ab2300000 rw-p 00000000 00:00 0 
734ab2400000-734ab2404000 rw-p 00000000 00:00 0 
734ab2404000-734ab24b8000 rw-p 00000000 00:00 0 
734ab24b8000-734ab24dc000 rw-p 00000000 00:00 0 
734ab24dc000-734ab24e4000 rw-p 00000000 00:00 0 
734ab24e4000-734ab24e8000 rw-p 00000000 00:00 0 
734ab24e8000-734ab24ec000 rw-p 00000000 00:00 0 
734ab24ec000-734ab24f4000 rw-p 00000000 00:00 0 
734ab24f4000-734ab24f8000 rw-p 00000000 00:00 0 
734ab24f8000-734ab2500000 rw-p 00000000 00:00 0 
734ab27fd000-734ab27fe000 ---p 00000000 00:00 0 
734ab27fe000-734ab2ffe000 rw-p 00000000 00:00 0 
734ab2ffe000-734ab2fff000 ---p 00000000 00:00 0 
734ab2fff000-734ab37ff000 rw-p 00000000 00:00 0 
734ab37ff000-734ab3800000 ---p 00000000 00:00 0 
734ab3800000-734ab4000000 rw-p 00000000 00:00 0 
734ab4000000-734ab405f000 rw-p 00000000 00:00 0 
734ab405f000-734ab8000000 ---p 00000000 00:00 0 
734ab8000000-734ab805c000 rw-p 00000000 00:00 0 
734ab805c000-734abc000000 ---p 00000000 00:00 0 
734abc000000-734abc055000 rw-p 00000000 00:00 0 
734abc055000-734ac0000000 ---p 00000000 00:00 0 
734ac0000000-734ac005a000 rw-p 00000000 00:00 0 
734ac005a000-734ac4000000 ---p 00000000 00:00 0 
734ac4000000-734ac4ef6000 rw-p 00000000 00:00 0 
734ac4ef6000-734ac8000000 ---p 00000000 00:00 0 
734ac8000000-734ac8025000 rw-p 00000000 00:00 0 
734ac8025000-734acc000000 ---p 00000000 00:00 0 
734acc000000-734acc021000 rw-p 00000000 00:00 0 
734acc021000-734ad0000000 ---p 00000000 00:00 0 
734ad0000000-734ad19fa000 rw-p 00000000 00:00 0 
734ad19fa000-734ad4000000 ---p 00000000 00:00 0 
734ad4000000-734ad4021000 rw-p 00000000 00:00 0 
734ad4021000-734ad8000000 ---p 00000000 00:00 0 
734ad8000000-734ad8021000 rw-p 00000000 00:00 0 
734ad8021000-734adc000000 ---p 00000000 00:00 0 
734adc000000-734adc021000 rw-p 00000000 00:00 0 
734adc021000-734ae0000000 ---p 00000000 00:00 0 
734ae0100000-734ae0104000 ---p 00000000 00:00 0 
734ae0104000-734ae0200000 rw-p 00000000 00:00 0 
734ae0200000-734ae0207000 rw-p 00000000 00:00 0 
734ae0207000-734ae02ee000 rw-p 00000000 00:00 0 
734ae02ee000-734ae02f5000 rw-p 00000000 00:00 0 
734ae02f5000-734ae02fc000 rw-p 00000000 00:00 0 
734ae02fc000-734ae0300000 rw-p 00000000 00:00 0 
734ae0300000-734ae0304000 ---p 00000000 00:00 0 
734ae0304000-734ae0400000 rw-p 00000000 00:00 0 
734ae0400000-734ae0408000 rw-p 00000000 00:00 0 
734ae0408000-734ae04e8000 rw-p 00000000 00:00 0 
734ae04e8000-734ae0500000 rw-p 00000000 00:00 0 
734ae05fa000-734ae05fe000 ---p 00000000 00:00 0 
734ae05fe000-734ae06fa000 rw-p 00000000 00:00 0 
734ae06fa000-734ae06fe000 ---p 00000000 00:00 0 
734ae06fe000-734ae07fa000 rw-p 00000000 00:00 0 
734ae07fa000-734ae07fb000 ---p 00000000 00:00 0 
734ae07fb000-734ae0ffb000 rw-p 00000000 00:00 0 
734ae0ffd000-734ae0ffe000 ---p 00000000 00:00 0 
734ae0ffe000-734ae17fe000 rw-p 00000000 00:00 0 
734ae17fe000-734ae17ff000 ---p 00000000 00:00 0 
734ae17ff000-734ae1fff000 rw-p 00000000 00:00 0 
734ae1fff000-734ae2000000 ---p 00000000 00:00 0 
734ae2000000-734ae2800000 rw-p 00000000 00:00 0 
734ae2800000-734ae289a000 r--p 00000000 08:03 2230288                    /usr/lib/x86_64-linux-gnu/libstdc++.so.6.0.30
734ae289a000-734ae29ab000 r-xp 0009a000 08:03 2230288                    /usr/lib/x86_64-linux-gnu/libstdc++.so.6.0.30
734ae29ab000-734ae2a1a000 r--p 001ab000 08:03 2230288                    /usr/lib/x86_64-linux-gnu/libstdc++.so.6.0.30
734ae2a1a000-734ae2a1b000 ---p 0021a000 08:03 2230288                    /usr/lib/x86_64-linux-gnu/libstdc++.so.6.0.30
734ae2a1b000-734ae2a26000 r--p 0021a000 08:03 2230288                    /usr/lib/x86_64-linux-gnu/libstdc++.so.6.0.30
734ae2a26000-734ae2a29000 rw-p 00225000 08:03 2230288                    /usr/lib/x86_64-linux-gnu/libstdc++.so.6.0.30
734ae2a29000-734ae2a2c000 rw-p 00000000 00:00 0 
734ae2b00000-734ae2b04000 ---p 00000000 00:00 0 
734ae2b04000-734ae2c00000 rw-p 00000000 00:00 0 
734ae2c00000-734ae2c19000 r-xp 00000000 08:03 2497759                    /home/pi-dev/.cache/JNA/temp/jna16765185532353568615.tmp (deleted)
734ae2c19000-734ae2e19000 ---p 00019000 08:03 2497759                    /home/pi-dev/.cache/JNA/temp/jna16765185532353568615.tmp (deleted)
734ae2e19000-734ae2e1a000 rw-p 00019000 08:03 2497759                    /home/pi-dev/.cache/JNA/temp/jna16765185532353568615.tmp (deleted)
734ae2efc000-734ae2f26000 r--p 00000000 08:03 2237803                    /usr/lib/x86_64-linux-gnu/libasound.so.2.0.0
734ae2f26000-734ae2fbd000 r-xp 0002a000 08:03 2237803                    /usr/lib/x86_64-linux-gnu/libasound.so.2.0.0
734ae2fbd000-734ae2ff7000 r--p 000c1000 08:03 2237803                    /usr/lib/x86_64-linux-gnu/libasound.so.2.0.0
734ae2ff7000-734ae2ffe000 r--p 000fa000 08:03 2237803                    /usr/lib/x86_64-linux-gnu/libasound.so.2.0.0
734ae2ffe000-734ae2fff000 rw-p 00101000 08:03 2237803                    /usr/lib/x86_64-linux-gnu/libasound.so.2.0.0
734ae2fff000-734ae3000000 ---p 00000000 00:00 0 
734ae3000000-734ae3004000 ---p 00000000 00:00 0 
734ae3004000-734ae3800000 rw-p 00000000 00:00 0 
734ae3800000-734ae3806000 rw-p 00000000 00:00 0 
734ae3806000-734ae38e4000 rw-p 00000000 00:00 0 
734ae38e4000-734ae3900000 rw-p 00000000 00:00 0 
734ae3900000-734ae3904000 ---p 00000000 00:00 0 
734ae3904000-734ae3a00000 rw-p 00000000 00:00 0 
734ae3a00000-734ae3a14000 rw-p 00000000 00:00 0 
734ae3a14000-734ae3a21000 rw-p 00000000 00:00 0 
734ae3a21000-734ae3a7e000 rw-p 00000000 00:00 0 
734ae3a7e000-734ae3a87000 rw-p 00000000 00:00 0 
734ae3a87000-734ae3a98000 rw-p 00000000 00:00 0 
734ae3a98000-734ae3abf000 rw-p 00000000 00:00 0 
734ae3abf000-734ae3acc000 rw-p 00000000 00:00 0 
734ae3acc000-734ae3b00000 rw-p 00000000 00:00 0 
734ae3b00000-734ae3b04000 ---p 00000000 00:00 0 
734ae3b04000-734ae3c00000 rw-p 00000000 00:00 0 
734ae3c00000-734ae3c04000 rw-p 00000000 00:00 0 
734ae3c04000-734ae3c08000 rw-p 00000000 00:00 0 
734ae3c08000-734ae3c1c000 rw-p 00000000 00:00 0 
734ae3c1c000-734ae3c20000 rw-p 00000000 00:00 0 
734ae3c20000-734ae3ca8000 rw-p 00000000 00:00 0 
734ae3ca8000-734ae3cac000 rw-p 00000000 00:00 0 
734ae3cac000-734ae3d00000 rw-p 00000000 00:00 0 
734ae3d00000-734ae3d04000 ---p 00000000 00:00 0 
734ae3d04000-734ae3e00000 rw-p 00000000 00:00 0 
734ae3e00000-734ae3e2e000 rw-p 00000000 00:00 0 
734ae3e2e000-734ae3e2f000 rw-p 00000000 00:00 0 
734ae3e2f000-734ae3e37000 rw-p 00000000 00:00 0 
734ae3e37000-734ae3e38000 rw-p 00000000 00:00 0 
734ae3e38000-734ae3e3a000 rw-p 00000000 00:00 0 
734ae3e3a000-734ae3e3b000 rw-p 00000000 00:00 0 
734ae3e3b000-734ae3e4b000 rw-p 00000000 00:00 0 
734ae3e4b000-734ae3e4c000 rw-p 00000000 00:00 0 
734ae3e4c000-734ae3e56000 rw-p 00000000 00:00 0 
734ae3e56000-734ae3e57000 rw-p 00000000 00:00 0 
734ae3e57000-734ae3e59000 rw-p 00000000 00:00 0 
734ae3e59000-734ae3e5a000 rw-p 00000000 00:00 0 
734ae3e5a000-734ae3e92000 rw-p 00000000 00:00 0 
734ae3e92000-734ae3e93000 rw-p 00000000 00:00 0 
734ae3e93000-734ae3e96000 rw-p 00000000 00:00 0 
734ae3e96000-734ae3e98000 rw-p 00000000 00:00 0 
734ae3e98000-734ae3e9a000 rw-p 00000000 00:00 0 
734ae3e9a000-734ae3e9b000 rw-p 00000000 00:00 0 
734ae3e9b000-734ae3e9e000 rw-p 00000000 00:00 0 
734ae3e9e000-734ae3ea0000 rw-p 00000000 00:00 0 
734ae3ea0000-734ae3ea3000 rw-p 00000000 00:00 0 
734ae3ea3000-734ae3ea4000 rw-p 00000000 00:00 0 
734ae3ea4000-734ae3ea5000 rw-p 00000000 00:00 0 
734ae3ea5000-734ae3ea8000 rw-p 00000000 00:00 0 
734ae3ea8000-734ae3ecf000 rw-p 00000000 00:00 0 
734ae3ecf000-734ae3ed0000 rw-p 00000000 00:00 0 
734ae3ed0000-734ae3ee6000 rw-p 00000000 00:00 0 
734ae3ee6000-734ae3ee8000 rw-p 00000000 00:00 0 
734ae3ee8000-734ae3eee000 rw-p 00000000 00:00 0 
734ae3eee000-734ae3ef9000 rw-p 00000000 00:00 0 
734ae3ef9000-734ae3efb000 rw-p 00000000 00:00 0 
734ae3efb000-734ae3f00000 rw-p 00000000 00:00 0 
734ae3f00000-734ae3f04000 ---p 00000000 00:00 0 
734ae3f04000-734ae4000000 rw-p 00000000 00:00 0 
734ae4000000-734ae4005000 rw-p 00000000 00:00 0 
734ae4005000-734ae40b4000 rw-p 00000000 00:00 0 
734ae40b4000-734ae40b9000 rw-p 00000000 00:00 0 
734ae40b9000-734ae40be000 rw-p 00000000 00:00 0 
734ae40be000-734ae40cd000 rw-p 00000000 00:00 0 
734ae40cd000-734ae40d2000 rw-p 00000000 00:00 0 
734ae40d2000-734ae40dc000 rw-p 00000000 00:00 0 
734ae40dc000-734ae40e1000 rw-p 00000000 00:00 0 
734ae40e1000-734ae4100000 rw-p 00000000 00:00 0 
734ae4100000-734ae4104000 ---p 00000000 00:00 0 
734ae4104000-734ae4200000 rw-p 00000000 00:00 0 
734ae4200000-734ae4204000 rw-p 00000000 00:00 0 
734ae4204000-734ae4276000 rw-p 00000000 00:00 0 
734ae4276000-734ae427a000 rw-p 00000000 00:00 0 
734ae427a000-734ae427c000 rw-p 00000000 00:00 0 
734ae427c000-734ae4280000 rw-p 00000000 00:00 0 
734ae4280000-734ae4282000 rw-p 00000000 00:00 0 
734ae4282000-734ae4288000 rw-p 00000000 00:00 0 
734ae4288000-734ae428a000 rw-p 00000000 00:00 0 
734ae428a000-734ae4290000 rw-p 00000000 00:00 0 
734ae4290000-734ae4294000 rw-p 00000000 00:00 0 
734ae4294000-734ae4298000 rw-p 00000000 00:00 0 
734ae4298000-734ae42e2000 rw-p 00000000 00:00 0 
734ae42e2000-734ae42ea000 rw-p 00000000 00:00 0 
734ae42ea000-734ae42ee000 rw-p 00000000 00:00 0 
734ae42ee000-734ae4300000 rw-p 00000000 00:00 0 
734ae43fe000-734ae4402000 ---p 00000000 00:00 0 
734ae4402000-734ae44fe000 rw-p 00000000 00:00 0 
734ae44fe000-734ae4502000 ---p 00000000 00:00 0 
734ae4502000-734ae45fe000 rw-p 00000000 00:00 0 
734ae45fe000-734b24600000 rwxp 00000000 00:00 0 
734b24600000-734b24700000 rw-p 00000000 00:00 0 
734b24700000-734b24704000 ---p 00000000 00:00 0 
734b24704000-734b24800000 rw-p 00000000 00:00 0 
734b24800000-734b24803000 rw-p 00000000 00:00 0 
734b24803000-734b248ba000 rw-p 00000000 00:00 0 
734b248ba000-734b248c0000 rw-p 00000000 00:00 0 
734b248c0000-734b248c3000 rw-p 00000000 00:00 0 
734b248c3000-734b248c6000 rw-p 00000000 00:00 0 
734b248c6000-734b248cf000 rw-p 00000000 00:00 0 
734b248cf000-734b248e7000 rw-p 00000000 00:00 0 
734b248e7000-734b248ed000 rw-p 00000000 00:00 0 
734b248ed000-734b24900000 rw-p 00000000 00:00 0 
734b249ff000-734b24a03000 ---p 00000000 00:00 0 
734b24a03000-734b24aff000 rw-p 00000000 00:00 0 
734b24aff000-734b24b03000 ---p 00000000 00:00 0 
734b24b03000-734b24bff000 rw-p 00000000 00:00 0 
734b24bff000-734b24c00000 ---p 00000000 00:00 0 
734b24c00000-734b25400000 rw-p 00000000 00:00 0 
734b25400000-734b2bc89000 r-xp 00000000 08:03 2341                       /home/pi-dev/.openjfx/cache/21.0.6+3/amd64/libjfxwebkit.so
734b2bc89000-734b2bc8a000 ---p 06889000 08:03 2341                       /home/pi-dev/.openjfx/cache/21.0.6+3/amd64/libjfxwebkit.so
734b2bc8a000-734b2bedf000 r--p 06889000 08:03 2341                       /home/pi-dev/.openjfx/cache/21.0.6+3/amd64/libjfxwebkit.so
734b2bedf000-734b2befc000 rw-p 06ade000 08:03 2341                       /home/pi-dev/.openjfx/cache/21.0.6+3/amd64/libjfxwebkit.so
734b2befc000-734b2bf28000 rw-p 00000000 00:00 0 
734b2bf28000-734b2bf2c000 r--p 00000000 00:00 0 
734b2bf2c000-734b2bf34000 rw-p 00000000 00:00 0 
734b2bf3c000-734b2bf40000 rw-p 00000000 00:00 0 
734b2bf44000-734b2bf48000 rw-p 00000000 00:00 0 
734b2bf4c000-734b2bf50000 rw-p 00000000 00:00 0 
734b2bf68000-734b2bf6c000 rw-p 00000000 00:00 0 
734b2bf70000-734b2bf74000 rw-p 00000000 00:00 0 
734b2bf78000-734b2bf7c000 rw-p 00000000 00:00 0 
734b2bf80000-734b2bf84000 rw-p 00000000 00:00 0 
734b2bf88000-734b2bf8c000 rw-p 00000000 00:00 0 
734b2bf90000-734b2bf94000 rw-p 00000000 00:00 0 
734b2bf95000-734b2bf96000 r--p 00000000 08:03 2256919                    /usr/lib/x86_64-linux-gnu/libnss_mdns4_minimal.so.2
734b2bf96000-734b2bf98000 r-xp 00001000 08:03 2256919                    /usr/lib/x86_64-linux-gnu/libnss_mdns4_minimal.so.2
734b2bf98000-734b2bf99000 r--p 00003000 08:03 2256919                    /usr/lib/x86_64-linux-gnu/libnss_mdns4_minimal.so.2
734b2bf99000-734b2bf9a000 r--p 00003000 08:03 2256919                    /usr/lib/x86_64-linux-gnu/libnss_mdns4_minimal.so.2
734b2bf9a000-734b2bf9b000 rw-p 00004000 08:03 2256919                    /usr/lib/x86_64-linux-gnu/libnss_mdns4_minimal.so.2
734b2bf9b000-734b2bfa0000 rw-p 00000000 00:00 0 
734b2bfed000-734b2bffc000 rw-p 00000000 00:00 0 
734b2c000000-734b2c021000 rw-p 00000000 00:00 0 
734b2c021000-734b30000000 ---p 00000000 00:00 0 
734b30000000-734b30021000 rw-p 00000000 00:00 0 
734b30021000-734b34000000 ---p 00000000 00:00 0 
734b34000000-734b38000000 rw-s 00000000 00:01 36                         /SYSV00000000 (deleted)
734b38000000-734b3c000000 rw-s 00000000 00:01 4135                       /memfd:pulseaudio (deleted)
734b3c000000-734b40000000 rw-s 00000000 00:01 4101                       /memfd:pulseaudio (deleted)
734b40000000-734b44000000 rw-s 00000000 00:01 6179                       /memfd:pulseaudio (deleted)
734b44000000-734b48000000 rw-s 00000000 00:01 6179                       /memfd:pulseaudio (deleted)
734b48000000-734b48021000 rw-p 00000000 00:00 0 
734b48021000-734b4c000000 ---p 00000000 00:00 0 
734b4c000000-734b4c021000 rw-p 00000000 00:00 0 
734b4c021000-734b50000000 ---p 00000000 00:00 0 
734b50000000-734b50021000 rw-p 00000000 00:00 0 
734b50021000-734b54000000 ---p 00000000 00:00 0 
734b54000000-734b54021000 rw-p 00000000 00:00 0 
734b54021000-734b58000000 ---p 00000000 00:00 0 
734b58000000-734b58021000 rw-p 00000000 00:00 0 
734b58021000-734b5c000000 ---p 00000000 00:00 0 
734b5c000000-734b5c021000 rw-p 00000000 00:00 0 
734b5c021000-734b60000000 ---p 00000000 00:00 0 
734b60000000-734b60021000 rw-p 00000000 00:00 0 
734b60021000-734b64000000 ---p 00000000 00:00 0 
734b64000000-734b64021000 rw-p 00000000 00:00 0 
734b64021000-734b68000000 ---p 00000000 00:00 0 
734b68000000-734b6901c000 rw-p 00000000 00:00 0 
734b6901c000-734b6c000000 ---p 00000000 00:00 0 
734b6c000000-734b6c022000 rw-p 00000000 00:00 0 
734b6c022000-734b70000000 ---p 00000000 00:00 0 
734b70000000-734b70021000 rw-p 00000000 00:00 0 
734b70021000-734b74000000 ---p 00000000 00:00 0 
734b74000000-734b77bf1000 rw-p 00000000 00:00 0 
734b77bf1000-734b78000000 ---p 00000000 00:00 0 
734b78048000-734b780a0000 rw-p 00000000 00:00 0 
734b780a0000-734b780a5000 r--p 00000000 08:03 3896                       /home/pi-dev/.jdks/temurin-25.0.2/lib/libjsound.so
734b780a5000-734b780ad000 r-xp 00005000 08:03 3896                       /home/pi-dev/.jdks/temurin-25.0.2/lib/libjsound.so
734b780ad000-734b780b0000 r--p 0000d000 08:03 3896                       /home/pi-dev/.jdks/temurin-25.0.2/lib/libjsound.so
734b780b0000-734b780b1000 r--p 0000f000 08:03 3896                       /home/pi-dev/.jdks/temurin-25.0.2/lib/libjsound.so
734b780b1000-734b780b2000 rw-p 00010000 08:03 3896                       /home/pi-dev/.jdks/temurin-25.0.2/lib/libjsound.so
734b780b2000-734b780b5000 r--p 00000000 08:03 2230292                    /usr/lib/x86_64-linux-gnu/libgcc_s.so.1
734b780b5000-734b780cc000 r-xp 00003000 08:03 2230292                    /usr/lib/x86_64-linux-gnu/libgcc_s.so.1
734b780cc000-734b780d0000 r--p 0001a000 08:03 2230292                    /usr/lib/x86_64-linux-gnu/libgcc_s.so.1
734b780d0000-734b780d1000 r--p 0001d000 08:03 2230292                    /usr/lib/x86_64-linux-gnu/libgcc_s.so.1
734b780d1000-734b780d2000 rw-p 0001e000 08:03 2230292                    /usr/lib/x86_64-linux-gnu/libgcc_s.so.1
734b780d9000-734b780db000 r--p 00000000 08:03 2257686                    /usr/lib/x86_64-linux-gnu/alsa-lib/libasound_module_pcm_pulse.so
734b780db000-734b780de000 r-xp 00002000 08:03 2257686                    /usr/lib/x86_64-linux-gnu/alsa-lib/libasound_module_pcm_pulse.so
734b780de000-734b780df000 r--p 00005000 08:03 2257686                    /usr/lib/x86_64-linux-gnu/alsa-lib/libasound_module_pcm_pulse.so
734b780df000-734b780e0000 ---p 00006000 08:03 2257686                    /usr/lib/x86_64-linux-gnu/alsa-lib/libasound_module_pcm_pulse.so
734b780e0000-734b780e1000 r--p 00006000 08:03 2257686                    /usr/lib/x86_64-linux-gnu/alsa-lib/libasound_module_pcm_pulse.so
734b780e1000-734b780e2000 rw-p 00007000 08:03 2257686                    /usr/lib/x86_64-linux-gnu/alsa-lib/libasound_module_pcm_pulse.so
734b780e2000-734b780e6000 ---p 00000000 00:00 0 
734b780e6000-734b78104000 rw-p 00000000 00:00 0 
734b78104000-734b78108000 ---p 00000000 00:00 0 
734b78108000-734b78204000 rw-p 00000000 00:00 0 
734b78204000-734b78208000 ---p 00000000 00:00 0 
734b78208000-734b78304000 rw-p 00000000 00:00 0 
734b78304000-734b78308000 rw-p 00000000 00:00 0 
734b78309000-734b78324000 rw-p 00000000 00:00 0 
734b78324000-734b78325000 ---p 00000000 00:00 0 
734b78325000-734b78425000 rw-p 00000000 00:00 0 
734b78425000-734b78435000 r-xp 00000000 08:03 10782                      /home/pi-dev/.openjfx/cache/21.0.6+3/amd64/libdecora_sse.so
734b78435000-734b78436000 r--p 0000f000 08:03 10782                      /home/pi-dev/.openjfx/cache/21.0.6+3/amd64/libdecora_sse.so
734b78436000-734b78437000 rw-p 00010000 08:03 10782                      /home/pi-dev/.openjfx/cache/21.0.6+3/amd64/libdecora_sse.so
734b78437000-734b7843b000 ---p 00000000 00:00 0 
734b7843b000-734b78537000 rw-p 00000000 00:00 0 
734b78537000-734b7853a000 r--p 00000000 08:03 2256941                    /usr/lib/x86_64-linux-gnu/libopus.so.0.8.0
734b7853a000-734b78580000 r-xp 00003000 08:03 2256941                    /usr/lib/x86_64-linux-gnu/libopus.so.0.8.0
734b78580000-734b78592000 r--p 00049000 08:03 2256941                    /usr/lib/x86_64-linux-gnu/libopus.so.0.8.0
734b78592000-734b78593000 ---p 0005b000 08:03 2256941                    /usr/lib/x86_64-linux-gnu/libopus.so.0.8.0
734b78593000-734b78594000 r--p 0005b000 08:03 2256941                    /usr/lib/x86_64-linux-gnu/libopus.so.0.8.0
734b78594000-734b78595000 rw-p 0005c000 08:03 2256941                    /usr/lib/x86_64-linux-gnu/libopus.so.0.8.0
734b78595000-734b785a9000 r--p 00000000 08:03 2257358                    /usr/lib/x86_64-linux-gnu/libvorbisenc.so.2.0.12
734b785a9000-734b785ac000 r-xp 00014000 08:03 2257358                    /usr/lib/x86_64-linux-gnu/libvorbisenc.so.2.0.12
734b785ac000-734b78623000 r--p 00017000 08:03 2257358                    /usr/lib/x86_64-linux-gnu/libvorbisenc.so.2.0.12
734b78623000-734b7863f000 r--p 0008d000 08:03 2257358                    /usr/lib/x86_64-linux-gnu/libvorbisenc.so.2.0.12
734b7863f000-734b78640000 rw-p 000a9000 08:03 2257358                    /usr/lib/x86_64-linux-gnu/libvorbisenc.so.2.0.12
734b78640000-734b78648000 r--p 00000000 08:03 2255804                    /usr/lib/x86_64-linux-gnu/libFLAC.so.8.3.0
734b78648000-734b78671000 r-xp 00008000 08:03 2255804                    /usr/lib/x86_64-linux-gnu/libFLAC.so.8.3.0
734b78671000-734b7867a000 r--p 00031000 08:03 2255804                    /usr/lib/x86_64-linux-gnu/libFLAC.so.8.3.0
734b7867a000-734b7867b000 r--p 00039000 08:03 2255804                    /usr/lib/x86_64-linux-gnu/libFLAC.so.8.3.0
734b7867b000-734b7867c000 rw-p 0003a000 08:03 2255804                    /usr/lib/x86_64-linux-gnu/libFLAC.so.8.3.0
734b7867c000-734b78683000 r--p 00000000 08:03 2236764                    /usr/lib/x86_64-linux-gnu/libsndfile.so.1.0.31
734b78683000-734b786d9000 r-xp 00007000 08:03 2236764                    /usr/lib/x86_64-linux-gnu/libsndfile.so.1.0.31
734b786d9000-734b786f5000 r--p 0005d000 08:03 2236764                    /usr/lib/x86_64-linux-gnu/libsndfile.so.1.0.31
734b786f5000-734b786f8000 r--p 00078000 08:03 2236764                    /usr/lib/x86_64-linux-gnu/libsndfile.so.1.0.31
734b786f8000-734b786f9000 rw-p 0007b000 08:03 2236764                    /usr/lib/x86_64-linux-gnu/libsndfile.so.1.0.31
734b786f9000-734b786fb000 rw-p 00000000 00:00 0 
734b786fb000-734b7870d000 r--p 00000000 08:03 2261045                    /usr/lib/x86_64-linux-gnu/pulseaudio/libpulsecommon-15.99.so
734b7870d000-734b78756000 r-xp 00012000 08:03 2261045                    /usr/lib/x86_64-linux-gnu/pulseaudio/libpulsecommon-15.99.so
734b78756000-734b7877d000 r--p 0005b000 08:03 2261045                    /usr/lib/x86_64-linux-gnu/pulseaudio/libpulsecommon-15.99.so
734b7877d000-734b7877f000 r--p 00081000 08:03 2261045                    /usr/lib/x86_64-linux-gnu/pulseaudio/libpulsecommon-15.99.so
734b7877f000-734b78780000 rw-p 00083000 08:03 2261045                    /usr/lib/x86_64-linux-gnu/pulseaudio/libpulsecommon-15.99.so
734b78780000-734b78800000 r--p 00000000 08:03 2371393                    /usr/share/fonts/truetype/noto/NotoSansMono-Bold.ttf
734b78800000-734b79279000 r--p 00000000 08:03 2371391                    /usr/share/fonts/truetype/noto/NotoColorEmoji.ttf
734b79279000-734b7927c000 r--p 00000000 08:03 2229174                    /usr/lib/x86_64-linux-gnu/libapparmor.so.1.8.2
734b7927c000-734b79285000 r-xp 00003000 08:03 2229174                    /usr/lib/x86_64-linux-gnu/libapparmor.so.1.8.2
734b79285000-734b7928c000 r--p 0000c000 08:03 2229174                    /usr/lib/x86_64-linux-gnu/libapparmor.so.1.8.2
734b7928c000-734b7928d000 r--p 00012000 08:03 2229174                    /usr/lib/x86_64-linux-gnu/libapparmor.so.1.8.2
734b7928d000-734b7928e000 rw-p 00013000 08:03 2229174                    /usr/lib/x86_64-linux-gnu/libapparmor.so.1.8.2
734b7928e000-734b7929a000 r--p 00000000 08:03 2257065                    /usr/lib/x86_64-linux-gnu/libpulse.so.0.24.1
734b7929a000-734b792ca000 r-xp 0000c000 08:03 2257065                    /usr/lib/x86_64-linux-gnu/libpulse.so.0.24.1
734b792ca000-734b792e0000 r--p 0003c000 08:03 2257065                    /usr/lib/x86_64-linux-gnu/libpulse.so.0.24.1
734b792e0000-734b792e2000 r--p 00051000 08:03 2257065                    /usr/lib/x86_64-linux-gnu/libpulse.so.0.24.1
734b792e2000-734b792e3000 rw-p 00053000 08:03 2257065                    /usr/lib/x86_64-linux-gnu/libpulse.so.0.24.1
734b792e3000-734b7932f000 r--p 00000000 08:03 2371343                    /usr/share/fonts/truetype/liberation2/LiberationMono-Bold.ttf
734b7932f000-734b79386000 r--p 00000000 08:03 2371245                    /usr/share/fonts/truetype/dejavu/DejaVuSerif-Bold.ttf
734b79386000-734b79400000 r--p 00000000 08:03 2371396                    /usr/share/fonts/truetype/padauk/Padauk-Bold.ttf
734b79400000-734b796f0000 r--p 00000000 08:03 2371257                    /usr/share/fonts/truetype/fonts-deva-extra/chandas1-2.ttf
734b796f0000-734b796f3000 rw-p 00000000 00:00 0 
734b796f3000-734b796f4000 rwxp 00000000 00:00 0 
734b796f4000-734b796f6000 rw-p 00000000 00:00 0 
734b796f6000-734b7971d000 r--p 00000000 08:03 2371271                    /usr/share/fonts/truetype/fonts-orya-extra/utkal.ttf
734b7971d000-734b79800000 r--p 00000000 08:03 2371301                    /usr/share/fonts/truetype/freefont/FreeSerifBold.ttf
734b79800000-734b79c4e000 r--p 00000000 08:03 2371432                    /usr/share/fonts/truetype/tibetan-machine/TibetanMachineUni.ttf
734b79c4e000-734b79c52000 rw-p 00000000 00:00 0 
734b79c52000-734b79c54000 r--p 00000000 08:03 2256045                    /usr/lib/x86_64-linux-gnu/libasyncns.so.0.3.1
734b79c54000-734b79c57000 r-xp 00002000 08:03 2256045                    /usr/lib/x86_64-linux-gnu/libasyncns.so.0.3.1
734b79c57000-734b79c58000 r--p 00005000 08:03 2256045                    /usr/lib/x86_64-linux-gnu/libasyncns.so.0.3.1
734b79c58000-734b79c59000 r--p 00005000 08:03 2256045                    /usr/lib/x86_64-linux-gnu/libasyncns.so.0.3.1
734b79c59000-734b79c5a000 rw-p 00006000 08:03 2256045                    /usr/lib/x86_64-linux-gnu/libasyncns.so.0.3.1
734b79c5a000-734b79c5e000 rw-p 00000000 00:00 0 
734b79c5e000-734b79c6a000 r--p 00000000 08:03 669265                     /usr/share/locale-langpack/fr/LC_MESSAGES/pulseaudio.mo
734b79c6a000-734b79c6c000 r--p 00000000 08:03 2259383                    /usr/lib/x86_64-linux-gnu/libcanberra-0.30/libcanberra-pulse.so
734b79c6c000-734b79c70000 r-xp 00002000 08:03 2259383                    /usr/lib/x86_64-linux-gnu/libcanberra-0.30/libcanberra-pulse.so
734b79c70000-734b79c71000 r--p 00006000 08:03 2259383                    /usr/lib/x86_64-linux-gnu/libcanberra-0.30/libcanberra-pulse.so
734b79c71000-734b79c72000 ---p 00007000 08:03 2259383                    /usr/lib/x86_64-linux-gnu/libcanberra-0.30/libcanberra-pulse.so
734b79c72000-734b79c73000 r--p 00007000 08:03 2259383                    /usr/lib/x86_64-linux-gnu/libcanberra-0.30/libcanberra-pulse.so
734b79c73000-734b79c74000 rw-p 00008000 08:03 2259383                    /usr/lib/x86_64-linux-gnu/libcanberra-0.30/libcanberra-pulse.so
734b79c74000-734b79cc6000 r--p 00000000 08:03 2371243                    /usr/share/fonts/truetype/dejavu/DejaVuSansMono-Bold.ttf
734b79cc6000-734b79d08000 r--p 00000000 08:03 2371297                    /usr/share/fonts/truetype/freefont/FreeSansBold.ttf
734b79d08000-734b79d1d000 r--p 00000000 08:03 2371263                    /usr/share/fonts/truetype/fonts-gujr-extra/padmaa-Bold.1.1.ttf
734b79d1d000-734b79d4c000 r--p 00000000 08:03 2371401                    /usr/share/fonts/truetype/pagul/Pagul.ttf
734b79d4c000-734b79dc9000 r--p 00000000 08:03 2371394                    /usr/share/fonts/truetype/noto/NotoSansMono-Regular.ttf
734b79dc9000-734b79e1a000 r--p 00000000 08:03 2371237                    /usr/share/fonts/truetype/abyssinica/AbyssinicaSIL-Regular.ttf
734b79e1a000-734b79e77000 r--p 00000000 08:03 2371246                    /usr/share/fonts/truetype/dejavu/DejaVuSerif.ttf
734b79e77000-734b79ef1000 r--p 00000000 08:03 2371397                    /usr/share/fonts/truetype/padauk/Padauk-Regular.ttf
734b79ef1000-734b7a0db000 r--p 00000000 08:03 2371300                    /usr/share/fonts/truetype/freefont/FreeSerif.ttf
734b7a0db000-734b7a133000 r--p 00000000 08:03 2371292                    /usr/share/fonts/truetype/freefont/FreeMono.ttf
734b7a133000-734b7a200000 r--p 00000000 08:03 2371296                    /usr/share/fonts/truetype/freefont/FreeSans.ttf
734b7a200000-734b7a5d9000 r--p 00000000 08:03 2371248                    /usr/share/fonts/truetype/droid/DroidSansFallbackFull.ttf
734b7a5d9000-734b7a5da000 r--p 00000000 08:03 2255836                    /usr/lib/x86_64-linux-gnu/libX11-xcb.so.1.0.0
734b7a5da000-734b7a5db000 r-xp 00001000 08:03 2255836                    /usr/lib/x86_64-linux-gnu/libX11-xcb.so.1.0.0
734b7a5db000-734b7a5dc000 r--p 00002000 08:03 2255836                    /usr/lib/x86_64-linux-gnu/libX11-xcb.so.1.0.0
734b7a5dc000-734b7a5dd000 r--p 00002000 08:03 2255836                    /usr/lib/x86_64-linux-gnu/libX11-xcb.so.1.0.0
734b7a5dd000-734b7a5de000 rw-p 00003000 08:03 2255836                    /usr/lib/x86_64-linux-gnu/libX11-xcb.so.1.0.0
734b7a5de000-734b7a5f3000 r--p 00000000 08:03 2371448                    /usr/share/fonts/truetype/tlwg/Loma-Bold.ttf
734b7a5f3000-734b7a626000 r--p 00000000 08:03 2363876                    /usr/share/fonts/truetype/libreoffice/opens___.ttf
734b7a626000-734b7a671000 r--p 00000000 08:03 2371409                    /usr/share/fonts/truetype/sinhala/lklug.ttf
734b7a671000-734b7a6c5000 r--p 00000000 08:03 2371378                    /usr/share/fonts/truetype/lohit-telugu/Lohit-Telugu.ttf
734b7a6c5000-734b7a6c6000 ---p 00000000 00:00 0 
734b7a6c6000-734b7aec6000 rw-p 00000000 00:00 0 
734b7aec6000-734b7aed1000 r--s 00000000 08:03 567934                     /var/cache/fontconfig/8ab0d672-942b-4957-8da7-1ec88ef6891e-le64.cache-7
734b7aed1000-734b7aed7000 r--s 00000000 08:03 567923                     /var/cache/fontconfig/670f5b90-3c15-47a9-8702-3752b0855b43-le64.cache-7
734b7aed7000-734b7aed8000 r--s 00000000 08:03 567962                     /var/cache/fontconfig/f8c8e58c-bbe9-4085-bda6-65f142f945be-le64.cache-7
734b7aed8000-734b7aedb000 rw-p 00000000 00:00 0 
734b7aedb000-734b7af0c000 r--p 00000000 08:03 2371366                    /usr/share/fonts/truetype/lohit-kannada/Lohit-Kannada.ttf
734b7af0c000-734b7af57000 r--p 00000000 08:03 2371384                    /usr/share/fonts/truetype/malayalam/Meera-Regular.ttf
734b7af57000-734b7af63000 r--p 00000000 08:03 2371374                    /usr/share/fonts/truetype/lohit-tamil/Lohit-Tamil.ttf
734b7af63000-734b7af84000 r--p 00000000 08:03 2371360                    /usr/share/fonts/truetype/lohit-bengali/Lohit-Bengali.ttf
734b7af84000-734b7af91000 r--p 00000000 08:03 2371264                    /usr/share/fonts/truetype/fonts-gujr-extra/padmaa-Medium-0.5.ttf
734b7af91000-734b7afd2000 r--p 00000000 08:03 2371493                    /usr/share/fonts/truetype/ttf-khmeros-core/KhmerOS.ttf
734b7afd2000-734b7aff8000 r--p 00000000 08:03 2371362                    /usr/share/fonts/truetype/lohit-devanagari/Lohit-Devanagari.ttf
734b7aff8000-734b7b00d000 r--p 00000000 08:03 2371451                    /usr/share/fonts/truetype/tlwg/Loma.ttf
734b7b00d000-734b7b00e000 ---p 00000000 00:00 0 
734b7b00e000-734b7b10e000 rw-p 00000000 00:00 0 
734b7b10e000-734b7b10f000 ---p 00000000 00:00 0 
734b7b10f000-734b7b20f000 rw-p 00000000 00:00 0 
734b7b20f000-734b7b2bc000 r--p 00000000 08:03 2371241                    /usr/share/fonts/truetype/dejavu/DejaVuSans-Bold.ttf
734b7b2bc000-734b7b2de000 r-xp 00000000 08:03 2343                       /home/pi-dev/.openjfx/cache/21.0.6+3/amd64/libjavafx_iio.so
734b7b2de000-734b7b2df000 r--p 00021000 08:03 2343                       /home/pi-dev/.openjfx/cache/21.0.6+3/amd64/libjavafx_iio.so
734b7b2df000-734b7b2e0000 rw-p 00022000 08:03 2343                       /home/pi-dev/.openjfx/cache/21.0.6+3/amd64/libjavafx_iio.so
734b7b2e0000-734b7b2e4000 ---p 00000000 00:00 0 
734b7b2e4000-734b7b3e0000 rw-p 00000000 00:00 0 
734b7b3e0000-734b7b499000 r--p 00000000 08:03 2371242                    /usr/share/fonts/truetype/dejavu/DejaVuSans.ttf
734b7b499000-734b7b49a000 r--p 00000000 08:03 2106198                    /tmp/+JXF152390077145132529.tmp
734b7b49a000-734b7b4cc000 r--p 00000000 08:03 2106197                    /tmp/+JXF17752728016768030935.tmp
734b7b4cc000-734b7b4d5000 r--p 00000000 08:03 2106196                    /tmp/+JXF18250673423026830129.tmp
734b7b4d5000-734b7b4d9000 r-xp 00000000 08:03 10781                      /home/pi-dev/.openjfx/cache/21.0.6+3/amd64/libjavafx_font_pango.so
734b7b4d9000-734b7b4da000 r--p 00003000 08:03 10781                      /home/pi-dev/.openjfx/cache/21.0.6+3/amd64/libjavafx_font_pango.so
734b7b4da000-734b7b4db000 rw-p 00004000 08:03 10781                      /home/pi-dev/.openjfx/cache/21.0.6+3/amd64/libjavafx_font_pango.so
734b7b4db000-734b7b4fc000 r--p 00000000 08:03 2106195                    /tmp/+JXF3866461341498564181.tmp
734b7b4fc000-734b7b4fd000 ---p 00000000 00:00 0 
734b7b4fd000-734b7b5fd000 rw-p 00000000 00:00 0 
734b7b5fd000-734b7b5fe000 ---p 00000000 00:00 0 
734b7b5fe000-734b7b6fe000 rw-p 00000000 00:00 0 
734b7b6fe000-734b7b6ff000 ---p 00000000 00:00 0 
734b7b6ff000-734b7b7ff000 rw-p 00000000 00:00 0 
734b7b7ff000-734b7b800000 ---p 00000000 00:00 0 
734b7b800000-734b7c000000 rw-p 00000000 00:00 0 
734b7c000000-734b7c029000 rw-p 00000000 00:00 0 
734b7c029000-734b80000000 ---p 00000000 00:00 0 
734b80000000-734b80021000 rw-p 00000000 00:00 0 
734b80021000-734b84000000 ---p 00000000 00:00 0 
734b84000000-734b846ae000 rw-p 00000000 00:00 0 
734b846ae000-734b88000000 ---p 00000000 00:00 0 
734b88000000-734b88021000 rw-p 00000000 00:00 0 
734b88021000-734b8c000000 ---p 00000000 00:00 0 
734b8c000000-734b8c021000 rw-p 00000000 00:00 0 
734b8c021000-734b90000000 ---p 00000000 00:00 0 
734b90000000-734b90639000 rw-p 00000000 00:00 0 
734b90639000-734b94000000 ---p 00000000 00:00 0 
734b94000000-734b94d39000 rw-p 00000000 00:00 0 
734b94d39000-734b98000000 ---p 00000000 00:00 0 
734b98000000-734b9843a000 rw-p 00000000 00:00 0 
734b9843a000-734b9c000000 ---p 00000000 00:00 0 
734b9c000000-734b9cc4d000 rw-p 00000000 00:00 0 
734b9cc4d000-734ba0000000 ---p 00000000 00:00 0 
734ba0000000-734ba0021000 rw-p 00000000 00:00 0 
734ba0021000-734ba4000000 ---p 00000000 00:00 0 
734ba4000000-734ba4021000 rw-p 00000000 00:00 0 
734ba4021000-734ba8000000 ---p 00000000 00:00 0 
734ba8000000-734ba9a20000 rw-p 00000000 00:00 0 
734ba9a20000-734bac000000 ---p 00000000 00:00 0 
734bac000000-734bac021000 rw-p 00000000 00:00 0 
734bac021000-734bb0000000 ---p 00000000 00:00 0 
734bb0000000-734bb0021000 rw-p 00000000 00:00 0 
734bb0021000-734bb4000000 ---p 00000000 00:00 0 
734bb4000000-734bb4021000 rw-p 00000000 00:00 0 
734bb4021000-734bb8000000 ---p 00000000 00:00 0 
734bb8000000-734bb83f0000 rw-p 00000000 00:00 0 
734bb83f0000-734bb8af0000 rw-p 00000000 00:00 0 
734bb8af0000-734bb8bf0000 rw-p 00000000 00:00 0 
734bb8bf0000-734bb8f70000 rw-p 00000000 00:00 0 
734bb8f70000-734bb8ff0000 rw-p 00000000 00:00 0 
734bb8ff0000-734bb9270000 rw-p 00000000 00:00 0 
734bb9270000-734bb92f0000 rw-p 00000000 00:00 0 
734bb92f0000-734bb94f0000 rw-p 00000000 00:00 0 
734bb94f0000-734bb9570000 rw-p 00000000 00:00 0 
734bb9570000-734bb95f0000 rw-p 00000000 00:00 0 
734bb95f0000-734bb96f0000 rw-p 00000000 00:00 0 
734bb96f0000-734bb97f0000 rw-p 00000000 00:00 0 
734bb97f0000-734bb9a70000 rw-p 00000000 00:00 0 
734bb9a70000-734bb9af0000 rw-p 00000000 00:00 0 
734bb9af0000-734bb9cf0000 rw-p 00000000 00:00 0 
734bb9cf0000-734bb9dc0000 rw-p 00000000 00:00 0 
734bb9dc0000-734bb9e00000 ---p 00000000 00:00 0 
734bb9e00000-734bb9e50000 rw-p 00000000 00:00 0 
734bb9e50000-734bbc000000 ---p 00000000 00:00 0 
734bbc000000-734bbc021000 rw-p 00000000 00:00 0 
734bbc021000-734bc0000000 ---p 00000000 00:00 0 
734bc0000000-734bc0016000 r--s 00000000 08:03 567914                     /var/cache/fontconfig/516e5c1b-3ab4-46eb-aa0c-53528176c2a1-le64.cache-7
734bc0016000-734bc0017000 r--s 00000000 08:03 567903                     /var/cache/fontconfig/346bce4a-c92c-4be3-90d5-3f61ec689532-le64.cache-7
734bc0017000-734bc001f000 r--s 00000000 08:03 567942                     /var/cache/fontconfig/adddffdf-fd2e-4245-b33f-2c31e3546000-le64.cache-7
734bc001f000-734bc0020000 r--s 00000000 08:03 567928                     /var/cache/fontconfig/6e5bfcf1-45b5-415b-af0c-59ecf87991f7-le64.cache-7
734bc0020000-734bc0022000 r--s 00000000 08:03 567905                     /var/cache/fontconfig/3b1f6fec-e630-4fb7-ad23-b3c648bf43ee-le64.cache-7
734bc0022000-734bc0023000 r--s 00000000 08:03 567904                     /var/cache/fontconfig/3726240a-963a-479d-a6b6-a05adecf2026-le64.cache-7
734bc0023000-734bc0025000 r--s 00000000 08:03 567899                     /var/cache/fontconfig/27e19385-931c-4948-8845-950de5603ff2-le64.cache-7
734bc0025000-734bc0027000 r--s 00000000 08:03 567897                     /var/cache/fontconfig/1e238067-0fef-4cc5-98b0-b43cced84f28-le64.cache-7
734bc0027000-734bc002a000 r--s 00000000 08:03 567954                     /var/cache/fontconfig/e6f4ebae-de13-44d4-a430-a4f0e5a136fc-le64.cache-7
734bc002a000-734bc002f000 r--s 00000000 08:03 567927                     /var/cache/fontconfig/6d31270b-2100-4172-a16e-4ea8150b9f9b-le64.cache-7
734bc002f000-734bc0030000 r--s 00000000 08:03 567940                     /var/cache/fontconfig/a2fa333e-de4e-4b6a-a2ce-9bf91f278f50-le64.cache-7
734bc0030000-734bc0031000 r--s 00000000 08:03 567913                     /var/cache/fontconfig/5138cf27-b7e6-47c6-b13c-6bd9e474f39b-le64.cache-7
734bc0031000-734bc0032000 r--s 00000000 08:03 567957                     /var/cache/fontconfig/ef287150-7929-41bc-9dd7-b338f36a7d3d-le64.cache-7
734bc0032000-734bc0033000 r--s 00000000 08:03 567945                     /var/cache/fontconfig/c48cbc92-619f-44c7-a592-78c50966e74e-le64.cache-7
734bc0033000-734bc0034000 r--s 00000000 08:03 567915                     /var/cache/fontconfig/51d147b2-33e9-4bed-a241-85caa831737e-le64.cache-7
734bc0034000-734bc0035000 r--s 00000000 08:03 567898                     /var/cache/fontconfig/1fd31886-07ee-4de1-98c1-fea2b31a4e7f-le64.cache-7
734bc0035000-734bc0036000 r--s 00000000 08:03 567912                     /var/cache/fontconfig/49d8055f-0df6-4f46-833a-5b53a3b35b7a-le64.cache-7
734bc0036000-734bc0037000 r--s 00000000 08:03 567910                     /var/cache/fontconfig/40c8a420-3efa-4f4e-a14b-3458d499ecce-le64.cache-7
734bc0037000-734bc0038000 r--s 00000000 08:03 567953                     /var/cache/fontconfig/def9a4f5-f213-4daf-aa9c-167ab9eb3abc-le64.cache-7
734bc0038000-734bc0039000 r--s 00000000 08:03 567932                     /var/cache/fontconfig/85251f89-4526-47f0-b3f9-48f31fe3cb3a-le64.cache-7
734bc0039000-734bc003a000 r--s 00000000 08:03 567922                     /var/cache/fontconfig/66505cf1-6a33-415a-bc47-643ffc4aec26-le64.cache-7
734bc003a000-734bc003b000 r--s 00000000 08:03 559288                     /var/cache/fontconfig/2e24604e-a2fd-4885-8489-f378ee38b03a-le64.cache-7
734bc003b000-734bc0041000 r--s 00000000 08:03 567911                     /var/cache/fontconfig/4552186e-8cdb-40cc-80a0-04badd365a26-le64.cache-7
734bc0041000-734bc0048000 r--s 00000000 08:03 567917                     /var/cache/fontconfig/54ea4156-415b-46fd-b4fa-81f16797b1b6-le64.cache-7
734bc0048000-734bc0049000 r--s 00000000 08:03 567893                     /var/cache/fontconfig/011aaf7f-b821-4f45-9672-5eaa13d8b594-le64.cache-7
734bc0049000-734bc004a000 r--s 00000000 08:03 567919                     /var/cache/fontconfig/57f6505f-22ef-43a4-a5bd-e984afce828f-le64.cache-7
734bc004a000-734bc0050000 r--s 00000000 08:03 567916                     /var/cache/fontconfig/545d1855-ea79-40e6-8901-751a2f18a925-le64.cache-7
734bc0050000-734bc0063000 r--s 00000000 08:03 567956                     /var/cache/fontconfig/ecc26c15-90d6-4f3a-9460-8474094eaadb-le64.cache-7
734bc0063000-734bc0069000 r--s 00000000 08:03 567958                     /var/cache/fontconfig/f0c12d7f-1b3c-4168-9e80-c0b826bebc83-le64.cache-7
734bc0069000-734bc006a000 r--s 00000000 08:03 567900                     /var/cache/fontconfig/28c451ce-882c-450f-9b38-8c0cd2052896-le64.cache-7
734bc006a000-734bc006b000 r--s 00000000 08:03 567925                     /var/cache/fontconfig/67ba35b0-e503-4af4-9704-cb355c59462f-le64.cache-7
734bc006b000-734bc006c000 r--s 00000000 08:03 567951                     /var/cache/fontconfig/d464d3cd-efb6-48a3-b84f-dd65e7f21cdb-le64.cache-7
734bc006c000-734bc006f000 r--s 00000000 08:03 567960                     /var/cache/fontconfig/f53d837d-22e1-4ea4-9ee3-c1ff4cc11a10-le64.cache-7
734bc006f000-734bc0071000 r--s 00000000 08:03 567907                     /var/cache/fontconfig/3c22a138-58fe-42cf-8404-d1e5fe322615-le64.cache-7
734bc0071000-734bc0074000 r--s 00000000 08:03 567941                     /var/cache/fontconfig/a6ed1057-94ee-46b8-9004-6a5d4a623885-le64.cache-7
734bc0074000-734bc0078000 r--s 00000000 08:03 567920                     /var/cache/fontconfig/5af0d971-eb03-43ed-a76e-dbd85bb713aa-le64.cache-7
734bc0078000-734bc0086000 r--s 00000000 08:03 567949                     /var/cache/fontconfig/ce5af653-ba6c-4a0f-a508-0db36e8552ac-le64.cache-7
734bc0086000-734bc0096000 r--s 00000000 08:03 567906                     /var/cache/fontconfig/3bcb00eb-c902-41d6-86dc-798aaecdc95b-le64.cache-7
734bc0096000-734bc0099000 r--s 00000000 08:03 567947                     /var/cache/fontconfig/cc3b7228-0fd4-4db8-b18f-20bdf0d3090d-le64.cache-7
734bc0099000-734bc009e000 r-xp 00000000 08:03 10767                      /home/pi-dev/.openjfx/cache/21.0.6+3/amd64/libjavafx_font_freetype.so
734bc009e000-734bc009f000 r--p 00004000 08:03 10767                      /home/pi-dev/.openjfx/cache/21.0.6+3/amd64/libjavafx_font_freetype.so
734bc009f000-734bc00a0000 rw-p 00005000 08:03 10767                      /home/pi-dev/.openjfx/cache/21.0.6+3/amd64/libjavafx_font_freetype.so
734bc00a0000-734bc00a3000 r-xp 00000000 08:03 9628                       /home/pi-dev/.openjfx/cache/21.0.6+3/amd64/libjavafx_font.so
734bc00a3000-734bc00a4000 r--p 00002000 08:03 9628                       /home/pi-dev/.openjfx/cache/21.0.6+3/amd64/libjavafx_font.so
734bc00a4000-734bc00a5000 rw-p 00003000 08:03 9628                       /home/pi-dev/.openjfx/cache/21.0.6+3/amd64/libjavafx_font.so
734bc00a5000-734bc00a6000 ---p 00000000 00:00 0 
734bc00a6000-734bc01a6000 rw-p 00000000 00:00 0 
734bc01a6000-734bc01a7000 ---p 00000000 00:00 0 
734bc01a7000-734bc02a7000 rw-p 00000000 00:00 0 
734bc02a7000-734bc02ab000 ---p 00000000 00:00 0 
734bc02ab000-734bc03a7000 rw-p 00000000 00:00 0 
734bc03a7000-734bc03ab000 r--p 00000000 08:03 3910                       /home/pi-dev/.jdks/temurin-25.0.2/lib/libverify.so
734bc03ab000-734bc03b4000 r-xp 00004000 08:03 3910                       /home/pi-dev/.jdks/temurin-25.0.2/lib/libverify.so
734bc03b4000-734bc03b6000 r--p 0000d000 08:03 3910                       /home/pi-dev/.jdks/temurin-25.0.2/lib/libverify.so
734bc03b6000-734bc03b8000 r--p 0000e000 08:03 3910                       /home/pi-dev/.jdks/temurin-25.0.2/lib/libverify.so
734bc03b8000-734bc03b9000 rw-p 00010000 08:03 3910                       /home/pi-dev/.jdks/temurin-25.0.2/lib/libverify.so
734bc03b9000-734bc03ea000 r--p 00000000 08:03 2365449                    /usr/share/glib-2.0/schemas/gschemas.compiled
734bc03ea000-734bc03ee000 ---p 00000000 00:00 0 
734bc03ee000-734bc04ea000 rw-p 00000000 00:00 0 
734bc04ea000-734bc04ee000 ---p 00000000 00:00 0 
734bc04ee000-734bc05ea000 rw-p 00000000 00:00 0 
734bc05ea000-734bc05ec000 r--p 00000000 08:03 2256935                    /usr/lib/x86_64-linux-gnu/libogg.so.0.8.5
734bc05ec000-734bc05ef000 r-xp 00002000 08:03 2256935                    /usr/lib/x86_64-linux-gnu/libogg.so.0.8.5
734bc05ef000-734bc05f2000 r--p 00005000 08:03 2256935                    /usr/lib/x86_64-linux-gnu/libogg.so.0.8.5
734bc05f2000-734bc05f3000 ---p 00008000 08:03 2256935                    /usr/lib/x86_64-linux-gnu/libogg.so.0.8.5
734bc05f3000-734bc05f4000 r--p 00008000 08:03 2256935                    /usr/lib/x86_64-linux-gnu/libogg.so.0.8.5
734bc05f4000-734bc05f5000 rw-p 00009000 08:03 2256935                    /usr/lib/x86_64-linux-gnu/libogg.so.0.8.5
734bc05f5000-734bc05f8000 r--p 00000000 08:03 2257356                    /usr/lib/x86_64-linux-gnu/libvorbis.so.0.4.9
734bc05f8000-734bc060f000 r-xp 00003000 08:03 2257356                    /usr/lib/x86_64-linux-gnu/libvorbis.so.0.4.9
734bc060f000-734bc0620000 r--p 0001a000 08:03 2257356                    /usr/lib/x86_64-linux-gnu/libvorbis.so.0.4.9
734bc0620000-734bc0621000 r--p 0002a000 08:03 2257356                    /usr/lib/x86_64-linux-gnu/libvorbis.so.0.4.9
734bc0621000-734bc0622000 rw-p 0002b000 08:03 2257356                    /usr/lib/x86_64-linux-gnu/libvorbis.so.0.4.9
734bc0622000-734bc0624000 r--p 00000000 08:03 2256778                    /usr/lib/x86_64-linux-gnu/libltdl.so.7.3.1
734bc0624000-734bc0629000 r-xp 00002000 08:03 2256778                    /usr/lib/x86_64-linux-gnu/libltdl.so.7.3.1
734bc0629000-734bc062b000 r--p 00007000 08:03 2256778                    /usr/lib/x86_64-linux-gnu/libltdl.so.7.3.1
734bc062b000-734bc062c000 r--p 00008000 08:03 2256778                    /usr/lib/x86_64-linux-gnu/libltdl.so.7.3.1
734bc062c000-734bc062d000 rw-p 00009000 08:03 2256778                    /usr/lib/x86_64-linux-gnu/libltdl.so.7.3.1
734bc062d000-734bc0630000 r--p 00000000 08:03 2257245                    /usr/lib/x86_64-linux-gnu/libtdb.so.1.4.5
734bc0630000-734bc063d000 r-xp 00003000 08:03 2257245                    /usr/lib/x86_64-linux-gnu/libtdb.so.1.4.5
734bc063d000-734bc0642000 r--p 00010000 08:03 2257245                    /usr/lib/x86_64-linux-gnu/libtdb.so.1.4.5
734bc0642000-734bc0643000 ---p 00015000 08:03 2257245                    /usr/lib/x86_64-linux-gnu/libtdb.so.1.4.5
734bc0643000-734bc0644000 r--p 00015000 08:03 2257245                    /usr/lib/x86_64-linux-gnu/libtdb.so.1.4.5
734bc0644000-734bc0645000 rw-p 00016000 08:03 2257245                    /usr/lib/x86_64-linux-gnu/libtdb.so.1.4.5
734bc0645000-734bc0647000 r--p 00000000 08:03 2257360                    /usr/lib/x86_64-linux-gnu/libvorbisfile.so.3.3.8
734bc0647000-734bc064c000 r-xp 00002000 08:03 2257360                    /usr/lib/x86_64-linux-gnu/libvorbisfile.so.3.3.8
734bc064c000-734bc064d000 r--p 00007000 08:03 2257360                    /usr/lib/x86_64-linux-gnu/libvorbisfile.so.3.3.8
734bc064d000-734bc064e000 ---p 00008000 08:03 2257360                    /usr/lib/x86_64-linux-gnu/libvorbisfile.so.3.3.8
734bc064e000-734bc064f000 r--p 00008000 08:03 2257360                    /usr/lib/x86_64-linux-gnu/libvorbisfile.so.3.3.8
734bc064f000-734bc0650000 rw-p 00009000 08:03 2257360                    /usr/lib/x86_64-linux-gnu/libvorbisfile.so.3.3.8
734bc0650000-734bc0653000 r--p 00000000 08:03 2256158                    /usr/lib/x86_64-linux-gnu/libcanberra.so.0.2.5
734bc0653000-734bc065d000 r-xp 00003000 08:03 2256158                    /usr/lib/x86_64-linux-gnu/libcanberra.so.0.2.5
734bc065d000-734bc0661000 r--p 0000d000 08:03 2256158                    /usr/lib/x86_64-linux-gnu/libcanberra.so.0.2.5
734bc0661000-734bc0662000 r--p 00010000 08:03 2256158                    /usr/lib/x86_64-linux-gnu/libcanberra.so.0.2.5
734bc0662000-734bc0663000 rw-p 00011000 08:03 2256158                    /usr/lib/x86_64-linux-gnu/libcanberra.so.0.2.5
734bc0663000-734bc0665000 r--p 00000000 08:03 2256156                    /usr/lib/x86_64-linux-gnu/libcanberra-gtk3.so.0.1.9
734bc0665000-734bc0667000 r-xp 00002000 08:03 2256156                    /usr/lib/x86_64-linux-gnu/libcanberra-gtk3.so.0.1.9
734bc0667000-734bc0668000 r--p 00004000 08:03 2256156                    /usr/lib/x86_64-linux-gnu/libcanberra-gtk3.so.0.1.9
734bc0668000-734bc0669000 r--p 00004000 08:03 2256156                    /usr/lib/x86_64-linux-gnu/libcanberra-gtk3.so.0.1.9
734bc0669000-734bc066a000 rw-p 00005000 08:03 2256156                    /usr/lib/x86_64-linux-gnu/libcanberra-gtk3.so.0.1.9
734bc066a000-734bc066e000 r--p 00000000 08:03 2258695                    /usr/lib/x86_64-linux-gnu/gio/modules/libdconfsettings.so
734bc066e000-734bc0675000 r-xp 00004000 08:03 2258695                    /usr/lib/x86_64-linux-gnu/gio/modules/libdconfsettings.so
734bc0675000-734bc0678000 r--p 0000b000 08:03 2258695                    /usr/lib/x86_64-linux-gnu/gio/modules/libdconfsettings.so
734bc0678000-734bc0679000 r--p 0000e000 08:03 2258695                    /usr/lib/x86_64-linux-gnu/gio/modules/libdconfsettings.so
734bc0679000-734bc067a000 rw-p 0000f000 08:03 2258695                    /usr/lib/x86_64-linux-gnu/gio/modules/libdconfsettings.so
734bc067a000-734bc067b000 ---p 00000000 00:00 0 
734bc067b000-734bc0e7b000 rw-p 00000000 00:00 0 
734bc0e7b000-734bc0e7c000 ---p 00000000 00:00 0 
734bc0e7c000-734bc167c000 rw-p 00000000 00:00 0 
734bc167c000-734bc168e000 r--p 00000000 08:03 2235606                    /usr/lib/x86_64-linux-gnu/gvfs/libgvfscommon.so
734bc168e000-734bc16aa000 r-xp 00012000 08:03 2235606                    /usr/lib/x86_64-linux-gnu/gvfs/libgvfscommon.so
734bc16aa000-734bc16b7000 r--p 0002e000 08:03 2235606                    /usr/lib/x86_64-linux-gnu/gvfs/libgvfscommon.so
734bc16b7000-734bc16b8000 ---p 0003b000 08:03 2235606                    /usr/lib/x86_64-linux-gnu/gvfs/libgvfscommon.so
734bc16b8000-734bc16be000 r--p 0003b000 08:03 2235606                    /usr/lib/x86_64-linux-gnu/gvfs/libgvfscommon.so
734bc16be000-734bc16bf000 rw-p 00041000 08:03 2235606                    /usr/lib/x86_64-linux-gnu/gvfs/libgvfscommon.so
734bc16bf000-734bc16c9000 r--p 00000000 08:03 2235605                    /usr/lib/x86_64-linux-gnu/gio/modules/libgvfsdbus.so
734bc16c9000-734bc16e7000 r-xp 0000a000 08:03 2235605                    /usr/lib/x86_64-linux-gnu/gio/modules/libgvfsdbus.so
734bc16e7000-734bc16f1000 r--p 00028000 08:03 2235605                    /usr/lib/x86_64-linux-gnu/gio/modules/libgvfsdbus.so
734bc16f1000-734bc16f3000 r--p 00031000 08:03 2235605                    /usr/lib/x86_64-linux-gnu/gio/modules/libgvfsdbus.so
734bc16f3000-734bc16f4000 rw-p 00033000 08:03 2235605                    /usr/lib/x86_64-linux-gnu/gio/modules/libgvfsdbus.so
734bc16f4000-734bc17a9000 r--p 00000000 08:03 674830                     /usr/share/themes/Yaru/gtk-3.0/gtk.gresource
734bc17a9000-734bc17ce000 r--p 00000000 08:03 669071                     /usr/share/locale-langpack/fr/LC_MESSAGES/glib20.mo
734bc17ce000-734bc1805000 r--p 00000000 08:03 669135                     /usr/share/locale-langpack/fr/LC_MESSAGES/gtk30-properties.mo
734bc1805000-734bc1821000 r--p 00000000 08:03 669136                     /usr/share/locale-langpack/fr/LC_MESSAGES/gtk30.mo
734bc1821000-734bc1823000 r--p 00000000 08:03 2255881                    /usr/lib/x86_64-linux-gnu/libXtst.so.6.1.0
734bc1823000-734bc1826000 r-xp 00002000 08:03 2255881                    /usr/lib/x86_64-linux-gnu/libXtst.so.6.1.0
734bc1826000-734bc1827000 r--p 00005000 08:03 2255881                    /usr/lib/x86_64-linux-gnu/libXtst.so.6.1.0
734bc1827000-734bc1828000 r--p 00005000 08:03 2255881                    /usr/lib/x86_64-linux-gnu/libXtst.so.6.1.0
734bc1828000-734bc1829000 rw-p 00006000 08:03 2255881                    /usr/lib/x86_64-linux-gnu/libXtst.so.6.1.0
734bc1829000-734bc186c000 r-xp 00000000 08:03 9621                       /home/pi-dev/.openjfx/cache/21.0.6+3/amd64/libglassgtk3.so
734bc186c000-734bc186d000 ---p 00043000 08:03 9621                       /home/pi-dev/.openjfx/cache/21.0.6+3/amd64/libglassgtk3.so
734bc186d000-734bc186f000 r--p 00043000 08:03 9621                       /home/pi-dev/.openjfx/cache/21.0.6+3/amd64/libglassgtk3.so
734bc186f000-734bc1871000 rw-p 00045000 08:03 9621                       /home/pi-dev/.openjfx/cache/21.0.6+3/amd64/libglassgtk3.so
734bc1871000-734bc1875000 r--p 00000000 08:03 2256533                    /usr/lib/x86_64-linux-gnu/libgpg-error.so.0.32.1
734bc1875000-734bc188b000 r-xp 00004000 08:03 2256533                    /usr/lib/x86_64-linux-gnu/libgpg-error.so.0.32.1
734bc188b000-734bc1895000 r--p 0001a000 08:03 2256533                    /usr/lib/x86_64-linux-gnu/libgpg-error.so.0.32.1
734bc1895000-734bc1896000 r--p 00023000 08:03 2256533                    /usr/lib/x86_64-linux-gnu/libgpg-error.so.0.32.1
734bc1896000-734bc1897000 rw-p 00024000 08:03 2256533                    /usr/lib/x86_64-linux-gnu/libgpg-error.so.0.32.1
734bc1897000-734bc18a6000 r--p 00000000 08:03 2256451                    /usr/lib/x86_64-linux-gnu/libgcrypt.so.20.3.4
734bc18a6000-734bc198c000 r-xp 0000f000 08:03 2256451                    /usr/lib/x86_64-linux-gnu/libgcrypt.so.20.3.4
734bc198c000-734bc19ca000 r--p 000f5000 08:03 2256451                    /usr/lib/x86_64-linux-gnu/libgcrypt.so.20.3.4
734bc19ca000-734bc19cb000 ---p 00133000 08:03 2256451                    /usr/lib/x86_64-linux-gnu/libgcrypt.so.20.3.4
734bc19cb000-734bc19ce000 r--p 00133000 08:03 2256451                    /usr/lib/x86_64-linux-gnu/libgcrypt.so.20.3.4
734bc19ce000-734bc19d4000 rw-p 00136000 08:03 2256451                    /usr/lib/x86_64-linux-gnu/libgcrypt.so.20.3.4
734bc19d4000-734bc19d5000 rw-p 00000000 00:00 0 
734bc19d5000-734bc19d8000 r--p 00000000 08:03 2233463                    /usr/lib/x86_64-linux-gnu/libcap.so.2.44
734bc19d8000-734bc19dc000 r-xp 00003000 08:03 2233463                    /usr/lib/x86_64-linux-gnu/libcap.so.2.44
734bc19dc000-734bc19de000 r--p 00007000 08:03 2233463                    /usr/lib/x86_64-linux-gnu/libcap.so.2.44
734bc19de000-734bc19df000 r--p 00008000 08:03 2233463                    /usr/lib/x86_64-linux-gnu/libcap.so.2.44
734bc19df000-734bc19e0000 rw-p 00009000 08:03 2233463                    /usr/lib/x86_64-linux-gnu/libcap.so.2.44
734bc19e0000-734bc19e2000 r--p 00000000 08:03 2256785                    /usr/lib/x86_64-linux-gnu/liblz4.so.1.9.3
734bc19e2000-734bc19fb000 r-xp 00002000 08:03 2256785                    /usr/lib/x86_64-linux-gnu/liblz4.so.1.9.3
734bc19fb000-734bc19fd000 r--p 0001b000 08:03 2256785                    /usr/lib/x86_64-linux-gnu/liblz4.so.1.9.3
734bc19fd000-734bc19fe000 ---p 0001d000 08:03 2256785                    /usr/lib/x86_64-linux-gnu/liblz4.so.1.9.3
734bc19fe000-734bc19ff000 r--p 0001d000 08:03 2256785                    /usr/lib/x86_64-linux-gnu/liblz4.so.1.9.3
734bc19ff000-734bc1a00000 rw-p 0001e000 08:03 2256785                    /usr/lib/x86_64-linux-gnu/liblz4.so.1.9.3
734bc1a00000-734bc1a0a000 r--p 00000000 08:03 2257503                    /usr/lib/x86_64-linux-gnu/libzstd.so.1.4.8
734bc1a0a000-734bc1abc000 r-xp 0000a000 08:03 2257503                    /usr/lib/x86_64-linux-gnu/libzstd.so.1.4.8
734bc1abc000-734bc1acd000 r--p 000bc000 08:03 2257503                    /usr/lib/x86_64-linux-gnu/libzstd.so.1.4.8
734bc1acd000-734bc1ace000 r--p 000cc000 08:03 2257503                    /usr/lib/x86_64-linux-gnu/libzstd.so.1.4.8
734bc1ace000-734bc1acf000 rw-p 000cd000 08:03 2257503                    /usr/lib/x86_64-linux-gnu/libzstd.so.1.4.8
734bc1acf000-734bc1ad2000 r--p 00000000 08:03 2256787                    /usr/lib/x86_64-linux-gnu/liblzma.so.5.2.5
734bc1ad2000-734bc1aed000 r-xp 00003000 08:03 2256787                    /usr/lib/x86_64-linux-gnu/liblzma.so.5.2.5
734bc1aed000-734bc1af8000 r--p 0001e000 08:03 2256787                    /usr/lib/x86_64-linux-gnu/liblzma.so.5.2.5
734bc1af8000-734bc1af9000 r--p 00028000 08:03 2256787                    /usr/lib/x86_64-linux-gnu/liblzma.so.5.2.5
734bc1af9000-734bc1afa000 rw-p 00029000 08:03 2256787                    /usr/lib/x86_64-linux-gnu/liblzma.so.5.2.5
734bc1afa000-734bc1afb000 r--p 00000000 08:03 2256129                    /usr/lib/x86_64-linux-gnu/libbrotlicommon.so.1.0.9
734bc1afb000-734bc1afc000 r-xp 00001000 08:03 2256129                    /usr/lib/x86_64-linux-gnu/libbrotlicommon.so.1.0.9
734bc1afc000-734bc1b1b000 r--p 00002000 08:03 2256129                    /usr/lib/x86_64-linux-gnu/libbrotlicommon.so.1.0.9
734bc1b1b000-734bc1b1c000 r--p 00020000 08:03 2256129                    /usr/lib/x86_64-linux-gnu/libbrotlicommon.so.1.0.9
734bc1b1c000-734bc1b1d000 rw-p 00021000 08:03 2256129                    /usr/lib/x86_64-linux-gnu/libbrotlicommon.so.1.0.9
734bc1b1d000-734bc1b1f000 r--p 00000000 08:03 2256237                    /usr/lib/x86_64-linux-gnu/libdatrie.so.1.4.0
734bc1b1f000-734bc1b23000 r-xp 00002000 08:03 2256237                    /usr/lib/x86_64-linux-gnu/libdatrie.so.1.4.0
734bc1b23000-734bc1b24000 r--p 00006000 08:03 2256237                    /usr/lib/x86_64-linux-gnu/libdatrie.so.1.4.0
734bc1b24000-734bc1b25000 r--p 00007000 08:03 2256237                    /usr/lib/x86_64-linux-gnu/libdatrie.so.1.4.0
734bc1b25000-734bc1b26000 rw-p 00008000 08:03 2256237                    /usr/lib/x86_64-linux-gnu/libdatrie.so.1.4.0
734bc1b26000-734bc1b28000 r--p 00000000 08:03 2256998                    /usr/lib/x86_64-linux-gnu/libpcre2-8.so.0.10.4
734bc1b28000-734bc1b93000 r-xp 00002000 08:03 2256998                    /usr/lib/x86_64-linux-gnu/libpcre2-8.so.0.10.4
734bc1b93000-734bc1bbb000 r--p 0006d000 08:03 2256998                    /usr/lib/x86_64-linux-gnu/libpcre2-8.so.0.10.4
734bc1bbb000-734bc1bbc000 r--p 00094000 08:03 2256998                    /usr/lib/x86_64-linux-gnu/libpcre2-8.so.0.10.4
734bc1bbc000-734bc1bbd000 rw-p 00095000 08:03 2256998                    /usr/lib/x86_64-linux-gnu/libpcre2-8.so.0.10.4
734bc1bbd000-734bc1bc4000 r--p 00000000 08:03 2233468                    /usr/lib/x86_64-linux-gnu/libblkid.so.1.1.0
734bc1bc4000-734bc1be4000 r-xp 00007000 08:03 2233468                    /usr/lib/x86_64-linux-gnu/libblkid.so.1.1.0
734bc1be4000-734bc1bed000 r--p 00027000 08:03 2233468                    /usr/lib/x86_64-linux-gnu/libblkid.so.1.1.0
734bc1bed000-734bc1bee000 ---p 00030000 08:03 2233468                    /usr/lib/x86_64-linux-gnu/libblkid.so.1.1.0
734bc1bee000-734bc1bf3000 r--p 00030000 08:03 2233468                    /usr/lib/x86_64-linux-gnu/libblkid.so.1.1.0
734bc1bf3000-734bc1bf4000 rw-p 00035000 08:03 2233468                    /usr/lib/x86_64-linux-gnu/libblkid.so.1.1.0
734bc1bf4000-734bc1c07000 r--p 00000000 08:03 2228612                    /usr/lib/x86_64-linux-gnu/libsystemd.so.0.32.0
734bc1c07000-734bc1c86000 r-xp 00013000 08:03 2228612                    /usr/lib/x86_64-linux-gnu/libsystemd.so.0.32.0
734bc1c86000-734bc1cb1000 r--p 00092000 08:03 2228612                    /usr/lib/x86_64-linux-gnu/libsystemd.so.0.32.0
734bc1cb1000-734bc1cb2000 ---p 000bd000 08:03 2228612                    /usr/lib/x86_64-linux-gnu/libsystemd.so.0.32.0
734bc1cb2000-734bc1cb9000 r--p 000bd000 08:03 2228612                    /usr/lib/x86_64-linux-gnu/libsystemd.so.0.32.0
734bc1cb9000-734bc1cba000 rw-p 000c4000 08:03 2228612                    /usr/lib/x86_64-linux-gnu/libsystemd.so.0.32.0
734bc1cba000-734bc1cbb000 rw-p 00000000 00:00 0 
734bc1cbb000-734bc1cbc000 r--p 00000000 08:03 2256131                    /usr/lib/x86_64-linux-gnu/libbrotlidec.so.1.0.9
734bc1cbc000-734bc1cc4000 r-xp 00001000 08:03 2256131                    /usr/lib/x86_64-linux-gnu/libbrotlidec.so.1.0.9
734bc1cc4000-734bc1cc7000 r--p 00009000 08:03 2256131                    /usr/lib/x86_64-linux-gnu/libbrotlidec.so.1.0.9
734bc1cc7000-734bc1cc8000 r--p 0000b000 08:03 2256131                    /usr/lib/x86_64-linux-gnu/libbrotlidec.so.1.0.9
734bc1cc8000-734bc1cc9000 rw-p 0000c000 08:03 2256131                    /usr/lib/x86_64-linux-gnu/libbrotlidec.so.1.0.9
734bc1cc9000-734bc1ccd000 r--p 00000000 08:03 2237671                    /usr/lib/x86_64-linux-gnu/libexpat.so.1.8.7
734bc1ccd000-734bc1cec000 r-xp 00004000 08:03 2237671                    /usr/lib/x86_64-linux-gnu/libexpat.so.1.8.7
734bc1cec000-734bc1cf6000 r--p 00023000 08:03 2237671                    /usr/lib/x86_64-linux-gnu/libexpat.so.1.8.7
734bc1cf6000-734bc1cf7000 ---p 0002d000 08:03 2237671                    /usr/lib/x86_64-linux-gnu/libexpat.so.1.8.7
734bc1cf7000-734bc1cf9000 r--p 0002d000 08:03 2237671                    /usr/lib/x86_64-linux-gnu/libexpat.so.1.8.7
734bc1cf9000-734bc1cfa000 rw-p 0002f000 08:03 2237671                    /usr/lib/x86_64-linux-gnu/libexpat.so.1.8.7
734bc1cfa000-734bc1cfd000 r--p 00000000 08:03 2256550                    /usr/lib/x86_64-linux-gnu/libgraphite2.so.3.2.1
734bc1cfd000-734bc1d1a000 r-xp 00003000 08:03 2256550                    /usr/lib/x86_64-linux-gnu/libgraphite2.so.3.2.1
734bc1d1a000-734bc1d1e000 r--p 00020000 08:03 2256550                    /usr/lib/x86_64-linux-gnu/libgraphite2.so.3.2.1
734bc1d1e000-734bc1d20000 r--p 00023000 08:03 2256550                    /usr/lib/x86_64-linux-gnu/libgraphite2.so.3.2.1
734bc1d20000-734bc1d21000 rw-p 00025000 08:03 2256550                    /usr/lib/x86_64-linux-gnu/libgraphite2.so.3.2.1
734bc1d21000-734bc1d23000 r--p 00000000 08:03 2256994                    /usr/lib/x86_64-linux-gnu/libpcre.so.3.13.3
734bc1d23000-734bc1d78000 r-xp 00002000 08:03 2256994                    /usr/lib/x86_64-linux-gnu/libpcre.so.3.13.3
734bc1d78000-734bc1d95000 r--p 00057000 08:03 2256994                    /usr/lib/x86_64-linux-gnu/libpcre.so.3.13.3
734bc1d95000-734bc1d96000 r--p 00073000 08:03 2256994                    /usr/lib/x86_64-linux-gnu/libpcre.so.3.13.3
734bc1d96000-734bc1d97000 rw-p 00074000 08:03 2256994                    /usr/lib/x86_64-linux-gnu/libpcre.so.3.13.3
734bc1d97000-734bc1d99000 r--p 00000000 08:03 2256375                    /usr/lib/x86_64-linux-gnu/libffi.so.8.1.0
734bc1d99000-734bc1da0000 r-xp 00002000 08:03 2256375                    /usr/lib/x86_64-linux-gnu/libffi.so.8.1.0
734bc1da0000-734bc1da1000 r--p 00009000 08:03 2256375                    /usr/lib/x86_64-linux-gnu/libffi.so.8.1.0
734bc1da1000-734bc1da2000 ---p 0000a000 08:03 2256375                    /usr/lib/x86_64-linux-gnu/libffi.so.8.1.0
734bc1da2000-734bc1da3000 r--p 0000a000 08:03 2256375                    /usr/lib/x86_64-linux-gnu/libffi.so.8.1.0
734bc1da3000-734bc1da4000 rw-p 0000b000 08:03 2256375                    /usr/lib/x86_64-linux-gnu/libffi.so.8.1.0
734bc1da4000-734bc1da6000 r--p 00000000 08:03 2257253                    /usr/lib/x86_64-linux-gnu/libthai.so.0.3.1
734bc1da6000-734bc1daa000 r-xp 00002000 08:03 2257253                    /usr/lib/x86_64-linux-gnu/libthai.so.0.3.1
734bc1daa000-734bc1dad000 r--p 00006000 08:03 2257253                    /usr/lib/x86_64-linux-gnu/libthai.so.0.3.1
734bc1dad000-734bc1dae000 r--p 00008000 08:03 2257253                    /usr/lib/x86_64-linux-gnu/libthai.so.0.3.1
734bc1dae000-734bc1daf000 rw-p 00009000 08:03 2257253                    /usr/lib/x86_64-linux-gnu/libthai.so.0.3.1
734bc1daf000-734bc1db5000 r--p 00000000 08:03 2257150                    /usr/lib/x86_64-linux-gnu/libselinux.so.1
734bc1db5000-734bc1dcf000 r-xp 00006000 08:03 2257150                    /usr/lib/x86_64-linux-gnu/libselinux.so.1
734bc1dcf000-734bc1dd6000 r--p 00020000 08:03 2257150                    /usr/lib/x86_64-linux-gnu/libselinux.so.1
734bc1dd6000-734bc1dd7000 ---p 00027000 08:03 2257150                    /usr/lib/x86_64-linux-gnu/libselinux.so.1
734bc1dd7000-734bc1dd8000 r--p 00027000 08:03 2257150                    /usr/lib/x86_64-linux-gnu/libselinux.so.1
734bc1dd8000-734bc1dd9000 rw-p 00028000 08:03 2257150                    /usr/lib/x86_64-linux-gnu/libselinux.so.1
734bc1dd9000-734bc1ddb000 rw-p 00000000 00:00 0 
734bc1ddb000-734bc1de3000 r--p 00000000 08:03 2233471                    /usr/lib/x86_64-linux-gnu/libmount.so.1.1.0
734bc1de3000-734bc1e0f000 r-xp 00008000 08:03 2233471                    /usr/lib/x86_64-linux-gnu/libmount.so.1.1.0
734bc1e0f000-734bc1e1c000 r--p 00034000 08:03 2233471                    /usr/lib/x86_64-linux-gnu/libmount.so.1.1.0
734bc1e1c000-734bc1e1d000 ---p 00041000 08:03 2233471                    /usr/lib/x86_64-linux-gnu/libmount.so.1.1.0
734bc1e1d000-734bc1e1e000 r--p 00041000 08:03 2233471                    /usr/lib/x86_64-linux-gnu/libmount.so.1.1.0
734bc1e1e000-734bc1e1f000 rw-p 00042000 08:03 2233471                    /usr/lib/x86_64-linux-gnu/libmount.so.1.1.0
734bc1e1f000-734bc1e2e000 r--p 00000000 08:03 2256061                    /usr/lib/x86_64-linux-gnu/libatspi.so.0.0.1
734bc1e2e000-734bc1e47000 r-xp 0000f000 08:03 2256061                    /usr/lib/x86_64-linux-gnu/libatspi.so.0.0.1
734bc1e47000-734bc1e55000 r--p 00028000 08:03 2256061                    /usr/lib/x86_64-linux-gnu/libatspi.so.0.0.1
734bc1e55000-734bc1e58000 r--p 00035000 08:03 2256061                    /usr/lib/x86_64-linux-gnu/libatspi.so.0.0.1
734bc1e58000-734bc1e59000 rw-p 00038000 08:03 2256061                    /usr/lib/x86_64-linux-gnu/libatspi.so.0.0.1
734bc1e59000-734bc1e64000 r--p 00000000 08:03 2256241                    /usr/lib/x86_64-linux-gnu/libdbus-1.so.3.19.13
734bc1e64000-734bc1e92000 r-xp 0000b000 08:03 2256241                    /usr/lib/x86_64-linux-gnu/libdbus-1.so.3.19.13
734bc1e92000-734bc1ea4000 r--p 00039000 08:03 2256241                    /usr/lib/x86_64-linux-gnu/libdbus-1.so.3.19.13
734bc1ea4000-734bc1ea5000 ---p 0004b000 08:03 2256241                    /usr/lib/x86_64-linux-gnu/libdbus-1.so.3.19.13
734bc1ea5000-734bc1ea6000 r--p 0004b000 08:03 2256241                    /usr/lib/x86_64-linux-gnu/libdbus-1.so.3.19.13
734bc1ea6000-734bc1ea7000 rw-p 0004c000 08:03 2256241                    /usr/lib/x86_64-linux-gnu/libdbus-1.so.3.19.13
734bc1ea7000-734bc1eab000 r--p 00000000 08:03 2256740                    /usr/lib/x86_64-linux-gnu/libjpeg.so.8.2.2
734bc1eab000-734bc1ef4000 r-xp 00004000 08:03 2256740                    /usr/lib/x86_64-linux-gnu/libjpeg.so.8.2.2
734bc1ef4000-734bc1f26000 r--p 0004d000 08:03 2256740                    /usr/lib/x86_64-linux-gnu/libjpeg.so.8.2.2
734bc1f26000-734bc1f27000 r--p 0007e000 08:03 2256740                    /usr/lib/x86_64-linux-gnu/libjpeg.so.8.2.2
734bc1f27000-734bc1f28000 rw-p 0007f000 08:03 2256740                    /usr/lib/x86_64-linux-gnu/libjpeg.so.8.2.2
734bc1f28000-734bc1f2a000 r--p 00000000 08:03 2257495                    /usr/lib/x86_64-linux-gnu/libz.so.1.2.11
734bc1f2a000-734bc1f3b000 r-xp 00002000 08:03 2257495                    /usr/lib/x86_64-linux-gnu/libz.so.1.2.11
734bc1f3b000-734bc1f41000 r--p 00013000 08:03 2257495                    /usr/lib/x86_64-linux-gnu/libz.so.1.2.11
734bc1f41000-734bc1f42000 ---p 00019000 08:03 2257495                    /usr/lib/x86_64-linux-gnu/libz.so.1.2.11
734bc1f42000-734bc1f43000 r--p 00019000 08:03 2257495                    /usr/lib/x86_64-linux-gnu/libz.so.1.2.11
734bc1f43000-734bc1f44000 rw-p 0001a000 08:03 2257495                    /usr/lib/x86_64-linux-gnu/libz.so.1.2.11
734bc1f44000-734bc1f51000 r--p 00000000 08:03 2229380                    /usr/lib/x86_64-linux-gnu/libfreetype.so.6.18.1
734bc1f51000-734bc1fda000 r-xp 0000d000 08:03 2229380                    /usr/lib/x86_64-linux-gnu/libfreetype.so.6.18.1
734bc1fda000-734bc2003000 r--p 00096000 08:03 2229380                    /usr/lib/x86_64-linux-gnu/libfreetype.so.6.18.1
734bc2003000-734bc2004000 ---p 000bf000 08:03 2229380                    /usr/lib/x86_64-linux-gnu/libfreetype.so.6.18.1
734bc2004000-734bc200b000 r--p 000bf000 08:03 2229380                    /usr/lib/x86_64-linux-gnu/libfreetype.so.6.18.1
734bc200b000-734bc200c000 rw-p 000c6000 08:03 2229380                    /usr/lib/x86_64-linux-gnu/libfreetype.so.6.18.1
734bc200c000-734bc2016000 r--p 00000000 08:03 2257018                    /usr/lib/x86_64-linux-gnu/libpixman-1.so.0.40.0
734bc2016000-734bc209c000 r-xp 0000a000 08:03 2257018                    /usr/lib/x86_64-linux-gnu/libpixman-1.so.0.40.0
734bc209c000-734bc20ae000 r--p 00090000 08:03 2257018                    /usr/lib/x86_64-linux-gnu/libpixman-1.so.0.40.0
734bc20ae000-734bc20b6000 r--p 000a1000 08:03 2257018                    /usr/lib/x86_64-linux-gnu/libpixman-1.so.0.40.0
734bc20b6000-734bc20b7000 rw-p 000a9000 08:03 2257018                    /usr/lib/x86_64-linux-gnu/libpixman-1.so.0.40.0
734bc20b7000-734bc20c0000 r--p 00000000 08:03 2238456                    /usr/lib/x86_64-linux-gnu/libharfbuzz.so.0.20704.0
734bc20c0000-734bc2151000 r-xp 00009000 08:03 2238456                    /usr/lib/x86_64-linux-gnu/libharfbuzz.so.0.20704.0
734bc2151000-734bc2183000 r--p 0009a000 08:03 2238456                    /usr/lib/x86_64-linux-gnu/libharfbuzz.so.0.20704.0
734bc2183000-734bc2184000 ---p 000cc000 08:03 2238456                    /usr/lib/x86_64-linux-gnu/libharfbuzz.so.0.20704.0
734bc2184000-734bc2185000 r--p 000cc000 08:03 2238456                    /usr/lib/x86_64-linux-gnu/libharfbuzz.so.0.20704.0
734bc2185000-734bc2186000 rw-p 000cd000 08:03 2238456                    /usr/lib/x86_64-linux-gnu/libharfbuzz.so.0.20704.0
734bc2186000-734bc21a3000 r--p 00000000 08:03 2229511                    /usr/lib/x86_64-linux-gnu/libglib-2.0.so.0.7200.4
734bc21a3000-734bc2233000 r-xp 0001d000 08:03 2229511                    /usr/lib/x86_64-linux-gnu/libglib-2.0.so.0.7200.4
734bc2233000-734bc22bd000 r--p 000ad000 08:03 2229511                    /usr/lib/x86_64-linux-gnu/libglib-2.0.so.0.7200.4
734bc22bd000-734bc22be000 ---p 00137000 08:03 2229511                    /usr/lib/x86_64-linux-gnu/libglib-2.0.so.0.7200.4
734bc22be000-734bc22bf000 r--p 00137000 08:03 2229511                    /usr/lib/x86_64-linux-gnu/libglib-2.0.so.0.7200.4
734bc22bf000-734bc22c0000 rw-p 00138000 08:03 2229511                    /usr/lib/x86_64-linux-gnu/libglib-2.0.so.0.7200.4
734bc22c0000-734bc22c1000 rw-p 00000000 00:00 0 
734bc22c1000-734bc22f9000 r--p 00000000 08:03 2229457                    /usr/lib/x86_64-linux-gnu/libgio-2.0.so.0.7200.4
734bc22f9000-734bc240b000 r-xp 00038000 08:03 2229457                    /usr/lib/x86_64-linux-gnu/libgio-2.0.so.0.7200.4
734bc240b000-734bc2491000 r--p 0014a000 08:03 2229457                    /usr/lib/x86_64-linux-gnu/libgio-2.0.so.0.7200.4
734bc2491000-734bc2499000 r--p 001cf000 08:03 2229457                    /usr/lib/x86_64-linux-gnu/libgio-2.0.so.0.7200.4
734bc2499000-734bc249a000 rw-p 001d7000 08:03 2229457                    /usr/lib/x86_64-linux-gnu/libgio-2.0.so.0.7200.4
734bc249a000-734bc249c000 rw-p 00000000 00:00 0 
734bc249c000-734bc24fc000 r--p 00000000 08:03 2256337                    /usr/lib/x86_64-linux-gnu/libepoxy.so.0.0.0
734bc24fc000-734bc2565000 r-xp 00060000 08:03 2256337                    /usr/lib/x86_64-linux-gnu/libepoxy.so.0.0.0
734bc2565000-734bc25c2000 r--p 000c9000 08:03 2256337                    /usr/lib/x86_64-linux-gnu/libepoxy.so.0.0.0
734bc25c2000-734bc25ca000 r--p 00125000 08:03 2256337                    /usr/lib/x86_64-linux-gnu/libepoxy.so.0.0.0
734bc25ca000-734bc25d1000 rw-p 0012d000 08:03 2256337                    /usr/lib/x86_64-linux-gnu/libepoxy.so.0.0.0
734bc25d1000-734bc25e3000 r--p 00000000 08:03 2236044                    /usr/lib/x86_64-linux-gnu/libcairo.so.2.11600.0
734bc25e3000-734bc26b6000 r-xp 00012000 08:03 2236044                    /usr/lib/x86_64-linux-gnu/libcairo.so.2.11600.0
734bc26b6000-734bc26f3000 r--p 000e5000 08:03 2236044                    /usr/lib/x86_64-linux-gnu/libcairo.so.2.11600.0
734bc26f3000-734bc26f7000 r--p 00121000 08:03 2236044                    /usr/lib/x86_64-linux-gnu/libcairo.so.2.11600.0
734bc26f7000-734bc26f8000 rw-p 00125000 08:03 2236044                    /usr/lib/x86_64-linux-gnu/libcairo.so.2.11600.0
734bc26f8000-734bc26f9000 rw-p 00000000 00:00 0 
734bc26f9000-734bc2724000 r--p 00000000 08:03 2256461                    /usr/lib/x86_64-linux-gnu/libgdk-3.so.0.2404.29
734bc2724000-734bc27a7000 r-xp 0002b000 08:03 2256461                    /usr/lib/x86_64-linux-gnu/libgdk-3.so.0.2404.29
734bc27a7000-734bc27f4000 r--p 000ae000 08:03 2256461                    /usr/lib/x86_64-linux-gnu/libgdk-3.so.0.2404.29
734bc27f4000-734bc27fd000 r--p 000fa000 08:03 2256461                    /usr/lib/x86_64-linux-gnu/libgdk-3.so.0.2404.29
734bc27fd000-734bc27ff000 rw-p 00103000 08:03 2256461                    /usr/lib/x86_64-linux-gnu/libgdk-3.so.0.2404.29
734bc27ff000-734bc2800000 rw-p 00000000 00:00 0 
734bc2800000-734bc2884000 r--p 00000000 08:03 2256610                    /usr/lib/x86_64-linux-gnu/libgtk-3.so.0.2404.29
734bc2884000-734bc2c07000 r-xp 00084000 08:03 2256610                    /usr/lib/x86_64-linux-gnu/libgtk-3.so.0.2404.29
734bc2c07000-734bc3012000 r--p 00407000 08:03 2256610                    /usr/lib/x86_64-linux-gnu/libgtk-3.so.0.2404.29
734bc3012000-734bc3022000 r--p 00811000 08:03 2256610                    /usr/lib/x86_64-linux-gnu/libgtk-3.so.0.2404.29
734bc3022000-734bc3024000 rw-p 00821000 08:03 2256610                    /usr/lib/x86_64-linux-gnu/libgtk-3.so.0.2404.29
734bc3024000-734bc3029000 rw-p 00000000 00:00 0 
734bc3029000-734bc302c000 r--s 00000000 08:03 567937                     /var/cache/fontconfig/97f2fbba-5bfa-4fe6-bf20-a50f6df244d5-le64.cache-7
734bc302c000-734bc302d000 r--p 00000000 08:03 2238715                    /usr/lib/x86_64-linux-gnu/libgthread-2.0.so.0.7200.4
734bc302d000-734bc302e000 r-xp 00001000 08:03 2238715                    /usr/lib/x86_64-linux-gnu/libgthread-2.0.so.0.7200.4
734bc302e000-734bc302f000 r--p 00002000 08:03 2238715                    /usr/lib/x86_64-linux-gnu/libgthread-2.0.so.0.7200.4
734bc302f000-734bc3030000 r--p 00002000 08:03 2238715                    /usr/lib/x86_64-linux-gnu/libgthread-2.0.so.0.7200.4
734bc3030000-734bc3031000 rw-p 00003000 08:03 2238715                    /usr/lib/x86_64-linux-gnu/libgthread-2.0.so.0.7200.4
734bc3031000-734bc3033000 r--p 00000000 08:03 2255875                    /usr/lib/x86_64-linux-gnu/libXrender.so.1.3.0
734bc3033000-734bc303a000 r-xp 00002000 08:03 2255875                    /usr/lib/x86_64-linux-gnu/libXrender.so.1.3.0
734bc303a000-734bc303c000 r--p 00009000 08:03 2255875                    /usr/lib/x86_64-linux-gnu/libXrender.so.1.3.0
734bc303c000-734bc303d000 r--p 0000a000 08:03 2255875                    /usr/lib/x86_64-linux-gnu/libXrender.so.1.3.0
734bc303d000-734bc303e000 rw-p 0000b000 08:03 2255875                    /usr/lib/x86_64-linux-gnu/libXrender.so.1.3.0
734bc303e000-734bc3043000 r--p 00000000 08:03 2236773                    /usr/lib/x86_64-linux-gnu/libpng16.so.16.37.0
734bc3043000-734bc306c000 r-xp 00005000 08:03 2236773                    /usr/lib/x86_64-linux-gnu/libpng16.so.16.37.0
734bc306c000-734bc3077000 r--p 0002e000 08:03 2236773                    /usr/lib/x86_64-linux-gnu/libpng16.so.16.37.0
734bc3077000-734bc3078000 r--p 00038000 08:03 2236773                    /usr/lib/x86_64-linux-gnu/libpng16.so.16.37.0
734bc3078000-734bc3079000 rw-p 00039000 08:03 2236773                    /usr/lib/x86_64-linux-gnu/libpng16.so.16.37.0
734bc3079000-734bc307d000 r--p 00000000 08:03 2257465                    /usr/lib/x86_64-linux-gnu/libxkbcommon.so.0.0.0
734bc307d000-734bc309c000 r-xp 00004000 08:03 2257465                    /usr/lib/x86_64-linux-gnu/libxkbcommon.so.0.0.0
734bc309c000-734bc30bd000 r--p 00023000 08:03 2257465                    /usr/lib/x86_64-linux-gnu/libxkbcommon.so.0.0.0
734bc30bd000-734bc30bf000 r--p 00043000 08:03 2257465                    /usr/lib/x86_64-linux-gnu/libxkbcommon.so.0.0.0
734bc30bf000-734bc30c0000 rw-p 00045000 08:03 2257465                    /usr/lib/x86_64-linux-gnu/libxkbcommon.so.0.0.0
734bc30c0000-734bc30d9000 r--p 00000000 08:03 2255838                    /usr/lib/x86_64-linux-gnu/libX11.so.6.4.0
734bc30d9000-734bc3165000 r-xp 00019000 08:03 2255838                    /usr/lib/x86_64-linux-gnu/libX11.so.6.4.0
734bc3165000-734bc31fa000 r--p 000a5000 08:03 2255838                    /usr/lib/x86_64-linux-gnu/libX11.so.6.4.0
734bc31fa000-734bc31fb000 ---p 0013a000 08:03 2255838                    /usr/lib/x86_64-linux-gnu/libX11.so.6.4.0
734bc31fb000-734bc31fc000 r--p 0013a000 08:03 2255838                    /usr/lib/x86_64-linux-gnu/libX11.so.6.4.0
734bc31fc000-734bc3200000 rw-p 0013b000 08:03 2255838                    /usr/lib/x86_64-linux-gnu/libX11.so.6.4.0
734bc3200000-734bc3204000 ---p 00000000 00:00 0 
734bc3204000-734bc3300000 rw-p 00000000 00:00 0 
734bc3300000-734bc3304000 ---p 00000000 00:00 0 
734bc3304000-734bc3400000 rw-p 00000000 00:00 0 
734bc3400000-734bc3404000 ---p 00000000 00:00 0 
734bc3404000-734bc3500000 rw-p 00000000 00:00 0 
734bc3500000-734bc3504000 ---p 00000000 00:00 0 
734bc3504000-734bc3600000 rw-p 00000000 00:00 0 
734bc3600000-734bc3604000 ---p 00000000 00:00 0 
734bc3604000-734bc3700000 rw-p 00000000 00:00 0 
734bc3700000-734bc3704000 ---p 00000000 00:00 0 
734bc3704000-734bc3800000 rw-p 00000000 00:00 0 
734bc3800000-734bc3ff1000 r--p 00000000 08:03 2230508                    /usr/lib/locale/locale-archive
734bc3ff1000-734bc3ff6000 r--p 00000000 08:03 2257441                    /usr/lib/x86_64-linux-gnu/libxcb-render.so.0.0.0
734bc3ff6000-734bc3ffb000 r-xp 00005000 08:03 2257441                    /usr/lib/x86_64-linux-gnu/libxcb-render.so.0.0.0
734bc3ffb000-734bc3ffd000 r--p 0000a000 08:03 2257441                    /usr/lib/x86_64-linux-gnu/libxcb-render.so.0.0.0
734bc3ffd000-734bc3ffe000 ---p 0000c000 08:03 2257441                    /usr/lib/x86_64-linux-gnu/libxcb-render.so.0.0.0
734bc3ffe000-734bc3fff000 r--p 0000c000 08:03 2257441                    /usr/lib/x86_64-linux-gnu/libxcb-render.so.0.0.0
734bc3fff000-734bc4000000 rw-p 0000d000 08:03 2257441                    /usr/lib/x86_64-linux-gnu/libxcb-render.so.0.0.0
734bc4000000-734bc4021000 rw-p 00000000 00:00 0 
734bc4021000-734bc8000000 ---p 00000000 00:00 0 
734bc8000000-734bc802a000 rw-p 00000000 00:00 0 
734bc802a000-734bcc000000 ---p 00000000 00:00 0 
734bcc000000-734bcc021000 rw-p 00000000 00:00 0 
734bcc021000-734bd0000000 ---p 00000000 00:00 0 
734bd0000000-734bd0021000 rw-p 00000000 00:00 0 
734bd0021000-734bd4000000 ---p 00000000 00:00 0 
734bd4000000-734bd4021000 rw-p 00000000 00:00 0 
734bd4021000-734bd8000000 ---p 00000000 00:00 0 
734bd8000000-734bd8021000 rw-p 00000000 00:00 0 
734bd8021000-734bdc000000 ---p 00000000 00:00 0 
734bdc000000-734bdc021000 rw-p 00000000 00:00 0 
734bdc021000-734be0000000 ---p 00000000 00:00 0 
734be0000000-734be0001000 r--s 00000000 08:03 567930                     /var/cache/fontconfig/78a96d83-08ca-4bbc-badf-06c1b534e220-le64.cache-7
734be0001000-734be0003000 r--p 00000000 08:03 2228506                    /usr/lib/x86_64-linux-gnu/libuuid.so.1.3.0
734be0003000-734be0007000 r-xp 00002000 08:03 2228506                    /usr/lib/x86_64-linux-gnu/libuuid.so.1.3.0
734be0007000-734be0008000 r--p 00006000 08:03 2228506                    /usr/lib/x86_64-linux-gnu/libuuid.so.1.3.0
734be0008000-734be0009000 r--p 00006000 08:03 2228506                    /usr/lib/x86_64-linux-gnu/libuuid.so.1.3.0
734be0009000-734be000a000 rw-p 00007000 08:03 2228506                    /usr/lib/x86_64-linux-gnu/libuuid.so.1.3.0
734be000a000-734be000b000 r--p 00000000 08:03 2257447                    /usr/lib/x86_64-linux-gnu/libxcb-shm.so.0.0.0
734be000b000-734be000c000 r-xp 00001000 08:03 2257447                    /usr/lib/x86_64-linux-gnu/libxcb-shm.so.0.0.0
734be000c000-734be000d000 r--p 00002000 08:03 2257447                    /usr/lib/x86_64-linux-gnu/libxcb-shm.so.0.0.0
734be000d000-734be000e000 r--p 00002000 08:03 2257447                    /usr/lib/x86_64-linux-gnu/libxcb-shm.so.0.0.0
734be000e000-734be000f000 rw-p 00003000 08:03 2257447                    /usr/lib/x86_64-linux-gnu/libxcb-shm.so.0.0.0
734be000f000-734be0013000 r--p 00000000 08:03 2255855                    /usr/lib/x86_64-linux-gnu/libXext.so.6.4.0
734be0013000-734be001e000 r-xp 00004000 08:03 2255855                    /usr/lib/x86_64-linux-gnu/libXext.so.6.4.0
734be001e000-734be0022000 r--p 0000f000 08:03 2255855                    /usr/lib/x86_64-linux-gnu/libXext.so.6.4.0
734be0022000-734be0023000 r--p 00012000 08:03 2255855                    /usr/lib/x86_64-linux-gnu/libXext.so.6.4.0
734be0023000-734be0024000 rw-p 00013000 08:03 2255855                    /usr/lib/x86_64-linux-gnu/libXext.so.6.4.0
734be0024000-734be0029000 r--p 00000000 08:03 2257378                    /usr/lib/x86_64-linux-gnu/libwayland-client.so.0.20.0
734be0029000-734be002f000 r-xp 00005000 08:03 2257378                    /usr/lib/x86_64-linux-gnu/libwayland-client.so.0.20.0
734be002f000-734be0031000 r--p 0000b000 08:03 2257378                    /usr/lib/x86_64-linux-gnu/libwayland-client.so.0.20.0
734be0031000-734be0032000 ---p 0000d000 08:03 2257378                    /usr/lib/x86_64-linux-gnu/libwayland-client.so.0.20.0
734be0032000-734be0034000 r--p 0000d000 08:03 2257378                    /usr/lib/x86_64-linux-gnu/libwayland-client.so.0.20.0
734be0034000-734be0035000 rw-p 0000f000 08:03 2257378                    /usr/lib/x86_64-linux-gnu/libwayland-client.so.0.20.0
734be0035000-734be0036000 r--p 00000000 08:03 2257382                    /usr/lib/x86_64-linux-gnu/libwayland-egl.so.1.20.0
734be0036000-734be0037000 r-xp 00001000 08:03 2257382                    /usr/lib/x86_64-linux-gnu/libwayland-egl.so.1.20.0
734be0037000-734be0038000 r--p 00002000 08:03 2257382                    /usr/lib/x86_64-linux-gnu/libwayland-egl.so.1.20.0
734be0038000-734be0039000 r--p 00002000 08:03 2257382                    /usr/lib/x86_64-linux-gnu/libwayland-egl.so.1.20.0
734be0039000-734be003a000 rw-p 00003000 08:03 2257382                    /usr/lib/x86_64-linux-gnu/libwayland-egl.so.1.20.0
734be003a000-734be003c000 r--p 00000000 08:03 2257380                    /usr/lib/x86_64-linux-gnu/libwayland-cursor.so.0.20.0
734be003c000-734be003e000 r-xp 00002000 08:03 2257380                    /usr/lib/x86_64-linux-gnu/libwayland-cursor.so.0.20.0
734be003e000-734be003f000 r--p 00004000 08:03 2257380                    /usr/lib/x86_64-linux-gnu/libwayland-cursor.so.0.20.0
734be003f000-734be0040000 r--p 00004000 08:03 2257380                    /usr/lib/x86_64-linux-gnu/libwayland-cursor.so.0.20.0
734be0040000-734be0044000 rw-p 00005000 08:03 2257380                    /usr/lib/x86_64-linux-gnu/libwayland-cursor.so.0.20.0
734be0044000-734be0045000 r--p 00000000 08:03 2255851                    /usr/lib/x86_64-linux-gnu/libXdamage.so.1.1.0
734be0045000-734be0046000 r-xp 00001000 08:03 2255851                    /usr/lib/x86_64-linux-gnu/libXdamage.so.1.1.0
734be0046000-734be0047000 r--p 00002000 08:03 2255851                    /usr/lib/x86_64-linux-gnu/libXdamage.so.1.1.0
734be0047000-734be0048000 r--p 00002000 08:03 2255851                    /usr/lib/x86_64-linux-gnu/libXdamage.so.1.1.0
734be0048000-734be0049000 rw-p 00003000 08:03 2255851                    /usr/lib/x86_64-linux-gnu/libXdamage.so.1.1.0
734be0049000-734be0050000 r--p 00000000 08:03 2256387                    /usr/lib/x86_64-linux-gnu/libfontconfig.so.1.12.0
734be0050000-734be0079000 r-xp 00007000 08:03 2256387                    /usr/lib/x86_64-linux-gnu/libfontconfig.so.1.12.0
734be0079000-734be008f000 r--p 00030000 08:03 2256387                    /usr/lib/x86_64-linux-gnu/libfontconfig.so.1.12.0
734be008f000-734be0090000 ---p 00046000 08:03 2256387                    /usr/lib/x86_64-linux-gnu/libfontconfig.so.1.12.0
734be0090000-734be0092000 r--p 00046000 08:03 2256387                    /usr/lib/x86_64-linux-gnu/libfontconfig.so.1.12.0
734be0092000-734be0093000 rw-p 00048000 08:03 2256387                    /usr/lib/x86_64-linux-gnu/libfontconfig.so.1.12.0
734be0093000-734be00a2000 r--p 00000000 08:03 2233382                    /usr/lib/x86_64-linux-gnu/libgobject-2.0.so.0.7200.4
734be00a2000-734be00d5000 r-xp 0000f000 08:03 2233382                    /usr/lib/x86_64-linux-gnu/libgobject-2.0.so.0.7200.4
734be00d5000-734be00ef000 r--p 00042000 08:03 2233382                    /usr/lib/x86_64-linux-gnu/libgobject-2.0.so.0.7200.4
734be00ef000-734be00f2000 r--p 0005b000 08:03 2233382                    /usr/lib/x86_64-linux-gnu/libgobject-2.0.so.0.7200.4
734be00f2000-734be00f3000 rw-p 0005e000 08:03 2233382                    /usr/lib/x86_64-linux-gnu/libgobject-2.0.so.0.7200.4
734be00f3000-734be00f7000 ---p 00000000 00:00 0 
734be00f7000-734be01f3000 rw-p 00000000 00:00 0 
734be01f3000-734be01f7000 ---p 00000000 00:00 0 
734be01f7000-734be02f3000 rw-p 00000000 00:00 0 
734be02f3000-734be02f7000 ---p 00000000 00:00 0 
734be02f7000-734be03f3000 rw-p 00000000 00:00 0 
734be03f3000-734be03f7000 ---p 00000000 00:00 0 
734be03f7000-734be04f3000 rw-p 00000000 00:00 0 
734be04f3000-734be04f7000 ---p 00000000 00:00 0 
734be04f7000-734be05f3000 rw-p 00000000 00:00 0 
734be05f3000-734be05f7000 ---p 00000000 00:00 0 
734be05f7000-734be06f3000 rw-p 00000000 00:00 0 
734be06f3000-734be06f4000 ---p 00000000 00:00 0 
734be06f4000-734be06f8000 ---p 00000000 00:00 0 
734be06f8000-734be07f4000 rw-p 00000000 00:00 0 
734be07f4000-734be07f5000 ---p 00000000 00:00 0 
734be07f5000-734be08f5000 rw-p 00000000 00:00 0 
734be08f5000-734be08f6000 ---p 00000000 00:00 0 
734be08f6000-734be09f6000 rw-p 00000000 00:00 0 
734be09f6000-734be09f7000 ---p 00000000 00:00 0 
734be09f7000-734be0af7000 rw-p 00000000 00:00 0 
734be0af7000-734be0af8000 ---p 00000000 00:00 0 
734be0af8000-734be0bf8000 rw-p 00000000 00:00 0 
734be0bf8000-734be3400000 rw-p 00000000 00:00 0 
734be3400000-734be3402000 r--p 00000000 08:03 2255849                    /usr/lib/x86_64-linux-gnu/libXcursor.so.1.0.2
734be3402000-734be3408000 r-xp 00002000 08:03 2255849                    /usr/lib/x86_64-linux-gnu/libXcursor.so.1.0.2
734be3408000-734be340a000 r--p 00008000 08:03 2255849                    /usr/lib/x86_64-linux-gnu/libXcursor.so.1.0.2
734be340a000-734be340b000 r--p 00009000 08:03 2255849                    /usr/lib/x86_64-linux-gnu/libXcursor.so.1.0.2
734be340b000-734be340c000 rw-p 0000a000 08:03 2255849                    /usr/lib/x86_64-linux-gnu/libXcursor.so.1.0.2
734be340c000-734be340e000 r--p 00000000 08:03 2255873                    /usr/lib/x86_64-linux-gnu/libXrandr.so.2.2.0
734be340e000-734be3415000 r-xp 00002000 08:03 2255873                    /usr/lib/x86_64-linux-gnu/libXrandr.so.2.2.0
734be3415000-734be3417000 r--p 00009000 08:03 2255873                    /usr/lib/x86_64-linux-gnu/libXrandr.so.2.2.0
734be3417000-734be3418000 r--p 0000a000 08:03 2255873                    /usr/lib/x86_64-linux-gnu/libXrandr.so.2.2.0
734be3418000-734be3419000 rw-p 0000b000 08:03 2255873                    /usr/lib/x86_64-linux-gnu/libXrandr.so.2.2.0
734be3419000-734be342b000 r--p 00000000 08:03 2256967                    /usr/lib/x86_64-linux-gnu/libpango-1.0.so.0.5000.6
734be342b000-734be3460000 r-xp 00012000 08:03 2256967                    /usr/lib/x86_64-linux-gnu/libpango-1.0.so.0.5000.6
734be3460000-734be347b000 r--p 00047000 08:03 2256967                    /usr/lib/x86_64-linux-gnu/libpango-1.0.so.0.5000.6
734be347b000-734be347f000 r--p 00061000 08:03 2256967                    /usr/lib/x86_64-linux-gnu/libpango-1.0.so.0.5000.6
734be347f000-734be3480000 rw-p 00065000 08:03 2256967                    /usr/lib/x86_64-linux-gnu/libpango-1.0.so.0.5000.6
734be3480000-734be3487000 r--p 00000000 08:03 2256971                    /usr/lib/x86_64-linux-gnu/libpangoft2-1.0.so.0.5000.6
734be3487000-734be3494000 r-xp 00007000 08:03 2256971                    /usr/lib/x86_64-linux-gnu/libpangoft2-1.0.so.0.5000.6
734be3494000-734be3498000 r--p 00014000 08:03 2256971                    /usr/lib/x86_64-linux-gnu/libpangoft2-1.0.so.0.5000.6
734be3498000-734be3499000 ---p 00018000 08:03 2256971                    /usr/lib/x86_64-linux-gnu/libpangoft2-1.0.so.0.5000.6
734be3499000-734be349a000 r--p 00018000 08:03 2256971                    /usr/lib/x86_64-linux-gnu/libpangoft2-1.0.so.0.5000.6
734be349a000-734be349b000 rw-p 00019000 08:03 2256971                    /usr/lib/x86_64-linux-gnu/libpangoft2-1.0.so.0.5000.6
734be349b000-734be34a7000 r--p 00000000 08:03 2256051                    /usr/lib/x86_64-linux-gnu/libatk-bridge-2.0.so.0.0.0
734be34a7000-734be34c0000 r-xp 0000c000 08:03 2256051                    /usr/lib/x86_64-linux-gnu/libatk-bridge-2.0.so.0.0.0
734be34c0000-734be34cf000 r--p 00025000 08:03 2256051                    /usr/lib/x86_64-linux-gnu/libatk-bridge-2.0.so.0.0.0
734be34cf000-734be34d0000 ---p 00034000 08:03 2256051                    /usr/lib/x86_64-linux-gnu/libatk-bridge-2.0.so.0.0.0
734be34d0000-734be34d1000 r--p 00034000 08:03 2256051                    /usr/lib/x86_64-linux-gnu/libatk-bridge-2.0.so.0.0.0
734be34d1000-734be34d3000 rw-p 00035000 08:03 2256051                    /usr/lib/x86_64-linux-gnu/libatk-bridge-2.0.so.0.0.0
734be34d3000-734be34de000 r--p 00000000 08:03 2256049                    /usr/lib/x86_64-linux-gnu/libatk-1.0.so.0.23609.1
734be34de000-734be34ed000 r-xp 0000b000 08:03 2256049                    /usr/lib/x86_64-linux-gnu/libatk-1.0.so.0.23609.1
734be34ed000-734be34f9000 r--p 0001a000 08:03 2256049                    /usr/lib/x86_64-linux-gnu/libatk-1.0.so.0.23609.1
734be34f9000-734be34fc000 r--p 00025000 08:03 2256049                    /usr/lib/x86_64-linux-gnu/libatk-1.0.so.0.23609.1
734be34fc000-734be34fd000 rw-p 00028000 08:03 2256049                    /usr/lib/x86_64-linux-gnu/libatk-1.0.so.0.23609.1
734be34fd000-734be34fe000 ---p 00000000 00:00 0 
734be34fe000-734be35fe000 rw-p 00000000 00:00 0 
734be35fe000-734be35ff000 ---p 00000000 00:00 0 
734be35ff000-734be36ff000 rw-p 00000000 00:00 0 
734be36ff000-734be3700000 ---p 00000000 00:00 0 
734be3700000-734be3800000 rw-p 00000000 00:00 0 
734be3800000-734be3a08000 rw-p 00000000 00:00 0 
734be3a08000-734be3fe8000 ---p 00000000 00:00 0 
734be3fe8000-734be4000000 rw-p 00000000 00:00 0 
734be4000000-734be4001000 r--s 00000000 08:03 567931                     /var/cache/fontconfig/7c212338-7ef8-4c2f-87da-8780d667c32d-le64.cache-7
734be4001000-734be4002000 r--s 00000000 08:03 567963                     /var/cache/fontconfig/fc8ce84f-925b-41ff-a5b4-41e1894125be-le64.cache-7
734be4002000-734be4003000 r--p 00000000 08:03 2255847                    /usr/lib/x86_64-linux-gnu/libXcomposite.so.1.0.0
734be4003000-734be4004000 r-xp 00001000 08:03 2255847                    /usr/lib/x86_64-linux-gnu/libXcomposite.so.1.0.0
734be4004000-734be4005000 r--p 00002000 08:03 2255847                    /usr/lib/x86_64-linux-gnu/libXcomposite.so.1.0.0
734be4005000-734be4006000 r--p 00002000 08:03 2255847                    /usr/lib/x86_64-linux-gnu/libXcomposite.so.1.0.0
734be4006000-734be4007000 rw-p 00003000 08:03 2255847                    /usr/lib/x86_64-linux-gnu/libXcomposite.so.1.0.0
734be4007000-734be4008000 r--p 00000000 08:03 2255865                    /usr/lib/x86_64-linux-gnu/libXinerama.so.1.0.0
734be4008000-734be4009000 r-xp 00001000 08:03 2255865                    /usr/lib/x86_64-linux-gnu/libXinerama.so.1.0.0
734be4009000-734be400a000 r--p 00002000 08:03 2255865                    /usr/lib/x86_64-linux-gnu/libXinerama.so.1.0.0
734be400a000-734be400b000 r--p 00003000 08:03 2255865                    /usr/lib/x86_64-linux-gnu/libXinerama.so.1.0.0
734be400b000-734be400c000 rw-p 00004000 08:03 2255865                    /usr/lib/x86_64-linux-gnu/libXinerama.so.1.0.0
734be400c000-734be400e000 r--p 00000000 08:03 2256413                    /usr/lib/x86_64-linux-gnu/libfribidi.so.0.4.0
734be400e000-734be4011000 r-xp 00002000 08:03 2256413                    /usr/lib/x86_64-linux-gnu/libfribidi.so.0.4.0
734be4011000-734be4026000 r--p 00005000 08:03 2256413                    /usr/lib/x86_64-linux-gnu/libfribidi.so.0.4.0
734be4026000-734be4027000 r--p 00019000 08:03 2256413                    /usr/lib/x86_64-linux-gnu/libfribidi.so.0.4.0
734be4027000-734be4028000 rw-p 0001a000 08:03 2256413                    /usr/lib/x86_64-linux-gnu/libfribidi.so.0.4.0
734be4028000-734be4030000 r--p 00000000 08:03 2236115                    /usr/lib/x86_64-linux-gnu/libgdk_pixbuf-2.0.so.0.4200.8
734be4030000-734be404b000 r-xp 00008000 08:03 2236115                    /usr/lib/x86_64-linux-gnu/libgdk_pixbuf-2.0.so.0.4200.8
734be404b000-734be4055000 r--p 00023000 08:03 2236115                    /usr/lib/x86_64-linux-gnu/libgdk_pixbuf-2.0.so.0.4200.8
734be4055000-734be4056000 ---p 0002d000 08:03 2236115                    /usr/lib/x86_64-linux-gnu/libgdk_pixbuf-2.0.so.0.4200.8
734be4056000-734be4057000 r--p 0002d000 08:03 2236115                    /usr/lib/x86_64-linux-gnu/libgdk_pixbuf-2.0.so.0.4200.8
734be4057000-734be4058000 rw-p 0002e000 08:03 2236115                    /usr/lib/x86_64-linux-gnu/libgdk_pixbuf-2.0.so.0.4200.8
734be4058000-734be405c000 r--p 00000000 08:03 2236042                    /usr/lib/x86_64-linux-gnu/libcairo-gobject.so.2.11600.0
734be405c000-734be405e000 r-xp 00004000 08:03 2236042                    /usr/lib/x86_64-linux-gnu/libcairo-gobject.so.2.11600.0
734be405e000-734be4060000 r--p 00006000 08:03 2236042                    /usr/lib/x86_64-linux-gnu/libcairo-gobject.so.2.11600.0
734be4060000-734be4061000 ---p 00008000 08:03 2236042                    /usr/lib/x86_64-linux-gnu/libcairo-gobject.so.2.11600.0
734be4061000-734be4063000 r--p 00008000 08:03 2236042                    /usr/lib/x86_64-linux-gnu/libcairo-gobject.so.2.11600.0
734be4063000-734be4064000 rw-p 0000a000 08:03 2236042                    /usr/lib/x86_64-linux-gnu/libcairo-gobject.so.2.11600.0
734be4064000-734be4066000 r--p 00000000 08:03 2255857                    /usr/lib/x86_64-linux-gnu/libXfixes.so.3.1.0
734be4066000-734be4069000 r-xp 00002000 08:03 2255857                    /usr/lib/x86_64-linux-gnu/libXfixes.so.3.1.0
734be4069000-734be406a000 r--p 00005000 08:03 2255857                    /usr/lib/x86_64-linux-gnu/libXfixes.so.3.1.0
734be406a000-734be406b000 r--p 00006000 08:03 2255857                    /usr/lib/x86_64-linux-gnu/libXfixes.so.3.1.0
734be406b000-734be406c000 rw-p 00007000 08:03 2255857                    /usr/lib/x86_64-linux-gnu/libXfixes.so.3.1.0
734be406c000-734be406f000 r--p 00000000 08:03 2255863                    /usr/lib/x86_64-linux-gnu/libXi.so.6.1.0
734be406f000-734be407b000 r-xp 00003000 08:03 2255863                    /usr/lib/x86_64-linux-gnu/libXi.so.6.1.0
734be407b000-734be407e000 r--p 0000f000 08:03 2255863                    /usr/lib/x86_64-linux-gnu/libXi.so.6.1.0
734be407e000-734be407f000 r--p 00011000 08:03 2255863                    /usr/lib/x86_64-linux-gnu/libXi.so.6.1.0
734be407f000-734be4080000 rw-p 00012000 08:03 2255863                    /usr/lib/x86_64-linux-gnu/libXi.so.6.1.0
734be4080000-734be4085000 r--p 00000000 08:03 2256969                    /usr/lib/x86_64-linux-gnu/libpangocairo-1.0.so.0.5000.6
734be4085000-734be408d000 r-xp 00005000 08:03 2256969                    /usr/lib/x86_64-linux-gnu/libpangocairo-1.0.so.0.5000.6
734be408d000-734be408f000 r--p 0000d000 08:03 2256969                    /usr/lib/x86_64-linux-gnu/libpangocairo-1.0.so.0.5000.6
734be408f000-734be4090000 ---p 0000f000 08:03 2256969                    /usr/lib/x86_64-linux-gnu/libpangocairo-1.0.so.0.5000.6
734be4090000-734be4091000 r--p 0000f000 08:03 2256969                    /usr/lib/x86_64-linux-gnu/libpangocairo-1.0.so.0.5000.6
734be4091000-734be4092000 rw-p 00010000 08:03 2256969                    /usr/lib/x86_64-linux-gnu/libpangocairo-1.0.so.0.5000.6
734be4092000-734be4094000 r--p 00000000 08:03 2256801                    /usr/lib/x86_64-linux-gnu/libmd.so.0.0.5
734be4094000-734be409b000 r-xp 00002000 08:03 2256801                    /usr/lib/x86_64-linux-gnu/libmd.so.0.0.5
734be409b000-734be409d000 r--p 00009000 08:03 2256801                    /usr/lib/x86_64-linux-gnu/libmd.so.0.0.5
734be409d000-734be409e000 r--p 0000a000 08:03 2256801                    /usr/lib/x86_64-linux-gnu/libmd.so.0.0.5
734be409e000-734be409f000 rw-p 0000b000 08:03 2256801                    /usr/lib/x86_64-linux-gnu/libmd.so.0.0.5
734be409f000-734be40a3000 r--p 00000000 08:03 2256135                    /usr/lib/x86_64-linux-gnu/libbsd.so.0.11.5
734be40a3000-734be40b0000 r-xp 00004000 08:03 2256135                    /usr/lib/x86_64-linux-gnu/libbsd.so.0.11.5
734be40b0000-734be40b3000 r--p 00011000 08:03 2256135                    /usr/lib/x86_64-linux-gnu/libbsd.so.0.11.5
734be40b3000-734be40b4000 ---p 00014000 08:03 2256135                    /usr/lib/x86_64-linux-gnu/libbsd.so.0.11.5
734be40b4000-734be40b5000 r--p 00014000 08:03 2256135                    /usr/lib/x86_64-linux-gnu/libbsd.so.0.11.5
734be40b5000-734be40b6000 rw-p 00015000 08:03 2256135                    /usr/lib/x86_64-linux-gnu/libbsd.so.0.11.5
734be40b6000-734be40b7000 rw-p 00000000 00:00 0 
734be40b7000-734be40c2000 r--p 00000000 08:03 2257459                    /usr/lib/x86_64-linux-gnu/libxcb.so.1.1.0
734be40c2000-734be40d6000 r-xp 0000b000 08:03 2257459                    /usr/lib/x86_64-linux-gnu/libxcb.so.1.1.0
734be40d6000-734be40df000 r--p 0001f000 08:03 2257459                    /usr/lib/x86_64-linux-gnu/libxcb.so.1.1.0
734be40df000-734be40e0000 r--p 00027000 08:03 2257459                    /usr/lib/x86_64-linux-gnu/libxcb.so.1.1.0
734be40e0000-734be40e1000 rw-p 00028000 08:03 2257459                    /usr/lib/x86_64-linux-gnu/libxcb.so.1.1.0
734be40e1000-734be40e3000 r--p 00000000 08:03 3911                       /home/pi-dev/.jdks/temurin-25.0.2/lib/libzip.so
734be40e3000-734be40f5000 r-xp 00002000 08:03 3911                       /home/pi-dev/.jdks/temurin-25.0.2/lib/libzip.so
734be40f5000-734be40fd000 r--p 00014000 08:03 3911                       /home/pi-dev/.jdks/temurin-25.0.2/lib/libzip.so
734be40fd000-734be40fe000 r--p 0001b000 08:03 3911                       /home/pi-dev/.jdks/temurin-25.0.2/lib/libzip.so
734be40fe000-734be40ff000 rw-p 0001c000 08:03 3911                       /home/pi-dev/.jdks/temurin-25.0.2/lib/libzip.so
734be40ff000-734be4140000 rw-p 00000000 00:00 0 
734be4140000-734be41fc000 ---p 00000000 00:00 0 
734be41fc000-734be4240000 rw-p 00000000 00:00 0 
734be4240000-734be42fc000 ---p 00000000 00:00 0 
734be42fc000-734be4400000 rw-p 00000000 00:00 0 
734be4400000-734be4f00000 rwxp 00000000 00:00 0 
734be4f00000-734beb937000 ---p 00000000 00:00 0 
734beb937000-734bebba7000 rwxp 00000000 00:00 0 
734bebba7000-734bebec8000 ---p 00000000 00:00 0 
734bebec8000-734bec188000 rwxp 00000000 00:00 0 
734bec188000-734bf3400000 ---p 00000000 00:00 0 
734bf3400000-734bfbf22000 r--s 00000000 08:03 3914                       /home/pi-dev/.jdks/temurin-25.0.2/lib/modules
734bfbf22000-734bfbf23000 r--s 00000000 08:03 567895                     /var/cache/fontconfig/0a7e56e2-b81e-4880-a3bb-bf7fb34906d6-le64.cache-7
734bfbf23000-734bfbf26000 r--p 00000000 08:03 1851292                    /home/pi-dev/.config/dconf/user
734bfbf26000-734bfbf28000 r--p 00000000 08:03 2229512                    /usr/lib/x86_64-linux-gnu/libgmodule-2.0.so.0.7200.4
734bfbf28000-734bfbf2a000 r-xp 00002000 08:03 2229512                    /usr/lib/x86_64-linux-gnu/libgmodule-2.0.so.0.7200.4
734bfbf2a000-734bfbf2b000 r--p 00004000 08:03 2229512                    /usr/lib/x86_64-linux-gnu/libgmodule-2.0.so.0.7200.4
734bfbf2b000-734bfbf2c000 r--p 00004000 08:03 2229512                    /usr/lib/x86_64-linux-gnu/libgmodule-2.0.so.0.7200.4
734bfbf2c000-734bfbf2d000 rw-p 00005000 08:03 2229512                    /usr/lib/x86_64-linux-gnu/libgmodule-2.0.so.0.7200.4
734bfbf2d000-734bfbf2f000 r--p 00000000 08:03 2259003                    /usr/lib/x86_64-linux-gnu/gtk-3.0/modules/libcanberra-gtk3-module.so
734bfbf2f000-734bfbf32000 r-xp 00002000 08:03 2259003                    /usr/lib/x86_64-linux-gnu/gtk-3.0/modules/libcanberra-gtk3-module.so
734bfbf32000-734bfbf33000 r--p 00005000 08:03 2259003                    /usr/lib/x86_64-linux-gnu/gtk-3.0/modules/libcanberra-gtk3-module.so
734bfbf33000-734bfbf34000 ---p 00006000 08:03 2259003                    /usr/lib/x86_64-linux-gnu/gtk-3.0/modules/libcanberra-gtk3-module.so
734bfbf34000-734bfbf35000 r--p 00006000 08:03 2259003                    /usr/lib/x86_64-linux-gnu/gtk-3.0/modules/libcanberra-gtk3-module.so
734bfbf35000-734bfbf36000 rw-p 00007000 08:03 2259003                    /usr/lib/x86_64-linux-gnu/gtk-3.0/modules/libcanberra-gtk3-module.so
734bfbf36000-734bfbf3d000 r--s 00000000 08:03 2237513                    /usr/lib/x86_64-linux-gnu/gconv/gconv-modules.cache
734bfbf3d000-734bfbf3e000 r--p 00000000 08:03 3907                       /home/pi-dev/.jdks/temurin-25.0.2/lib/libsimdsort.so
734bfbf3e000-734bfbf77000 r-xp 00001000 08:03 3907                       /home/pi-dev/.jdks/temurin-25.0.2/lib/libsimdsort.so
734bfbf77000-734bfbf7d000 r--p 0003a000 08:03 3907                       /home/pi-dev/.jdks/temurin-25.0.2/lib/libsimdsort.so
734bfbf7d000-734bfbf7e000 r--p 0003f000 08:03 3907                       /home/pi-dev/.jdks/temurin-25.0.2/lib/libsimdsort.so
734bfbf7e000-734bfbf7f000 rw-p 00040000 08:03 3907                       /home/pi-dev/.jdks/temurin-25.0.2/lib/libsimdsort.so
734bfbf7f000-734bfc000000 rw-p 00000000 00:00 0 
734bfc000000-734bfc190000 rw-p 00000000 00:00 0 
734bfc190000-734c00000000 ---p 00000000 00:00 0 
734c00000000-734c00003000 r--p 00000000 08:03 668963                     /usr/share/locale-langpack/fr/LC_MESSAGES/atk10.mo
734c00003000-734c00012000 r-xp 00000000 08:03 9618                       /home/pi-dev/.openjfx/cache/21.0.6+3/amd64/libprism_sw.so
734c00012000-734c00013000 r--p 0000e000 08:03 9618                       /home/pi-dev/.openjfx/cache/21.0.6+3/amd64/libprism_sw.so
734c00013000-734c00014000 rw-p 0000f000 08:03 9618                       /home/pi-dev/.openjfx/cache/21.0.6+3/amd64/libprism_sw.so
734c00014000-734c00017000 r--p 00000000 08:03 3901                       /home/pi-dev/.jdks/temurin-25.0.2/lib/libnet.so
734c00017000-734c0001f000 r-xp 00003000 08:03 3901                       /home/pi-dev/.jdks/temurin-25.0.2/lib/libnet.so
734c0001f000-734c00021000 r--p 0000b000 08:03 3901                       /home/pi-dev/.jdks/temurin-25.0.2/lib/libnet.so
734c00021000-734c00022000 r--p 0000c000 08:03 3901                       /home/pi-dev/.jdks/temurin-25.0.2/lib/libnet.so
734c00022000-734c00023000 rw-p 0000d000 08:03 3901                       /home/pi-dev/.jdks/temurin-25.0.2/lib/libnet.so
734c00023000-734c00730000 rw-p 00000000 00:00 0 
734c00730000-734c00815000 ---p 00000000 00:00 0 
734c00815000-734c0082b000 rw-p 00000000 00:00 0 
734c0082b000-734c00900000 ---p 00000000 00:00 0 
734c00900000-734c00904000 ---p 00000000 00:00 0 
734c00904000-734c00a00000 rw-p 00000000 00:00 0 
734c00a00000-734c00ce2000 r--p 00000000 08:03 3923                       /home/pi-dev/.jdks/temurin-25.0.2/lib/server/libjvm.so
734c00ce2000-734c01ce2000 r-xp 002e2000 08:03 3923                       /home/pi-dev/.jdks/temurin-25.0.2/lib/server/libjvm.so
734c01ce2000-734c01ff2000 r--p 012e2000 08:03 3923                       /home/pi-dev/.jdks/temurin-25.0.2/lib/server/libjvm.so
734c01ff2000-734c020dd000 r--p 015f2000 08:03 3923                       /home/pi-dev/.jdks/temurin-25.0.2/lib/server/libjvm.so
734c020dd000-734c02108000 rw-p 016dd000 08:03 3923                       /home/pi-dev/.jdks/temurin-25.0.2/lib/server/libjvm.so
734c02108000-734c02184000 rw-p 00000000 00:00 0 
734c02184000-734c02185000 r--s 00000000 08:03 567908                     /var/cache/fontconfig/3e1dc2e5-0510-4234-89da-f6c1b62baaa1-le64.cache-7
734c02185000-734c02186000 r--s 00000000 08:03 567909                     /var/cache/fontconfig/405c1d8a-685e-4f43-a05b-1c5c2ee38b37-le64.cache-7
734c02186000-734c02188000 r--p 00000000 08:03 2255853                    /usr/lib/x86_64-linux-gnu/libXdmcp.so.6.0.0
734c02188000-734c0218a000 r-xp 00002000 08:03 2255853                    /usr/lib/x86_64-linux-gnu/libXdmcp.so.6.0.0
734c0218a000-734c0218c000 r--p 00004000 08:03 2255853                    /usr/lib/x86_64-linux-gnu/libXdmcp.so.6.0.0
734c0218c000-734c0218d000 r--p 00005000 08:03 2255853                    /usr/lib/x86_64-linux-gnu/libXdmcp.so.6.0.0
734c0218d000-734c0218e000 rw-p 00006000 08:03 2255853                    /usr/lib/x86_64-linux-gnu/libXdmcp.so.6.0.0
734c0218e000-734c02196000 r--p 00000000 08:03 3902                       /home/pi-dev/.jdks/temurin-25.0.2/lib/libnio.so
734c02196000-734c0219f000 r-xp 00008000 08:03 3902                       /home/pi-dev/.jdks/temurin-25.0.2/lib/libnio.so
734c0219f000-734c021a3000 r--p 00011000 08:03 3902                       /home/pi-dev/.jdks/temurin-25.0.2/lib/libnio.so
734c021a3000-734c021a4000 r--p 00015000 08:03 3902                       /home/pi-dev/.jdks/temurin-25.0.2/lib/libnio.so
734c021a4000-734c021a5000 rw-p 00016000 08:03 3902                       /home/pi-dev/.jdks/temurin-25.0.2/lib/libnio.so
734c021a5000-734c02200000 rw-p 00000000 00:00 0 
734c02200000-734c02228000 r--p 00000000 08:03 2230377                    /usr/lib/x86_64-linux-gnu/libc.so.6
734c02228000-734c023bd000 r-xp 00028000 08:03 2230377                    /usr/lib/x86_64-linux-gnu/libc.so.6
734c023bd000-734c02415000 r--p 001bd000 08:03 2230377                    /usr/lib/x86_64-linux-gnu/libc.so.6
734c02415000-734c02416000 ---p 00215000 08:03 2230377                    /usr/lib/x86_64-linux-gnu/libc.so.6
734c02416000-734c0241a000 r--p 00215000 08:03 2230377                    /usr/lib/x86_64-linux-gnu/libc.so.6
734c0241a000-734c0241c000 rw-p 00219000 08:03 2230377                    /usr/lib/x86_64-linux-gnu/libc.so.6
734c0241c000-734c02429000 rw-p 00000000 00:00 0 
734c02429000-734c0242a000 r--s 00000000 08:03 567946                     /var/cache/fontconfig/cc039901-865d-4a52-9ed6-e1086a473dce-le64.cache-7
734c0242a000-734c0242b000 r--s 00000000 08:03 567952                     /var/cache/fontconfig/daba86dd-2f03-4399-bc14-2f86693f8871-le64.cache-7
734c0242b000-734c0242c000 r--p 00000000 08:03 2255842                    /usr/lib/x86_64-linux-gnu/libXau.so.6.0.0
734c0242c000-734c0242e000 r-xp 00001000 08:03 2255842                    /usr/lib/x86_64-linux-gnu/libXau.so.6.0.0
734c0242e000-734c0242f000 r--p 00003000 08:03 2255842                    /usr/lib/x86_64-linux-gnu/libXau.so.6.0.0
734c0242f000-734c02430000 r--p 00003000 08:03 2255842                    /usr/lib/x86_64-linux-gnu/libXau.so.6.0.0
734c02430000-734c02431000 rw-p 00004000 08:03 2255842                    /usr/lib/x86_64-linux-gnu/libXau.so.6.0.0
734c02431000-734c02456000 r--p 00000000 08:03 669185                     /usr/share/locale-langpack/fr/LC_MESSAGES/libc.mo
734c02456000-734c024be000 rw-p 00000000 00:00 0 
734c024be000-734c024c5000 ---p 00000000 00:00 0 
734c024c5000-734c024d3000 r--p 00000000 08:03 3887                       /home/pi-dev/.jdks/temurin-25.0.2/lib/libjava.so
734c024d3000-734c024e1000 r-xp 0000e000 08:03 3887                       /home/pi-dev/.jdks/temurin-25.0.2/lib/libjava.so
734c024e1000-734c024e6000 r--p 0001c000 08:03 3887                       /home/pi-dev/.jdks/temurin-25.0.2/lib/libjava.so
734c024e6000-734c024e7000 r--p 00021000 08:03 3887                       /home/pi-dev/.jdks/temurin-25.0.2/lib/libjava.so
734c024e7000-734c024e8000 rw-p 00022000 08:03 3887                       /home/pi-dev/.jdks/temurin-25.0.2/lib/libjava.so
734c024e8000-734c024e9000 rw-p 00000000 00:00 0 
734c024e9000-734c024ed000 r--p 00000000 08:03 3891                       /home/pi-dev/.jdks/temurin-25.0.2/lib/libjimage.so
734c024ed000-734c02505000 r-xp 00004000 08:03 3891                       /home/pi-dev/.jdks/temurin-25.0.2/lib/libjimage.so
734c02505000-734c0250b000 r--p 0001c000 08:03 3891                       /home/pi-dev/.jdks/temurin-25.0.2/lib/libjimage.so
734c0250b000-734c0250d000 r--p 00021000 08:03 3891                       /home/pi-dev/.jdks/temurin-25.0.2/lib/libjimage.so
734c0250d000-734c0250e000 rw-p 00023000 08:03 3891                       /home/pi-dev/.jdks/temurin-25.0.2/lib/libjimage.so
734c0250e000-734c0251c000 r--p 00000000 08:03 2230395                    /usr/lib/x86_64-linux-gnu/libm.so.6
734c0251c000-734c02598000 r-xp 0000e000 08:03 2230395                    /usr/lib/x86_64-linux-gnu/libm.so.6
734c02598000-734c025f3000 r--p 0008a000 08:03 2230395                    /usr/lib/x86_64-linux-gnu/libm.so.6
734c025f3000-734c025f4000 r--p 000e4000 08:03 2230395                    /usr/lib/x86_64-linux-gnu/libm.so.6
734c025f4000-734c025f5000 rw-p 000e5000 08:03 2230395                    /usr/lib/x86_64-linux-gnu/libm.so.6
734c025f5000-734c025f6000 r--p 00000000 08:03 2230461                    /usr/lib/x86_64-linux-gnu/librt.so.1
734c025f6000-734c025f7000 r-xp 00001000 08:03 2230461                    /usr/lib/x86_64-linux-gnu/librt.so.1
734c025f7000-734c025f8000 r--p 00002000 08:03 2230461                    /usr/lib/x86_64-linux-gnu/librt.so.1
734c025f8000-734c025f9000 r--p 00002000 08:03 2230461                    /usr/lib/x86_64-linux-gnu/librt.so.1
734c025f9000-734c025fa000 rw-p 00003000 08:03 2230461                    /usr/lib/x86_64-linux-gnu/librt.so.1
734c025fa000-734c025fc000 rw-p 00000000 00:00 0 
734c025fc000-734c025fd000 r--p 00000000 08:03 2230447                    /usr/lib/x86_64-linux-gnu/libpthread.so.0
734c025fd000-734c025fe000 r-xp 00001000 08:03 2230447                    /usr/lib/x86_64-linux-gnu/libpthread.so.0
734c025fe000-734c025ff000 r--p 00002000 08:03 2230447                    /usr/lib/x86_64-linux-gnu/libpthread.so.0
734c025ff000-734c02600000 r--p 00002000 08:03 2230447                    /usr/lib/x86_64-linux-gnu/libpthread.so.0
734c02600000-734c02601000 rw-p 00003000 08:03 2230447                    /usr/lib/x86_64-linux-gnu/libpthread.so.0
734c02601000-734c02602000 r--p 00000000 08:03 2230386                    /usr/lib/x86_64-linux-gnu/libdl.so.2
734c02602000-734c02603000 r-xp 00001000 08:03 2230386                    /usr/lib/x86_64-linux-gnu/libdl.so.2
734c02603000-734c02604000 r--p 00002000 08:03 2230386                    /usr/lib/x86_64-linux-gnu/libdl.so.2
734c02604000-734c02605000 r--p 00002000 08:03 2230386                    /usr/lib/x86_64-linux-gnu/libdl.so.2
734c02605000-734c02606000 rw-p 00003000 08:03 2230386                    /usr/lib/x86_64-linux-gnu/libdl.so.2
734c02606000-734c02607000 r--s 00000000 08:03 567933                     /var/cache/fontconfig/89528c57-6890-4a50-9b6f-b7fcbf2930dd-le64.cache-7
734c02607000-734c02608000 r--s 00000000 00:5c 190                        /run/user/1000/dconf/user
734c02608000-734c02609000 r-xp 00000000 08:03 9619                       /home/pi-dev/.openjfx/cache/21.0.6+3/amd64/libglass.so
734c02609000-734c0260a000 ---p 00001000 08:03 9619                       /home/pi-dev/.openjfx/cache/21.0.6+3/amd64/libglass.so
734c0260a000-734c0260b000 r--p 00001000 08:03 9619                       /home/pi-dev/.openjfx/cache/21.0.6+3/amd64/libglass.so
734c0260b000-734c0260c000 rw-p 00002000 08:03 9619                       /home/pi-dev/.openjfx/cache/21.0.6+3/amd64/libglass.so
734c0260c000-734c02614000 rw-s 00000000 08:03 4344232                    /tmp/hsperfdata_pi-dev/69107
734c02614000-734c02615000 ---p 00000000 00:00 0 
734c02615000-734c02616000 r--p 00000000 00:00 0 
734c02616000-734c02619000 r--p 00000000 08:03 3892                       /home/pi-dev/.jdks/temurin-25.0.2/lib/libjli.so
734c02619000-734c0262a000 r-xp 00003000 08:03 3892                       /home/pi-dev/.jdks/temurin-25.0.2/lib/libjli.so
734c0262a000-734c02631000 r--p 00014000 08:03 3892                       /home/pi-dev/.jdks/temurin-25.0.2/lib/libjli.so
734c02631000-734c02632000 r--p 0001a000 08:03 3892                       /home/pi-dev/.jdks/temurin-25.0.2/lib/libjli.so
734c02632000-734c02633000 rw-p 0001b000 08:03 3892                       /home/pi-dev/.jdks/temurin-25.0.2/lib/libjli.so
734c02633000-734c02635000 rw-p 00000000 00:00 0 
734c02635000-734c02637000 r--p 00000000 08:03 2229117                    /usr/lib/x86_64-linux-gnu/ld-linux-x86-64.so.2
734c02637000-734c02661000 r-xp 00002000 08:03 2229117                    /usr/lib/x86_64-linux-gnu/ld-linux-x86-64.so.2
734c02661000-734c0266c000 r--p 0002c000 08:03 2229117                    /usr/lib/x86_64-linux-gnu/ld-linux-x86-64.so.2
734c0266c000-734c0266d000 ---p 00000000 00:00 0 
734c0266d000-734c0266f000 r--p 00037000 08:03 2229117                    /usr/lib/x86_64-linux-gnu/ld-linux-x86-64.so.2
734c0266f000-734c02671000 rw-p 00039000 08:03 2229117                    /usr/lib/x86_64-linux-gnu/ld-linux-x86-64.so.2
7ffe80628000-7ffe8064e000 rw-p 00000000 00:00 0                          [stack]
7ffe806de000-7ffe806e2000 r--p 00000000 00:00 0                          [vvar]
7ffe806e2000-7ffe806e4000 r-xp 00000000 00:00 0                          [vdso]
ffffffffff600000-ffffffffff601000 --xp 00000000 00:00 0                  [vsyscall]
Total number of mappings: 1269

JVMTI agents: none


VM Arguments:
jvm_args: -Xms128m -Xmx512m -XX:+UseG1GC -XX:MaxRAMPercentage=55 -Dprism.order=sw -Dsun.java2d.xrender=false --enable-native-access=ALL-UNNAMED --enable-native-access=javafx.graphics --add-reads=com.santea.javafxapp=ALL-UNNAMED --module-path=/home/pi-dev/PIDEV/javafx-app/target/classes:/home/pi-dev/.m2/repository/com/alphacephei/vosk/0.3.45/vosk-0.3.45.jar:/home/pi-dev/.m2/repository/com/dlsc/formsfx/formsfx-core/11.6.0/formsfx-core-11.6.0.jar:/home/pi-dev/.m2/repository/com/fasterxml/jackson/core/jackson-annotations/2.12.1/jackson-annotations-2.12.1.jar:/home/pi-dev/.m2/repository/com/fasterxml/jackson/core/jackson-core/2.12.1/jackson-core-2.12.1.jar:/home/pi-dev/.m2/repository/com/fasterxml/jackson/core/jackson-databind/2.12.1/jackson-databind-2.12.1.jar:/home/pi-dev/.m2/repository/com/github/almasb/fxgl/11.17/fxgl-11.17.jar:/home/pi-dev/.m2/repository/com/github/almasb/fxgl-core/11.17/fxgl-core-11.17.jar:/home/pi-dev/.m2/repository/com/github/almasb/fxgl-entity/11.17/fxgl-entity-11.17.jar:/home/pi-dev/.m2/repository/com/github/almasb/fxgl-gameplay/11.17/fxgl-gameplay-11.17.jar:/home/pi-dev/.m2/repository/com/github/almasb/fxgl-io/11.17/fxgl-io-11.17.jar:/home/pi-dev/.m2/repository/com/github/almasb/fxgl-scene/11.17/fxgl-scene-11.17.jar:/home/pi-dev/.m2/repository/com/github/sarxos/webcam-capture/0.3.12/webcam-capture-0.3.12.jar:/home/pi-dev/.m2/repository/com/gluonhq/attach/audio/4.0.9/audio-4.0.9.jar:/home/pi-dev/.m2/repository/com/gluonhq/attach/lifecycle/4.0.9/lifecycle-4.0.9.jar:/home/pi-dev/.m2/repository/com/gluonhq/attach/storage/4.0.9/storage-4.0.9.jar:/home/pi-dev/.m2/repository/com/gluonhq/attach/util/4.0.9/util-4.0.9.jar:/home/pi-dev/.m2/repository/jakarta/activation/jakarta.activation-api/2.1.3/jakarta.activation-api-2.1.3.jar:/home/pi-dev/.m2/repository/jakarta/mail/jakarta.mail-api/2.1.3/jakarta.mail-api-2.1.3.jar:/home/pi-dev/.m2/repository/net/synedra/validatorfx/0.6.1/validatorfx-0.6.1.jar:/home/pi-dev/.m2/repository/org/bytedeco/artoolkitplus/2.3.1-1.5.9/artoolkitplus-2.3.1-1.5.9.jar:/home/pi-dev/.m2/repository/org/bytedeco/ffmpeg/6.1.1-1.5.10/ffmpeg-6.1.1-1.5.10.jar:/home/pi-dev/.m2/repository/org/bytedeco/flycapture/2.13.3.31-1.5.9/flycapture-2.13.3.31-1.5.9.jar:/ho--add-modules=com.santea.javafxapp -Djdk.module.main=com.santea.javafxapp 
java_command: com.santea.javafxapp/com.santea.Launcher
java_class_path (initial): /home/pi-dev/.m2/repository/com/google/protobuf/protobuf-java/4.29.0/protobuf-java-4.29.0.jar:/home/pi-dev/.m2/repository/com/mysql/mysql-connector-j/9.3.0/mysql-connector-j-9.3.0.jar:/home/pi-dev/.m2/repository/com/nativelibs4java/bridj/0.7.0/bridj-0.7.0.jar:/home/pi-dev/.m2/repository/com/openhtmltopdf/openhtmltopdf-core/1.0.10/openhtmltopdf-core-1.0.10.jar:/home/pi-dev/.m2/repository/com/openhtmltopdf/openhtmltopdf-pdfbox/1.0.10/openhtmltopdf-pdfbox-1.0.10.jar:/home/pi-dev/.m2/repository/commons-logging/commons-logging/1.3.4/commons-logging-1.3.4.jar:/home/pi-dev/.m2/repository/de/rototor/pdfbox/graphics2d/0.32/graphics2d-0.32.jar:/home/pi-dev/.m2/repository/net/java/dev/jna/jna/5.7.0/jna-5.7.0.jar:/home/pi-dev/.m2/repository/org/apache/pdfbox/fontbox/2.0.24/fontbox-2.0.24.jar:/home/pi-dev/.m2/repository/org/apache/pdfbox/pdfbox/2.0.24/pdfbox-2.0.24.jar:/home/pi-dev/.m2/repository/org/apache/pdfbox/xmpbox/2.0.24/xmpbox-2.0.24.jar:/home/pi-dev/.m2/repository/org/bytedeco/artoolkitplus/2.3.1-1.5.9/artoolkitplus-2.3.1-1.5.9-android-arm.jar:/home/pi-dev/.m2/repository/org/bytedeco/artoolkitplus/2.3.1-1.5.9/artoolkitplus-2.3.1-1.5.9-android-arm64.jar:/home/pi-dev/.m2/repository/org/bytedeco/artoolkitplus/2.3.1-1.5.9/artoolkitplus-2.3.1-1.5.9-android-x86.jar:/home/pi-dev/.m2/repository/org/bytedeco/artoolkitplus/2.3.1-1.5.9/artoolkitplus-2.3.1-1.5.9-android-x86_64.jar:/home/pi-dev/.m2/repository/org/bytedeco/artoolkitplus/2.3.1-1.5.9/artoolkitplus-2.3.1-1.5.9-linux-arm64.jar:/home/pi-dev/.m2/repository/org/bytedeco/artoolkitplus/2.3.1-1.5.9/artoolkitplus-2.3.1-1.5.9-linux-armhf.jar:/home/pi-dev/.m2/repository/org/bytedeco/artoolkitplus/2.3.1-1.5.9/artoolkitplus-2.3.1-1.5.9-linux-ppc64le.jar:/home/pi-dev/.m2/repository/org/bytedeco/artoolkitplus/2.3.1-1.5.9/artoolkitplus-2.3.1-1.5.9-linux-x86.jar:/home/pi-dev/.m2/repository/org/bytedeco/artoolkitplus/2.3.1-1.5.9/artoolkitplus-2.3.1-1.5.9-linux-x86_64.jar:/home/pi-dev/.m2/repository/org/bytedeco/artoolkitplus/2.3.1-1.5.9/artoolkitplus-2.3.1-1.5.9-macosx-x86_64.jar:/home/pi-dev/.m2/repository/org/bytedeco/artoolkitplus/2.3.1-1.5.9/artoolkitplus-2.3.1-1.5.9-windows-x86.jar:/home/pi-dev/.m2/repository/org/bytedeco/artoolkitplus/2.3.1-1.5.9/artoolkitplus-2.3.1-1.5.9-windows-x86_64.jar:/home/pi-dev/.m2/repository/org/bytedeco/artoolkitplus-platform/2.3.1-1.5.9/artoolkitplus-platform-2.3.1-1.5.9.jar:/home/pi-dev/.m2/repository/org/bytedeco/ffmpeg/6.1.1-1.5.10/ffmpeg-6.1.1-1.5.10-android-arm64.jar:/home/pi-dev/.m2/repository/org/bytedeco/ffmpeg/6.1.1-1.5.10/ffmpeg-6.1.1-1.5.10-android-x86_64.jar:/home/pi-dev/.m2/repository/org/bytedeco/ffmpeg/6.1.1-1.5.10/ffmpeg-6.1.1-1.5.10-linux-arm64.jar:/home/pi-dev/.m2/repository/org/bytedeco/ffmpeg/6.1.1-1.5.10/ffmpeg-6.1.1-1.5.10-linux-ppc64le.jar:/home/pi-dev/.m2/repository/org/bytedeco/ffmpeg/6.1.1-1.5.10/ffmpeg-6.1.1-1.5.10-linux-x86_64.jar:/home/pi-dev/.m2/repository/org/bytedeco/ffmpeg/6.1.1-1.5.10/ffmpeg-6.1.1-1.5.10-macosx-arm64.jar:/home/pi-dev/.m2/repository/org/bytedeco/ffmpeg/6.1.1-1.5.10/ffmpeg-6.1.1-1.5.10-macosx-x86_64.jar:/home/pi-dev/.m2/repository/org/bytedeco/ffmpeg/6.1.1-1.5.10/ffmpeg-6.1.1-1.5.10-windows-x86_64.jar:/home/pi-dev/.m2/repository/org/bytedeco/ffmpeg-platform/6.1.1-1.5.10/ffmpeg-platform-6.1.1-1.5.10.jar:/home/pi-dev/.m2/repository/org/bytedeco/flycapture/2.13.3.31-1.5.9/flycapture-2.13.3.31-1.5.9-linux-arm64.jar:/home/pi-dev/.m2/repository/org/bytedeco/flycapture/2.13.3.31-1.5.9/flycapture-2.13.3.31-1.5.9-linux-armhf.jar:/home/pi-dev/.m2/repository/org/bytedeco/flycapture/2.13.3.31-1.5.9/flycapture-2.13.3.31-1.5.9-linux-x86.jar:/home/pi-dev/.m2/repository/org/bytedeco/flycapture/2.13.3.31-1.5.9/flycapture-2.13.3.31-1.5.9-linux-x86_64.jar:/home/pi-dev/.m2/repository/org/bytedeco/flycapture/2.13.3.31-1.5.9/flycapture-2.13.3.31-1.5.9-windows-x86.jar:/home/pi-dev/.m2/repository/org/bytedeco/flycapture/2.13.3.31-1.5.9/flycapture-2.13.3.31-1.5.9-windows-x86_64.jar:/home/pi-dev/.m2/repository/org/bytedeco/flycapture-platform/2.13.3.31-1.5.9/flycapture-platform-2.13.3.31-1.5.9.jar:/home/pi-dev/.m2/repository/org/bytedeco/javacpp/1.5.10/javacpp-1.5.10-android-arm64.jar:/home/pi-dev/.m2/repository/org/bytedeco/javacpp/1.5.10/javacpp-1.5.10-android-x86_64.jar:/home/pi-dev/.m2/repository/org/bytedeco/javacpp/1.5.10/javacpp-1.5.10-ios-arm64.jar:/home/pi-dev/.m2/repository/org/bytedeco/javacpp/1.5.10/javacpp-1.5.10-ios-x86_64.jar:/home/pi-dev/.m2/repository/org/bytedeco/javacpp/1.5.10/javacpp-1.5.10-linux-arm64.jar:/home/pi-dev/.m2/repository/org/bytedeco/javacpp/1.5.10/javacpp-1.5.10-linux-ppc64le.jar:/home/pi-dev/.m2/repository/org/bytedeco/javacpp/1.5.10/javacpp-1.5.10-linux-x86_64.jar:/home/pi-dev/.m2/repository/org/bytedeco/javacpp/1.5.10/javacpp-1.5.10-macosx-arm64.jar:/home/pi-dev/.m2/repository/org/bytedeco/javacpp/1.5.10/javacpp-1.5.10-macosx-x86_64.jar:/home/pi-dev/.m2/repository/org/bytedeco/javacpp/1.5.10/javacpp-1.5.10-windows-x86_64.jar:/home/pi-dev/.m2/repository/org/bytedeco/javacpp-platform/1.5.10/javacpp-platform-1.5.10.jar:/home/pi-dev/.m2/repository/org/bytedeco/javacv-platform/1.5.10/javacv-platform-1.5.10.jar:/home/pi-dev/.m2/repository/org/bytedeco/leptonica/1.84.1-1.5.10/leptonica-1.84.1-1.5.10-android-arm64.jar:/home/pi-dev/.m2/repository/org/bytedeco/leptonica/1.84.1-1.5.10/leptonica-1.84.1-1.5.10-android-x86_64.jar:/home/pi-dev/.m2/repository/org/bytedeco/leptonica/1.84.1-1.5.10/leptonica-1.84.1-1.5.10-linux-arm64.jar:/home/pi-dev/.m2/repository/org/bytedeco/leptonica/1.84.1-1.5.10/leptonica-1.84.1-1.5.10-linux-ppc64le.jar:/home/pi-dev/.m2/repository/org/bytedeco/leptonica/1.84.1-1.5.10/leptonica-1.84.1-1.5.10-linux-x86_64.jar:/home/pi-dev/.m2/repository/org/bytedeco/leptonica/1.84.1-1.5.10/leptonica-1.84.1-1.5.10-macosx-arm64.jar:/home/pi-dev/.m2/repository/org/bytedeco/leptonica/1.84.1-1.5.10/leptonica-1.84.1-1.5.10-macosx-x86_64.jar:/home/pi-dev/.m2/repository/org/bytedeco/leptonica/1.84.1-1.5.10/leptonica-1.84.1-1.5.10-windows-x86_64.jar:/home/pi-dev/.m2/repository/org/bytedeco/leptonica-platform/1.84.1-1.5.10/leptonica-platform-1.84.1-1.5.10.jar:/home/pi-dev/.m2/repository/org/bytedeco/libdc1394/2.2.6-1.5.9/libdc1394-2.2.6-1.5.9-linux-arm64.jar:/home/pi-dev/.m2/repository/org/bytedeco/libdc1394/2.2.6-1.5.9/libdc1394-2.2.6-1.5.9-linux-armhf.jar:/home/pi-dev/.m2/repository/org/bytedeco/libdc1394/2.2.6-1.5.9/libdc1394-2.2.6-1.5.9-linux-ppc64le.jar:/home/pi-dev/.m2/repository/org/bytedeco/libdc1394/2.2.6-1.5.9/libdc1394-2.2.6-1.5.9-linux-x86.jar:/home/pi-dev/.m2/repository/org/bytedeco/libdc1394/2.2.6-1.5.9/libdc1394-2.2.6-1.5.9-linux-x86_64.jar:/home/pi-dev/.m2/repository/org/bytedeco/libdc1394/2.2.6-1.5.9/libdc1394-2.2.6-1.5.9-macosx-x86_64.jar:/home/pi-dev/.m2/repository/org/bytedeco/libdc1394/2.2.6-1.5.9/libdc1394-2.2.6-1.5.9-windows-x86.jar:/home/pi-dev/.m2/repository/org/bytedeco/libdc1394/2.2.6-1.5.9/libdc1394-2.2.6-1.5.9-windows-x86_64.jar:/home/pi-dev/.m2/repository/org/bytedeco/libdc1394-platform/2.2.6-1.5.9/libdc1394-platform-2.2.6-1.5.9.jar:/home/pi-dev/.m2/repository/org/bytedeco/libfreenect/0.5.7-1.5.9/libfreenect-0.5.7-1.5.9-linux-arm64.jar:/home/pi-dev/.m2/repository/org/bytedeco/libfreenect/0.5.7-1.5.9/libfreenect-0.5.7-1.5.9-linux-armhf.jar:/home/pi-dev/.m2/repository/org/bytedeco/libfreenect/0.5.7-1.5.9/libfreenect-0.5.7-1.5.9-linux-ppc64le.jar:/home/pi-dev/.m2/repository/org/bytedeco/libfreenect/0.5.7-1.5.9/libfreenect-0.5.7-1.5.9-linux-x86.jar:/home/pi-dev/.m2/repository/org/bytedeco/libfreenect/0.5.7-1.5.9/libfreenect-0.5.7-1.5.9-linux-x86_64.jar:/home/pi-dev/.m2/repository/org/bytedeco/libfreenect/0.5.7-1.5.9/libfreenect-0.5.7-1.5.9-macosx-x86_64.jar:/home/pi-dev/.m2/repository/org/bytedeco/libfreenect/0.5.7-1.5.9/libfreenect-0.5.7-1.5.9-windows-x86.jar:/home/pi-dev/.m2/repository/org/bytedeco/libfreenect/0.5.7-1.5.9/libfreenect-0.5.7-1.5.9-windows-x86_64.jar:/home/pi-dev/.m2/repository/org/bytedeco/libfreenect-platform/0.5.7-1.5.9/libfreenect-platform-0.5.7-1.5.9.jar:/home/pi-dev/.m2/repository/org/bytedeco/libfreenect2/0.2.0-1.5.9/libfreenect2-0.2.0-1.5.9-linux-x86.jar:/home/pi-dev/.m2/repository/org/bytedeco/libfreenect2/0.2.0-1.5.9/libfreenect2-0.2.0-1.5.9-linux-x86_64.jar:/home/pi-dev/.m2/repository/org/bytedeco/libfreenect2/0.2.0-1.5.9/libfreenect2-0.2.0-1.5.9-macosx-x86_64.jar:/home/pi-dev/.m2/repository/org/bytedeco/libfreenect2/0.2.0-1.5.9/libfreenect2-0.2.0-1.5.9-windows-x86_64.jar:/home/pi-dev/.m2/repository/org/bytedeco/libfreenect2-platform/0.2.0-1.5.9/libfreenect2-platform-0.2.0-1.5.9.jar:/home/pi-dev/.m2/repository/org/bytedeco/librealsense/1.12.4-1.5.9/librealsense-1.12.4-1.5.9-linux-arm64.jar:/home/pi-dev/.m2/repository/org/bytedeco/librealsense/1.12.4-1.5.9/librealsense-1.12.4-1.5.9-linux-armhf.jar:/home/pi-dev/.m2/repository/org/bytedeco/librealsense/1.12.4-1.5.9/librealsense-1.12.4-1.5.9-linux-x86.jar:/home/pi-dev/.m2/repository/org/bytedeco/librealsense/1.12.4-1.5.9/librealsense-1.12.4-1.5.9-linux-x86_64.jar:/home/pi-dev/.m2/repository/org/bytedeco/librealsense/1.12.4-1.5.9/librealsense-1.12.4-1.5.9-macosx-x86_64.jar:/home/pi-dev/.m2/repository/org/bytedeco/librealsense/1.12.4-1.5.9/librealsense-1.12.4-1.5.9-windows-x86.jar:/home/pi-dev/.m2/repository/org/bytedeco/librealsense/1.12.4-1.5.9/librealsense-1.12.4-1.5.9-windows-x86_64.jar:/home/pi-dev/.m2/repository/org/bytedeco/librealsense-platform/1.12.4-1.5.9/librealsense-platform-1.12.4-1.5.9.jar:/home/pi-dev/.m2/repository/org/bytedeco/librealsense2/2.53.1-1.5.9/librealsense2-2.53.1-1.5.9-linux-arm64.jar:/home/pi-dev/.m2/repository/org/bytedeco/librealsense2/2.53.1-1.5.9/librealsense2-2.53.1-1.5.9-linux-armhf.jar:/home/pi-dev/.m2/repository/org/bytedeco/librealsense2/2.53.1-1.5.9/librealsense2-2.53.1-1.5.9-linux-x86.jar:/home/pi-dev/.m2/repository/org/bytedeco/librealsense2/2.53.1-1.5.9/librealsense2-2.53.1-1.5.9-linux-x86_64.jar:/home/pi-dev/.m2/repository/org/bytedeco/librealsense2/2.53.1-1.5.9/librealsense2-2.53.1-1.5.9-macosx-x86_64.jar:/home/pi-dev/.m2/repository/org/bytedeco/librealsense2/2.53.1-1.5.9/librealsense2-2.53.1-1.5.9-windows-x86.jar:/home/pi-dev/.m2/repository/org/bytedeco/librealsense2/2.53.1-1.5.9/librealsense2-2.53.1-1.5.9-windows-x86_64.jar:/home/pi-dev/.m2/repository/org/bytedeco/librealsense2-platform/2.53.1-1.5.9/librealsense2-platform-2.53.1-1.5.9.jar:/home/pi-dev/.m2/repository/org/bytedeco/openblas/0.3.26-1.5.10/openblas-0.3.26-1.5.10-android-arm64.jar:/home/pi-dev/.m2/repository/org/bytedeco/openblas/0.3.26-1.5.10/openblas-0.3.26-1.5.10-android-x86_64.jar:/home/pi-dev/.m2/repository/org/bytedeco/openblas/0.3.26-1.5.10/openblas-0.3.26-1.5.10-ios-arm64.jar:/home/pi-dev/.m2/repository/org/bytedeco/openblas/0.3.26-1.5.10/openblas-0.3.26-1.5.10-ios-x86_64.jar:/home/pi-dev/.m2/repository/org/bytedeco/openblas/0.3.26-1.5.10/openblas-0.3.26-1.5.10-linux-arm64.jar:/home/pi-dev/.m2/repository/org/bytedeco/openblas/0.3.26-1.5.10/openblas-0.3.26-1.5.10-linux-ppc64le.jar:/home/pi-dev/.m2/repository/org/bytedeco/openblas/0.3.26-1.5.10/openblas-0.3.26-1.5.10-linux-x86_64.jar:/home/pi-dev/.m2/repository/org/bytedeco/openblas/0.3.26-1.5.10/openblas-0.3.26-1.5.10-macosx-arm64.jar:/home/pi-dev/.m2/repository/org/bytedeco/openblas/0.3.26-1.5.10/openblas-0.3.26-1.5.10-macosx-x86_64.jar:/home/pi-dev/.m2/repository/org/bytedeco/openblas/0.3.26-1.5.10/openblas-0.3.26-1.5.10-windows-x86_64.jar:/home/pi-dev/.m2/repository/org/bytedeco/openblas-platform/0.3.26-1.5.10/openblas-platform-0.3.26-1.5.10.jar:/home/pi-dev/.m2/repository/org/bytedeco/opencv/4.9.0-1.5.10/opencv-4.9.0-1.5.10-android-arm64.jar:/home/pi-dev/.m2/repository/org/bytedeco/opencv/4.9.0-1.5.10/opencv-4.9.0-1.5.10-android-x86_64.jar:/home/pi-dev/.m2/repository/org/bytedeco/opencv/4.9.0-1.5.10/opencv-4.9.0-1.5.10-ios-arm64.jar:/home/pi-dev/.m2/repository/org/bytedeco/opencv/4.9.0-1.5.10/opencv-4.9.0-1.5.10-ios-x86_64.jar:/home/pi-dev/.m2/repository/org/bytedeco/opencv/4.9.0-1.5.10/opencv-4.9.0-1.5.10-linux-arm64.jar:/home/pi-dev/.m2/repository/org/bytedeco/opencv/4.9.0-1.5.10/opencv-4.9.0-1.5.10-linux-ppc64le.jar:/home/pi-dev/.m2/repository/org/bytedeco/opencv/4.9.0-1.5.10/opencv-4.9.0-1.5.10-linux-x86_64.jar:/home/pi-dev/.m2/repository/org/bytedeco/opencv/4.9.0-1.5.10/opencv-4.9.0-1.5.10-macosx-arm64.jar:/home/pi-dev/.m2/repository/org/bytedeco/opencv/4.9.0-1.5.10/opencv-4.9.0-1.5.10-macosx-x86_64.jar:/home/pi-dev/.m2/repository/org/bytedeco/opencv/4.9.0-1.5.10/opencv-4.9.0-1.5.10-windows-x86_64.jar:/home/pi-dev/.m2/repository/org/bytedeco/opencv-platform/4.9.0-1.5.10/opencv-platform-4.9.0-1.5.10.jar:/home/pi-dev/.m2/repository/org/bytedeco/tesseract/5.3.4-1.5.10/tesseract-5.3.4-1.5.10-android-arm64.jar:/home/pi-dev/.m2/repository/org/bytedeco/tesseract/5.3.4-1.5.10/tesseract-5.3.4-1.5.10-android-x86_64.jar:/home/pi-dev/.m2/repository/org/bytedeco/tesseract/5.3.4-1.5.10/tesseract-5.3.4-1.5.10-linux-arm64.jar:/home/pi-dev/.m2/repository/org/bytedeco/tesseract/5.3.4-1.5.10/tesseract-5.3.4-1.5.10-linux-ppc64le.jar:/home/pi-dev/.m2/repository/org/bytedeco/tesseract/5.3.4-1.5.10/tesseract-5.3.4-1.5.10-linux-x86_64.jar:/home/pi-dev/.m2/repository/org/bytedeco/tesseract/5.3.4-1.5.10/tesseract-5.3.4-1.5.10-macosx-arm64.jar:/home/pi-dev/.m2/repository/org/bytedeco/tesseract/5.3.4-1.5.10/tesseract-5.3.4-1.5.10-macosx-x86_64.jar:/home/pi-dev/.m2/repository/org/bytedeco/tesseract/5.3.4-1.5.10/tesseract-5.3.4-1.5.10-windows-x86_64.jar:/home/pi-dev/.m2/repository/org/bytedeco/tesseract-platform/5.3.4-1.5.10/tesseract-platform-5.3.4-1.5.10.jar:/home/pi-dev/.m2/repository/org/bytedeco/videoinput/0.200-1.5.9/videoinput-0.200-1.5.9-windows-x86.jar:/home/pi-dev/.m2/repository/org/bytedeco/videoinput/0.200-1.5.9/videoinput-0.200-1.5.9-windows-x86_64.jar:/home/pi-dev/.m2/repository/org/bytedeco/videoinput-platform/0.200-1.5.9/videoinput-platform-0.200-1.5.9.jar:/home/pi-dev/.m2/repository/org/eclipse/angus/angus-activation/2.0.2/angus-activation-2.0.2.jar:/home/pi-dev/.m2/repository/org/eclipse/angus/angus-mail/2.0.3/angus-mail-2.0.3.jar:/home/pi-dev/.m2/repository/org/jetbrains/annotations/13.0/annotations-13.0.jar:/home/pi-dev/.m2/repository/org/jetbrains/kotlin/kotlin-stdlib-common/1.5.10/kotlin-stdlib-common-1.5.10.jar:/home/pi-dev/.m2/repository/org/openjfx/javafx-base/21.0.6/javafx-base-21.0.6.jar:/home/pi-dev/.m2/repository/org/openjfx/javafx-controls/21.0.6/javafx-controls-21.0.6.jar:/home/pi-dev/.m2/repository/org/openjfx/javafx-fxml/21.0.6/javafx-fxml-21.0.6.jar:/home/pi-dev/.m2/repository/org/openjfx/javafx-graphics/21.0.6/javafx-graphics-21.0.6.jar:/home/pi-dev/.m2/repository/org/openjfx/javafx-media/21.0.6/javafx-media-21.0.6.jar:/home/pi-dev/.m2/repository/org/openjfx/javafx-swing/21.0.6/javafx-swing-21.0.6.jar:/home/pi-dev/.m2/repository/org/openjfx/javafx-web/21.0.6/javafx-web-21.0.6.jar:/home/pi-dev/.m2/repository/org/slf4j/slf4j-api/1.7.2/slf4j-api-1.7.2.jar:/home/pi-dev/.m2/repository/org/slf4j/slf4j-simple/1.7.36/slf4j-simple-1.7.36.jar
Launcher Type: SUN_STANDARD

[Global flags]
     intx CICompilerCount                          = 4                                         {product} {ergonomic}
     uint ConcGCThreads                            = 2                                         {product} {ergonomic}
     uint G1ConcRefinementThreads                  = 8                                         {product} {ergonomic}
   size_t G1HeapRegionSize                         = 1048576                                   {product} {ergonomic}
   size_t InitialHeapSize                          = 134217728                                 {product} {command line}
   size_t MarkStackSize                            = 4194304                                   {product} {ergonomic}
   size_t MarkStackSizeMax                         = 536870912                                 {product} {ergonomic}
   size_t MaxHeapSize                              = 536870912                                 {product} {command line}
   size_t MaxNewSize                               = 321912832                                 {product} {ergonomic}
 uint64_t MaxRAM                                   = 16721039360                            {pd product} {ergonomic}
   double MaxRAMPercentage                         = 55.000000                                 {product} {command line}
   size_t MinHeapDeltaBytes                        = 1048576                                   {product} {ergonomic}
   size_t MinHeapSize                              = 134217728                                 {product} {command line}
    uintx NonNMethodCodeHeapSize                   = 5836800                                {pd product} {ergonomic}
    uintx NonProfiledCodeHeapSize                  = 122912768                              {pd product} {ergonomic}
    uintx ProfiledCodeHeapSize                     = 122908672                              {pd product} {ergonomic}
    uintx ReservedCodeCacheSize                    = 251658240                              {pd product} {ergonomic}
     bool SegmentedCodeCache                       = true                                      {product} {ergonomic}
   size_t SoftMaxHeapSize                          = 536870912                              {manageable} {ergonomic}
     bool UseCompressedOops                        = true                           {product lp64_product} {ergonomic}
     bool UseG1GC                                  = true                                      {product} {command line}

Logging:
Log output configuration:
 #0: stdout all=warning uptime,level,tags foldmultilines=false
 #1: stderr all=off uptime,level,tags foldmultilines=false

Release file:
IMPLEMENTOR="Eclipse Adoptium"
IMPLEMENTOR_VERSION="Temurin-25.0.2+10"
JAVA_RUNTIME_VERSION="25.0.2+10-LTS"
JAVA_VERSION="25.0.2"
JAVA_VERSION_DATE="2026-01-20"
LIBC="gnu"
MODULES="java.base java.compiler java.datatransfer java.xml java.prefs java.desktop java.instrument java.logging java.management java.security.sasl java.naming java.rmi java.management.rmi java.net.http java.scripting java.security.jgss java.transaction.xa java.sql java.sql.rowset java.xml.crypto java.se java.smartcardio jdk.accessibility jdk.internal.jvmstat jdk.attach jdk.charsets jdk.internal.opt jdk.zipfs jdk.compiler jdk.crypto.cryptoki jdk.crypto.ec jdk.dynalink jdk.internal.ed jdk.editpad jdk.internal.vm.ci jdk.graal.compiler jdk.graal.compiler.management jdk.hotspot.agent jdk.httpserver jdk.incubator.vector jdk.internal.le jdk.internal.md jdk.jartool jdk.javadoc jdk.jcmd jdk.management jdk.management.agent jdk.jconsole jdk.jdeps jdk.jdwp.agent jdk.jdi jdk.jfr jdk.jlink jdk.jpackage jdk.jshell jdk.jsobject jdk.jstatd jdk.localedata jdk.management.jfr jdk.naming.dns jdk.naming.rmi jdk.net jdk.nio.mapmode jdk.sctp jdk.security.auth jdk.security.jgss jdk.unsupported jdk.unsupported.desktop jdk.xml.dom"
OS_ARCH="x86_64"
OS_NAME="Linux"
SOURCE=".:git:9e3c947043a4"
BUILD_SOURCE="git:458965074606f027bd5afce2cfd5c1055dea0438"
BUILD_SOURCE_REPO="https://github.com/adoptium/temurin-build.git"
SOURCE_REPO="https://github.com/adoptium/jdk25u.git"
FULL_VERSION="25.0.2+10-LTS"
SEMANTIC_VERSION="25.0.2+10"
BUILD_INFO="OS: Linux Version: 6.8.0-1044-azure"
JVM_VARIANT="Hotspot"
JVM_VERSION="25.0.2+10-LTS"
IMAGE_TYPE="JDK"

Environment Variables:
JAVA_HOME=/home/pi-dev/PIDEV/javafx-app/.jdks/jdk-21/current
PATH=/home/pi-dev/PIDEV/javafx-app/.jdks/jdk-21/current/bin:/home/pi-dev/.cache/JetBrains/RemoteDev/dist/0862189d75432_idea-261.22158.182/jbr/bin:/home/pi-dev/.cache/JetBrains/RemoteDev/dist/0862189d75432_idea-261.22158.182/jbr/bin:/usr/local/sbin:/usr/local/bin:/usr/sbin:/usr/bin:/sbin:/bin:/usr/games:/usr/local/games:/snap/bin:/snap/bin
USERNAME=pi-dev
SHELL=/bin/bash
DISPLAY=:0
WAYLAND_DISPLAY=wayland-0
LANG=fr_FR.UTF-8
LC_NUMERIC=ar_TN.UTF-8
LC_TIME=ar_TN.UTF-8
TERM=xterm-256color

Active Locale:
LC_ALL=LC_CTYPE=fr_FR.UTF-8;LC_NUMERIC=ar_TN.UTF-8;LC_TIME=ar_TN.UTF-8;LC_COLLATE=fr_FR.UTF-8;LC_MONETARY=ar_TN.UTF-8;LC_MESSAGES=fr_FR.UTF-8;LC_PAPER=ar_TN.UTF-8;LC_NAME=ar_TN.UTF-8;LC_ADDRESS=ar_TN.UTF-8;LC_TELEPHONE=ar_TN.UTF-8;LC_MEASUREMENT=ar_TN.UTF-8;LC_IDENTIFICATION=ar_TN.UTF-8
LC_COLLATE=fr_FR.UTF-8
LC_CTYPE=fr_FR.UTF-8
LC_MESSAGES=fr_FR.UTF-8
LC_MONETARY=ar_TN.UTF-8
LC_NUMERIC=ar_TN.UTF-8
LC_TIME=ar_TN.UTF-8

Signal Handlers:
   SIGSEGV: crash_handler in libjvm.so, mask=11100100010111111101111111111110, flags=SA_RESTART|SA_SIGINFO, unblocked
    SIGBUS: crash_handler in libjvm.so, mask=11100100010111111101111111111110, flags=SA_RESTART|SA_SIGINFO, unblocked
    SIGFPE: crash_handler in libjvm.so, mask=11100100010111111101111111111110, flags=SA_RESTART|SA_SIGINFO, unblocked
   SIGPIPE: SIG_IGN, mask=00000000000010000000000000000000, flags=SA_RESTART, blocked
  *** Handler was modified!
  *** Expected: javaSignalHandler in libjvm.so, mask=11100100110111111111111111111110, flags=SA_RESTART|SA_SIGINFO
   SIGXFSZ: javaSignalHandler in libjvm.so, mask=11100100010111111101111111111110, flags=SA_RESTART|SA_SIGINFO, blocked
    SIGILL: crash_handler in libjvm.so, mask=11100100010111111101111111111110, flags=SA_RESTART|SA_SIGINFO, unblocked
   SIGUSR2: SR_handler in libjvm.so, mask=00000000000000000000000000000000, flags=SA_RESTART|SA_SIGINFO, blocked
    SIGHUP: UserHandler in libjvm.so, mask=11100100010111111101111111111110, flags=SA_RESTART|SA_SIGINFO, blocked
    SIGINT: UserHandler in libjvm.so, mask=11100100010111111101111111111110, flags=SA_RESTART|SA_SIGINFO, blocked
   SIGTERM: UserHandler in libjvm.so, mask=11100100010111111101111111111110, flags=SA_RESTART|SA_SIGINFO, blocked
   SIGQUIT: UserHandler in libjvm.so, mask=11100100010111111101111111111110, flags=SA_RESTART|SA_SIGINFO, blocked
   SIGTRAP: crash_handler in libjvm.so, mask=11100100010111111101111111111110, flags=SA_RESTART|SA_SIGINFO, unblocked


Compilation memory statistics disabled.

Periodic native trim disabled

---------------  S Y S T E M  ---------------

OS:
DISTRIB_ID=Ubuntu
DISTRIB_RELEASE=22.04
DISTRIB_CODENAME=jammy
DISTRIB_DESCRIPTION="Ubuntu 22.04.5 LTS"
uname: Linux 6.8.0-110-generic #110~22.04.1-Ubuntu SMP PREEMPT_DYNAMIC Fri Mar 27 12:43:08 UTC  x86_64
OS uptime: 0 days 1:38 hours
libc: glibc 2.35 NPTL 2.35 
rlimit (soft/hard): STACK 8192k/infinity , CORE 0k/infinity , NPROC 63447/63447 , NOFILE 1048576/1048576 , AS infinity/infinity , CPU infinity/infinity , DATA infinity/infinity , FSIZE infinity/infinity , MEMLOCK 2041140k/2041140k
load average: 0.60 0.86 1.16

/proc/meminfo:
MemTotal:       16329140 kB
MemFree:          459396 kB
MemAvailable:    4149508 kB
Buffers:          138628 kB
Cached:          3658388 kB
SwapCached:         5064 kB
Active:          7007640 kB
Inactive:        7649896 kB
Active(anon):    6493712 kB
Inactive(anon):  4504088 kB
Active(file):     513928 kB
Inactive(file):  3145808 kB
Unevictable:           0 kB
Mlocked:               0 kB
SwapTotal:       3991548 kB
SwapFree:        3975068 kB
Zswap:                 0 kB
Zswapped:              0 kB
Dirty:               444 kB
Writeback:             0 kB
AnonPages:      10855576 kB
Mapped:          1537348 kB
Shmem:            137248 kB
KReclaimable:     367916 kB
Slab:             651096 kB
SReclaimable:     367916 kB
SUnreclaim:       283180 kB
KernelStack:       36576 kB
PageTables:       129040 kB
SecPageTables:         0 kB
NFS_Unstable:          0 kB
Bounce:                0 kB
WritebackTmp:          0 kB
CommitLimit:    12156116 kB
Committed_AS:   20546452 kB
VmallocTotal:   34359738367 kB
VmallocUsed:       59000 kB
VmallocChunk:          0 kB
Percpu:           141312 kB
HardwareCorrupted:     0 kB
AnonHugePages:         0 kB
ShmemHugePages:        0 kB
ShmemPmdMapped:        0 kB
FileHugePages:         0 kB
FilePmdMapped:         0 kB
Unaccepted:            0 kB
HugePages_Total:       0
HugePages_Free:        0
HugePages_Rsvd:        0
HugePages_Surp:        0
Hugepagesize:       2048 kB
Hugetlb:               0 kB
DirectMap4k:      216896 kB
DirectMap2M:     8171520 kB
DirectMap1G:    10485760 kB

/sys/kernel/mm/transparent_hugepage/enabled: always [madvise] never
/sys/kernel/mm/transparent_hugepage/hpage_pmd_size: 2097152
/sys/kernel/mm/transparent_hugepage/shmem_enabled: always within_size advise [never] deny force
/sys/kernel/mm/transparent_hugepage/defrag (defrag/compaction efforts parameter): always defer defer+madvise [madvise] never

Process Memory:
Virtual Size: 96924912K (peak: 122649532K)
Resident Set Size: 602832K (peak: 602832K) (anon: 478900K, file: 112896K, shmem: 11036K)
Swapped out: 0K
C-Heap outstanding allocations: 186390K, retained: 157801K
glibc malloc tunables: (default)

/proc/sys/kernel/threads-max (system-wide limit on the number of threads): 126895
/proc/sys/vm/max_map_count (maximum number of memory map areas a process may have): 65530
/proc/sys/vm/swappiness (control to define how aggressively the kernel swaps out anonymous memory): 60
/proc/sys/kernel/pid_max (system-wide limit on number of process identifiers): 4194304

container information not found.
VMWare virtualization detected
Steal ticks since vm start: 0
Steal ticks percentage since vm start:  0.000

CPU: total 8 (initial active 8) (2 cores per cpu, 1 threads per core) family 6 model 141 stepping 1 microcode 0xffffffff, cx8, cmov, fxsr, mmx, 3dnowpref, sse, sse2, sse3, ssse3, sse4.1, sse4.2, popcnt, lzcnt, tsc, tscinvbit, avx, avx2, aes, erms, clmul, bmi1, bmi2, adx, avx512f, avx512dq, avx512cd, avx512bw, avx512vl, sha, fma, vzeroupper, avx512_vpopcntdq, avx512_vpclmulqdq, avx512_vaes, avx512_vnni, clflush, clflushopt, clwb, avx512_vbmi2, avx512_vbmi, hv, rdtscp, rdpid, fsrm, gfni, avx512_bitalg, f16c, avx512_ifma
CPU Model and flags from /proc/cpuinfo:
model name	: 11th Gen Intel(R) Core(TM) i5-11400H @ 2.70GHz
flags		: fpu vme de pse tsc msr pae mce cx8 apic sep mtrr pge mca cmov pat pse36 clflush mmx fxsr sse sse2 ss ht syscall nx pdpe1gb rdtscp lm constant_tsc arch_perfmon rep_good nopl xtopology tsc_reliable nonstop_tsc cpuid tsc_known_freq pni pclmulqdq ssse3 fma cx16 pcid sse4_1 sse4_2 x2apic movbe popcnt aes xsave avx f16c rdrand hypervisor lahf_lm abm 3dnowprefetch pti ssbd ibrs ibpb stibp fsgsbase tsc_adjust bmi1 avx2 smep bmi2 erms invpcid avx512f avx512dq rdseed adx smap avx512ifma clflushopt clwb avx512cd sha_ni avx512bw avx512vl xsaveopt xsavec xgetbv1 xsaves arat avx512vbmi umip avx512_vbmi2 gfni vaes vpclmulqdq avx512_vnni avx512_bitalg avx512_vpopcntdq rdpid movdiri movdir64b fsrm avx512_vp2intersect md_clear flush_l1d arch_capabilities

Online cpus: 0-7
Offline cpus: 8-127
BIOS frequency limitation: <Not Available>
Frequency switch latency (ns): <Not Available>
Available cpu frequencies: <Not Available>
Current governor: <Not Available>
Core performance/turbo boost: <Not Available>

Memory: 4k page, physical 16329140k(4149508k free), swap 3991548k(3975068k free)
Page Sizes: 4k

vm_info: OpenJDK 64-Bit Server VM (25.0.2+10-LTS) for linux-amd64 JRE (25.0.2+10-LTS), built on 2026-01-20T00:00:00Z with gcc 14.2.0

END.
