#
# A fatal error has been detected by the Java Runtime Environment:
#
#  SIGSEGV (0xb) at pc=0x0000717f2d3f529b, pid=66237, tid=66944
#
# JRE version: OpenJDK Runtime Environment Temurin-25.0.2+10 (25.0.2+10) (build 25.0.2+10-LTS)
# Java VM: OpenJDK 64-Bit Server VM Temurin-25.0.2+10 (25.0.2+10-LTS, mixed mode, sharing, tiered, compressed oops, compressed class ptrs, g1 gc, linux-amd64)
# Problematic frame:
# C  [jna4771432910772253309.tmp+0x3f529b]  kaldi::LatticeIncrementalDecoderTpl<fst::Fst<fst::ArcTpl<fst::TropicalWeightTpl<float> > >, kaldi::decoder::BackpointerToken>::ComputeFinalCosts(std::unordered_map<kaldi::decoder::BackpointerToken*, float, std::hash<kaldi::decoder::BackpointerToken*>, std::equal_to<kaldi::decoder::BackpointerToken*>, std::allocator<std::pair<kaldi::decoder::BackpointerToken* const, float> > >*, float*, float*) const+0xab
#
# Core dump will be written. Default location: Core dumps may be processed with "/usr/share/apport/apport -p%p -s%s -c%c -d%d -P%P -u%u -g%g -F%F -- %E" (or dumping to /home/pi-dev/PIDEV/javafx-app/core.66237)
#
# If you would like to submit a bug report, please visit:
#   https://github.com/adoptium/adoptium-support/issues
# The crash happened outside the Java Virtual Machine in native code.
# See problematic frame for where to report the bug.
#

---------------  S U M M A R Y ------------

Command Line: -Xms128m -Xmx512m -XX:+UseG1GC -XX:MaxRAMPercentage=55 -Dprism.order=sw -Dsun.java2d.xrender=false --enable-native-access=ALL-UNNAMED --enable-native-access=javafx.graphics --add-reads=com.santea.javafxapp=ALL-UNNAMED --module-path=/home/pi-dev/PIDEV/javafx-app/target/classes:/home/pi-dev/.m2/repository/com/alphacephei/vosk/0.3.45/vosk-0.3.45.jar:/home/pi-dev/.m2/repository/com/dlsc/formsfx/formsfx-core/11.6.0/formsfx-core-11.6.0.jar:/home/pi-dev/.m2/repository/com/fasterxml/jackson/core/jackson-annotations/2.12.1/jackson-annotations-2.12.1.jar:/home/pi-dev/.m2/repository/com/fasterxml/jackson/core/jackson-core/2.12.1/jackson-core-2.12.1.jar:/home/pi-dev/.m2/repository/com/fasterxml/jackson/core/jackson-databind/2.12.1/jackson-databind-2.12.1.jar:/home/pi-dev/.m2/repository/com/github/almasb/fxgl/11.17/fxgl-11.17.jar:/home/pi-dev/.m2/repository/com/github/almasb/fxgl-core/11.17/fxgl-core-11.17.jar:/home/pi-dev/.m2/repository/com/github/almasb/fxgl-entity/11.17/fxgl-entity-11.17.jar:/home/pi-dev/.m2/repository/com/github/almasb/fxgl-gameplay/11.17/fxgl-gameplay-11.17.jar:/home/pi-dev/.m2/repository/com/github/almasb/fxgl-io/11.17/fxgl-io-11.17.jar:/home/pi-dev/.m2/repository/com/github/almasb/fxgl-scene/11.17/fxgl-scene-11.17.jar:/home/pi-dev/.m2/repository/com/github/sarxos/webcam-capture/0.3.12/webcam-capture-0.3.12.jar:/home/pi-dev/.m2/repository/com/gluonhq/attach/audio/4.0.9/audio-4.0.9.jar:/home/pi-dev/.m2/repository/com/gluonhq/attach/lifecycle/4.0.9/lifecycle-4.0.9.jar:/home/pi-dev/.m2/repository/com/gluonhq/attach/storage/4.0.9/storage-4.0.9.jar:/home/pi-dev/.m2/repository/com/gluonhq/attach/util/4.0.9/util-4.0.9.jar:/home/pi-dev/.m2/repository/jakarta/activation/jakarta.activation-api/2.1.3/jakarta.activation-api-2.1.3.jar:/home/pi-dev/.m2/repository/jakarta/mail/jakarta.mail-api/2.1.3/jakarta.mail-api-2.1.3.jar:/home/pi-dev/.m2/repository/net/synedra/validatorfx/0.6.1/validatorfx-0.6.1.jar:/home/pi-dev/.m2/repository/org/bytedeco/artoolkitplus/2.3.1-1.5.9/artoolkitplus-2.3.1-1.5.9.jar:/home/pi-dev/.m2/repository/org/bytedeco/ffmpeg/6.1.1-1.5.10/ffmpeg-6.1.1-1.5.10.jar:/home/pi-dev/.m2/repository/org/bytedeco/flycapture/2.13.3.31-1.5.9/flycapture-2.13.3.31-1.5.9.jar:/ho--add-modules=com.santea.javafxapp -Djdk.module.main=com.santea.javafxapp com.santea.javafxapp/com.santea.Launcher

Host: 11th Gen Intel(R) Core(TM) i5-11400H @ 2.70GHz, 8 cores, 15G, Ubuntu 22.04.5 LTS
Time: Thu Apr 30 01:31:26 2026 CET elapsed time: 35.648336 seconds (0d 0h 0m 35s)

---------------  T H R E A D  ---------------

Current thread (0x0000717db51988f0):  JavaThread "voice-recognition" daemon [_thread_in_native, id=66944, stack(0x0000717f41300000,0x0000717f41400000) (1024K)]

Stack: [0x0000717f41300000,0x0000717f41400000],  sp=0x0000717f413fd960,  free space=1014k
Native frames: (J=compiled Java code, j=interpreted, Vv=VM code, C=native code)
C  [jna4771432910772253309.tmp+0x3f529b]  kaldi::LatticeIncrementalDecoderTpl<fst::Fst<fst::ArcTpl<fst::TropicalWeightTpl<float> > >, kaldi::decoder::BackpointerToken>::ComputeFinalCosts(std::unordered_map<kaldi::decoder::BackpointerToken*, float, std::hash<kaldi::decoder::BackpointerToken*>, std::equal_to<kaldi::decoder::BackpointerToken*>, std::allocator<std::pair<kaldi::decoder::BackpointerToken* const, float> > >*, float*, float*) const+0xab
Java frames: (J=compiled Java code, j=interpreted, Vv=VM code)
J 7796  org.vosk.LibVosk.vosk_recognizer_accept_waveform(Lcom/sun/jna/Pointer;[BI)Z vosk@0.3.45 (0 bytes) @ 0x000071806c1d6f6e [0x000071806c1d6f00+0x000000000000006e]
j  org.vosk.Recognizer.acceptWaveForm([BI)Z+6 vosk@0.3.45
j  com.santea.service.VoiceRecognitionService.runLoop()V+36 com.santea.javafxapp@1.0-SNAPSHOT
j  com.santea.service.VoiceRecognitionService$$Lambda+0x00000000584e5d08.run()V+4 com.santea.javafxapp@1.0-SNAPSHOT
j  java.lang.Thread.runWith(Ljava/lang/Object;Ljava/lang/Runnable;)V+5 java.base@25.0.2
j  java.lang.Thread.run()V+19 java.base@25.0.2
v  ~StubRoutines::call_stub 0x000071806b937fa6

siginfo: si_signo: 11 (SIGSEGV), si_code: 1 (SEGV_MAPERR), si_addr: 0x0000000000000000

Registers:
RAX=0x0000000000000000, RBX=0x0000717dc6a5acd8, RCX=0x0000607a04618360, RDX=0x0000607a04618360
RSP=0x0000717f413fd960, RBP=0x0000000000000000, RSI=0x0000607a04bb3300, RDI=0x0000717dc6925530
R8 =0x0000000000000000, R9 =0x00000000000003ea, R10=0x0000717dc68ecd80, R11=0x0000000000221a8d
R12=0x0000717ff500b400, R13=0x0000000000000000, R14=0x0000717f413fd9dc, R15=0x0000717d9f6f93c8
RIP=0x0000717f2d3f529b, EFLAGS=0x0000000000010202, CSGSFS=0x002b000000000033, ERR=0x0000000000000004
  TRAPNO=0x000000000000000e

XMM[0]=0x0000000000000000 0x000000007f800000
XMM[1]=0x0000000000000000 0x000000003f317218
XMM[2]=0x0000000000000000 0x000000007f800000
XMM[3]=0x0000000000000000 0x00000000fd9b39c8
XMM[4]=0x0000000000000000 0x00000000c69254ed
XMM[5]=0x0000000000000000 0x000000007f800000
XMM[6]=0x0000000000000000 0x00000000bf800000
XMM[7]=0x0000000000000000 0x000000003a83126f
XMM[8]=0x0000000000000000 0x0000000000000000
XMM[9]=0x0000000000000000 0x0000000000000000
XMM[10]=0x3f8000003f800000 0x3f8000003f800000
XMM[11]=0xbd0a95003f8220fe 0xbd64a1c03bedaa00
XMM[12]=0xbd0a95003f8220fe 0xbd64a1c03bedaa00
XMM[13]=0xbfb135763fc13150 0xbfad94043fc2ffee
XMM[14]=0x3f8e5badbf97372f 0x3fa0eac2bf23d198
XMM[15]=0xc085469d408b54aa 0xc09262194090ae43
  MXCSR=0x00001fb7


Register to memory mapping:

RAX=0x0 is null
RBX=0x0000717dc6a5acd8 points into unknown readable memory: 0x0000000000000000 | 00 00 00 00 00 00 00 00
RCX=0x0000607a04618360 points into unknown readable memory: 0x0000000000000000 | 00 00 00 00 00 00 00 00
RDX=0x0000607a04618360 points into unknown readable memory: 0x0000000000000000 | 00 00 00 00 00 00 00 00
RSP=0x0000717f413fd960 is pointing into the stack for thread: 0x0000717db51988f0
RBP=0x0 is null
RSI=0x0000607a04bb3300 points into unknown readable memory: 0x0000000000000000 | 00 00 00 00 00 00 00 00
RDI=0x0000717dc6925530 points into unknown readable memory: 0x0000717ff4000001 | 01 00 00 f4 7f 71 00 00
R8 =0x0 is null
R9 =0x00000000000003ea is an unknown value
R10=0x0000717dc68ecd80 points into unknown readable memory: 0x7fdfbfbf00000000 | 00 00 00 00 bf bf df 7f
R11=0x0000000000221a8d is an unknown value
R12=0x0000717ff500b400 points into unknown readable memory: 0x0000717ff508f818 | 18 f8 08 f5 7f 71 00 00
R13=0x0 is null
R14=0x0000717f413fd9dc is pointing into the stack for thread: 0x0000717db51988f0
R15=0x0000717d9f6f93c8 points into unknown readable memory: 0x0000000000000000 | 00 00 00 00 00 00 00 00

Top of Stack: (sp=0x0000717f413fd960)
0x0000717f413fd960:   0000000000000000 c69254edfd9b39c8   .........9...T..
0x0000717f413fd970:   0000717f413fd988 7f8000007f800000   ..?A.q..........
0x0000717f413fd980:   000000000000000b 0000000000000000   ................
0x0000717f413fd990:   0000000000000888 0000717dc6a5acd8   ............}q..
0x0000717f413fd9a0:   0000000000000c80 0000717ff500b458   ........X....q..
0x0000717f413fd9b0:   0000717ff5121350 0000000000000c80   P....q..........
0x0000717f413fd9c0:   0000000000000000 0000717f2d3f5442   ........BT?-.q..
0x0000717f413fd9d0:   0000717f413fd9e0 0000717f2d553b56   ..?A.q..V;U-.q..
0x0000717f413fd9e0:   0000717dc6a5aba8 0000717f2d379ff2   ....}q....7-.q..
0x0000717f413fd9f0:   0000717dc6a5aba8 3cf5c28f2d403d55   ....}q..U=@-...<
0x0000717f413fda00:   0000000000000004 0000717ff508df10   .............q..
0x0000717f413fda10:   0000000000000c80 0000717f413fda40   ........@.?A.q..
0x0000717f413fda20:   0000717f413fda90 0000717f2d2ae766   ..?A.q..f.*-.q..
0x0000717f413fda30:   0000717f413fda90 0000000000003200   ..?A.q...2......
0x0000717f413fda40:   0000717d9f3e9040 0000717f0000074f   @.>.}q..O....q..
0x0000717f413fda50:   0000000000000e9e 000000000000074f   ........O.......
0x0000717f413fda60:   0000717d9cadb8a0 0000717f413fda90   ....}q....?A.q..
0x0000717f413fda70:   0000717ff508df10 0000000000000e9e   .....q..........
0x0000717f413fda80:   0000717f413fe560 0000717f2d2ae91e   `.?A.q....*-.q..
0x0000717f413fda90:   0000717d9f3e9040 000000770000074f   @.>.}q..O...w...
0x0000717f413fdaa0:   0000000000000018 0000717f413fdae0   ..........?A.q..
0x0000717f413fdab0:   0000717ff51024c0 0000000000000004   .$...q..........
0x0000717f413fdac0:   0000000000000003 0000717f2d3699b9   ..........6-.q..
0x0000717f413fdad0:   0000000000000000 0000717f2ec139c2   .........9...q..
0x0000717f413fdae0:   0000000000000003 0000717f413fe700   ..........?A.q..
0x0000717f413fdaf0:   0000717f413fdbf0 0000717f2ec133ac   ..?A.q...3...q..
0x0000717f413fdb00:   0000000000001000 0000717f413fdb50   ........P.?A.q..
0x0000717f413fdb10:   0000000000000000 0000717f413fda20   ........ .?A.q..
0x0000717f413fdb20:   0000717f413fe668 0000000000000000   h.?A.q..........
0x0000717f413fdb30:   0000000000000001 0000717f2d3699b0   ..........6-.q..
0x0000717f413fdb40:   00000003b5198d90 0000717f413fda20   ........ .?A.q..
0x0000717f413fdb50:   0000717f413fe700 0000000083096e91   ..?A.q...n......

Instructions: (pc=0x0000717f2d3f529b)
  0x0000717f2d3f519b:   df c7 83 d0 02 00 00 00 c2 eb 0b 48 83 c4 08 5b
  0x0000717f2d3f51ab:   5d e9 ff ee e8 ff 0f 1f 80 00 00 00 00 48 8d 7b
  0x0000717f2d3f51bb:   50 be 01 00 00 00 e8 aa e7 e8 ff e9 68 ff ff ff
  0x0000717f2d3f51cb:   48 8d 0d 5e 7d 32 01 ba 47 00 00 00 48 8d 35 fa
  0x0000717f2d3f51db:   b7 32 01 48 8d 3d 43 c1 32 01 e8 96 1b e8 ff 66
  0x0000717f2d3f51eb:   0f 1f 44 00 00 41 57 41 56 49 89 d6 41 55 49 89
  0x0000717f2d3f51fb:   cd 41 54 55 48 89 f5 53 48 89 fb 48 83 ec 38 80
  0x0000717f2d3f520b:   bf c5 00 00 00 00 0f 85 39 01 00 00 48 85 f6 74
  0x0000717f2d3f521b:   08 48 89 f7 e8 6c 17 e8 ff 4c 8b 3b 4d 85 ff 0f
  0x0000717f2d3f522b:   84 c0 01 00 00 48 8d 44 24 28 f3 0f 10 2d e7 05
  0x0000717f2d3f523b:   32 01 48 85 ed 48 89 44 24 10 41 0f 95 c4 f3 0f
  0x0000717f2d3f524b:   11 6c 24 1c f3 0f 11 6c 24 0c f3 0f 11 6c 24 08
  0x0000717f2d3f525b:   0f 1f 44 00 00 49 8b 47 08 48 8b bb 98 00 00 00
  0x0000717f2d3f526b:   41 8b 37 4d 8b 7f 10 48 89 44 24 28 48 8b 07 ff
  0x0000717f2d3f527b:   50 18 48 8b 44 24 28 f3 0f 10 5c 24 08 f3 0f 10
  0x0000717f2d3f528b:   64 24 0c 0f 2e 05 97 05 32 01 f3 0f 11 44 24 18
=>0x0000717f2d3f529b:   f3 0f 10 08 0f 28 d1 f3 0f 5d d9 f3 0f 58 d0 f3
  0x0000717f2d3f52ab:   0f 11 5c 24 08 f3 0f 5d e2 f3 0f 11 64 24 0c 77
  0x0000717f2d3f52bb:   7c 45 84 e4 74 77 48 8b 74 24 10 48 89 ef e8 82
  0x0000717f2d3f52cb:   90 e8 ff f3 0f 10 44 24 18 f3 0f 11 00 4d 85 ff
  0x0000717f2d3f52db:   75 83 4d 85 f6 74 24 f3 0f 10 7c 24 08 0f 2e 3d
  0x0000717f2d3f52eb:   35 05 32 01 0f 8b ab 00 00 00 f3 0f 10 44 24 0c
  0x0000717f2d3f52fb:   f3 0f 5c 44 24 08 f3 41 0f 11 06 4d 85 ed 74 19
  0x0000717f2d3f530b:   f3 0f 10 74 24 0c 0f 2e 35 14 05 32 01 0f 87 b5
  0x0000717f2d3f531b:   00 00 00 f3 41 0f 11 75 00 48 83 c4 38 5b 5d 41
  0x0000717f2d3f532b:   5c 41 5d 41 5e 41 5f c3 0f 1f 44 00 00 4d 85 ff
  0x0000717f2d3f533b:   0f 85 1f ff ff ff 4d 85 f6 75 9c eb be 0f 1f 84
  0x0000717f2d3f534b:   00 00 00 00 00 48 85 f6 74 0f 48 8d b7 c8 00 00
  0x0000717f2d3f535b:   00 48 89 ef e8 ec 71 e8 ff 4d 85 f6 74 0d f3 0f
  0x0000717f2d3f536b:   10 83 00 01 00 00 f3 41 0f 11 06 4d 85 ed 74 a9
  0x0000717f2d3f537b:   f3 0f 10 83 04 01 00 00 f3 41 0f 11 45 00 48 83
  0x0000717f2d3f538b:   c4 38 5b 5d 41 5c 41 5d 41 5e 41 5f c3 0f 1f 84


Stack slot to memory mapping:

stack at sp + 0 slots: 0x0 is null
stack at sp + 1 slots: 0xc69254edfd9b39c8 is an unknown value
stack at sp + 2 slots: 0x0000717f413fd988 is pointing into the stack for thread: 0x0000717db51988f0
stack at sp + 3 slots: 0x7f8000007f800000 is an unknown value
stack at sp + 4 slots: 0x000000000000000b is an unknown value
stack at sp + 5 slots: 0x0 is null
stack at sp + 6 slots: 0x0000000000000888 is an unknown value
stack at sp + 7 slots: 0x0000717dc6a5acd8 points into unknown readable memory: 0x0000000000000000 | 00 00 00 00 00 00 00 00

Lock stack of current Java thread (top to bottom):


Compiled method (n/a) 35674 7796     n 0       org.vosk.LibVosk::vosk_recognizer_accept_waveform (native)
 total in heap  [0x000071806c1d6e08,0x000071806c1d70a0] = 664
 main code      [0x000071806c1d6f00,0x000071806c1d7094] = 404
 stub code      [0x000071806c1d7094,0x000071806c1d7098] = 4
 oops           [0x000071806c1d7098,0x000071806c1d70a0] = 8
 mutable data [0x0000718001b0e4d0,0x0000718001b0e4f0] = 32
 relocation     [0x0000718001b0e4d0,0x0000718001b0e4f0] = 32

[Constant Pool (empty)]

[MachCode]
[Entry Point]
  # {method} {0x000071803dcb3050} 'vosk_recognizer_accept_waveform' '(Lcom/sun/jna/Pointer;[BI)Z' in 'org/vosk/LibVosk'
  # parm0:    rsi:rsi   = 'com/sun/jna/Pointer'
  # parm1:    rdx:rdx   = '[B'
  # parm2:    rcx       = int
  #           [sp+0x50]  (sp of caller)
  0x000071806c1d6f00: 6690 448b | 5608 443b 

  0x000071806c1d6f08: ;   {runtime_call Shared Runtime ic_miss_blob}
  0x000071806c1d6f08: 5008 0f85 | d0e6 7aff 
[Verified Entry Point]
  0x000071806c1d6f10: 8984 2400 | c0fe ff55 | 488b ec48 | 83ec 4090 | 4181 7f20 | 0500 0000 

  0x000071806c1d6f28: ;   {runtime_call Stub::method_entry_barrier}
  0x000071806c1d6f28: 7405 e891 | 8679 ff4c | 8bc1 4889 | 5424 0848 | 83fa 0048 | 8d4c 2408 | 480f 444c | 2408 4889 
  0x000071806c1d6f48: 3424 4883 | fe00 488d | 1424 480f 

  0x000071806c1d6f54: ;   {oop(a 'java/lang/Class'{0x00000000fffdf0b8} = 'org/vosk/LibVosk')}
  0x000071806c1d6f54: 4414 2449 | beb8 f0fd | ff00 0000 | 004c 8974 | 2430 4c8d | 7424 3049 | 8bf6 c5f8 

  0x000071806c1d6f70: ;   {internal_word}
  0x000071806c1d6f70: 7749 ba6e | 6f1d 6c80 | 7100 004d | 8997 8804 | 0000 4989 | a780 0400 | 0049 8dbf | a004 0000 
  0x000071806c1d6f90: 41c7 872c | 0500 0004 

  0x000071806c1d6f98: ;   {runtime_call}
  0x000071806c1d6f98: 0000 0048 | b810 33bc | b97f 7100 | 00ff d0c5 | f877 25ff | 0000 000f | 95c0 41c7 | 872c 0500 
  0x000071806c1d6fb8: 0005 0000 | 00f0 8344 | 24c0 0049 | 3b6f 280f | 870e 0000 | 0041 83bf | 2805 0000 | 000f 8424 
  0x000071806c1d6fd8: 0000 00c5 | f877 4889 | 45f8 498b | ff4c 8be4 | 4883 ec00 | 4883 e4f0 

  0x000071806c1d6ff0: ;   {runtime_call JavaThread::check_special_condition_for_native_trans(JavaThread*)}
  0x000071806c1d6ff0: e87b 5f46 | 1749 8be4 | 4d33 e448 | 8b45 f841 | c787 2c05 | 0000 0800 | 0000 4183 | bfa8 0500 
  0x000071806c1d7010: 0002 0f84 | 5900 0000 | 49c7 8780 | 0400 0000 | 0000 0049 | c787 8804 | 0000 0000 | 0000 c5f8 
  0x000071806c1d7030: 7749 8b8f | 1005 0000 | c781 0001 | 0000 0000 

  0x000071806c1d7040: ;   {poll_return}
  0x000071806c1d7040: 0000 c941 | f647 2801 

  0x000071806c1d7048: ;   {internal_word}
  0x000071806c1d7048: 7416 49ba | 4370 1d6c | 8071 0000 | 4d89 9738 

  0x000071806c1d7058: ;   {runtime_call SafepointBlob}
  0x000071806c1d7058: 0500 00e9 | 001b 7bff | 4983 7f08 | 000f 8501 | 0000 00c3 

  0x000071806c1d706c: ;   {runtime_call Stub::forward_exception}
  0x000071806c1d706c: e96f 0e76 | ffc5 f877 | 4889 45f8 | 4c8b e448 | 83ec 0048 

  0x000071806c1d7080: ;   {runtime_call SharedRuntime::reguard_yellow_pages()}
  0x000071806c1d7080: 83e4 f0e8 | 0875 9717 | 498b e44d | 33e4 488b | 45f8 eb84 
[Stub Code]
  0x000071806c1d7094: f4f4 f4f4 
[/MachCode]


---------------  P R O C E S S  ---------------

Threads class SMR info:
_java_thread_list=0x0000717fac001db0, length=36, elements={
0x000071807c031880, 0x000071807c0d9cb0, 0x000071807c0daea0, 0x000071807c0dca10,
0x000071807c0de330, 0x000071807c0dfbb0, 0x000071807c0e19b0, 0x000071807c0e33a0,
0x000071807c0fb2b0, 0x000071807c16b030, 0x000071807c17f330, 0x000071800c04edc0,
0x000071800c3b8800, 0x000071800c3b7000, 0x0000717ff47e3460, 0x0000717ff4c93a20,
0x0000718010045790, 0x0000717ff4eea2e0, 0x0000717ff4812220, 0x0000717ff4f9dae0,
0x0000717ff4fa04d0, 0x0000717ff50f1d80, 0x0000717ff510d9b0, 0x0000717ff510fb40,
0x0000717f44004830, 0x0000717f44005a20, 0x0000717f3c04c2f0, 0x0000717f0c002cb0,
0x0000717f10002bb0, 0x0000717ff5118360, 0x0000717ff51196f0, 0x0000717ff511ab80,
0x0000717ff511c010, 0x0000717ff51db8a0, 0x0000717dc691aa00, 0x0000717db51988f0
}

Java Threads: ( => current thread )
  0x000071807c031880 JavaThread "main"                              [_thread_blocked, id=66238, stack(0x0000718082b00000,0x0000718082c00000) (1024K)]
  0x000071807c0d9cb0 JavaThread "Reference Handler"          daemon [_thread_blocked, id=66253, stack(0x00007180806f2000,0x00007180807f2000) (1024K)]
  0x000071807c0daea0 JavaThread "Finalizer"                  daemon [_thread_blocked, id=66254, stack(0x0000718080515000,0x0000718080615000) (1024K)]
  0x000071807c0dca10 JavaThread "Signal Dispatcher"          daemon [_thread_blocked, id=66255, stack(0x0000718080415000,0x0000718080515000) (1024K)]
  0x000071807c0de330 JavaThread "Service Thread"             daemon [_thread_blocked, id=66256, stack(0x0000718080315000,0x0000718080415000) (1024K)]
  0x000071807c0dfbb0 JavaThread "Monitor Deflation Thread"   daemon [_thread_blocked, id=66257, stack(0x0000718080215000,0x0000718080315000) (1024K)]
  0x000071807c0e19b0 JavaThread "C2 CompilerThread0"         daemon [_thread_blocked, id=66258, stack(0x0000718080115000,0x0000718080215000) (1024K)]
  0x000071807c0e33a0 JavaThread "C1 CompilerThread0"         daemon [_thread_blocked, id=66259, stack(0x0000718080015000,0x0000718080115000) (1024K)]
  0x000071807c0fb2b0 JavaThread "Common-Cleaner"             daemon [_thread_blocked, id=66260, stack(0x0000718064300000,0x0000718064400000) (1024K)]
  0x000071807c16b030 JavaThread "Notification Thread"        daemon [_thread_blocked, id=66264, stack(0x0000718064000000,0x0000718064100000) (1024K)]
  0x000071807c17f330 JavaThread "JavaFX-Launcher"                   [_thread_blocked, id=66265, stack(0x0000718055700000,0x0000718055800000) (1024K)]
  0x000071800c04edc0 JavaThread "QuantumRenderer-0"          daemon [_thread_blocked, id=66266, stack(0x0000718055600000,0x0000718055700000) (1024K)]
  0x000071800c3b8800 JavaThread "InvokeLaterDispatcher"      daemon [_thread_blocked, id=66269, stack(0x000071800a6b4000,0x000071800a7b4000) (1024K)]
  0x000071800c3b7000 JavaThread "JavaFX Application Thread"         [_thread_in_native, id=66270, stack(0x000071800a5b4000,0x000071800a6b4000) (1024K)]
  0x0000717ff47e3460 JavaThread "mysql-cj-abandoned-connection-cleanup" daemon [_thread_blocked, id=66274, stack(0x0000718064100000,0x0000718064200000) (1024K)]
  0x0000717ff4c93a20 JavaThread "Prism Font Disposer"        daemon [_thread_blocked, id=66285, stack(0x0000718009c70000,0x0000718009d70000) (1024K)]
  0x0000718010045790 JavaThread "Cleaner-0"                  daemon [_thread_blocked, id=66293, stack(0x0000717fba5e2000,0x0000717fba6e2000) (1024K)]
  0x0000717ff4eea2e0 JavaThread "HttpClient-1-SelectorManager" daemon [_thread_in_native, id=66319, stack(0x0000718064200000,0x0000718064300000) (1024K)]
  0x0000717ff4812220 JavaThread "Disposer"                   daemon [_thread_blocked, id=66333, stack(0x000071800946e000,0x000071800956e000) (1024K)]
  0x0000717ff4f9dae0 JavaThread "idle-timeout-task"          daemon [_thread_blocked, id=66334, stack(0x0000717fb9bc4000,0x0000717fb9cc4000) (1024K)]
  0x0000717ff4fa04d0 JavaThread "HTTP-Dispatcher"                   [_thread_in_native, id=66335, stack(0x0000717fb9900000,0x0000717fb9a00000) (1024K)]
  0x0000717ff50f1d80 JavaThread "HttpClient-2-SelectorManager" daemon [_thread_in_native, id=66338, stack(0x0000717fb9300000,0x0000717fb9400000) (1024K)]
  0x0000717ff510d9b0 JavaThread "HttpClient-2-Worker-0"      daemon [_thread_blocked, id=66339, stack(0x0000717fb9100000,0x0000717fb9200000) (1024K)]
  0x0000717ff510fb40 JavaThread "HttpClient-2-Worker-1"      daemon [_thread_blocked, id=66340, stack(0x0000717fb8f00000,0x0000717fb9000000) (1024K)]
  0x0000717f44004830 JavaThread "HttpClient-2-Worker-2"      daemon [_thread_blocked, id=66348, stack(0x0000717fb8d00000,0x0000717fb8e00000) (1024K)]
  0x0000717f44005a20 JavaThread "HttpClient-2-Worker-3"      daemon [_thread_blocked, id=66349, stack(0x0000717fb82ff000,0x0000717fb83ff000) (1024K)]
  0x0000717f3c04c2f0 JavaThread "ForkJoinPool.commonPool-worker-1" daemon [_thread_blocked, id=66350, stack(0x0000717fb81ff000,0x0000717fb82ff000) (1024K)]
  0x0000717f0c002cb0 JavaThread "ForkJoinPool.commonPool-worker-2" daemon [_thread_blocked, id=66351, stack(0x0000717fb80ff000,0x0000717fb81ff000) (1024K)]
  0x0000717f10002bb0 JavaThread "ForkJoinPool.commonPool-worker-3" daemon [_thread_blocked, id=66352, stack(0x0000717f602fc000,0x0000717f603fc000) (1024K)]
  0x0000717ff5118360 JavaThread "HttpClient-2-Worker-4"      daemon [_thread_blocked, id=66356, stack(0x0000717f601fc000,0x0000717f602fc000) (1024K)]
  0x0000717ff51196f0 JavaThread "HttpClient-2-Worker-5"      daemon [_thread_blocked, id=66357, stack(0x0000717f600fc000,0x0000717f601fc000) (1024K)]
  0x0000717ff511ab80 JavaThread "HttpClient-2-Worker-6"      daemon [_thread_blocked, id=66358, stack(0x0000717f416fb000,0x0000717f417fb000) (1024K)]
  0x0000717ff511c010 JavaThread "HttpClient-2-Worker-7"      daemon [_thread_blocked, id=66359, stack(0x0000717f415fb000,0x0000717f416fb000) (1024K)]
  0x0000717ff51db8a0 JavaThread "process reaper"             daemon [_thread_blocked, id=66417, stack(0x0000717fb80dd000,0x0000717fb80ff000) (136K)]
  0x0000717dc691aa00 JavaThread "Java Sound Event Dispatcher" daemon [_thread_blocked, id=66942, stack(0x0000717fb9500000,0x0000717fb9600000) (1024K)]
=>0x0000717db51988f0 JavaThread "voice-recognition"          daemon [_thread_in_native, id=66944, stack(0x0000717f41300000,0x0000717f41400000) (1024K)]
Total: 36

Other Threads:
  0x000071807c0cec50 VMThread "VM Thread"                           [id=66252, stack(0x00007180808f4000,0x00007180809f4000) (1024K)]
  0x000071807c0bebd0 WatcherThread "VM Periodic Task Thread"        [id=66251, stack(0x00007180807f3000,0x00007180808f3000) (1024K)]
  0x000071807c060220 WorkerThread "GC Thread#0"                     [id=66243, stack(0x0000718081e22000,0x0000718081f22000) (1024K)]
  0x000071804c008fd0 WorkerThread "GC Thread#1"                     [id=66276, stack(0x0000718009b70000,0x0000718009c70000) (1024K)]
  0x000071804c009b80 WorkerThread "GC Thread#2"                     [id=66277, stack(0x0000718009a6f000,0x0000718009b6f000) (1024K)]
  0x000071804c00a7a0 WorkerThread "GC Thread#3"                     [id=66278, stack(0x000071800996e000,0x0000718009a6e000) (1024K)]
  0x000071804c00b530 WorkerThread "GC Thread#4"                     [id=66279, stack(0x000071800986d000,0x000071800996d000) (1024K)]
  0x000071804c00c2e0 WorkerThread "GC Thread#5"                     [id=66280, stack(0x000071800976c000,0x000071800986c000) (1024K)]
  0x000071804c012190 WorkerThread "GC Thread#6"                     [id=66287, stack(0x00007180092c1000,0x00007180093c1000) (1024K)]
  0x000071804c012b20 WorkerThread "GC Thread#7"                     [id=66288, stack(0x00007180091c0000,0x00007180092c0000) (1024K)]
  0x000071807c0679f0 ConcurrentGCThread "G1 Main Marker"            [id=66244, stack(0x0000718081500000,0x0000718081600000) (1024K)]
  0x000071807c068af0 WorkerThread "G1 Conc#0"                       [id=66245, stack(0x00007180813ff000,0x00007180814ff000) (1024K)]
  0x0000718058000cd0 WorkerThread "G1 Conc#1"                       [id=66294, stack(0x0000717fba4e2000,0x0000717fba5e2000) (1024K)]
  0x000071807c0b0200 ConcurrentGCThread "G1 Refine#0"               [id=66246, stack(0x0000718080af6000,0x0000718080bf6000) (1024K)]
  0x000071807c0b13f0 ConcurrentGCThread "G1 Service"                [id=66247, stack(0x00007180809f5000,0x0000718080af5000) (1024K)]
Total: 15

Threads with active compile tasks:
Total: 0

VM state: not at safepoint (normal execution)

VM Mutex/Monitor currently owned by a thread: None

Heap address: 0x00000000e0000000, size: 512 MB, Compressed Oops mode: 32-bit

CDS archive(s) mapped at: [0x0000000057000000-0x0000000057d8d000-0x0000000057d8d000), size 14209024, SharedBaseAddress: 0x0000000057000000, ArchiveRelocationMode: 1.
Compressed class space mapped at: 0x0000000058000000-0x0000000098000000, reserved size: 1073741824
UseCompressedClassPointers 1, UseCompactObjectHeaders 0
Narrow klass pointer bits 32, Max shift 3
Narrow klass base: 0x0000000057000000, Narrow klass shift: 0
Encoding Range: [0x0000000057000000 - 0x0000000157000000), (4294967296 bytes)
Klass Range:    [0x0000000057001000 - 0x0000000098000000), (1090514944 bytes)
Klass ID Range:  [4096 - 1090519033) (1090514937)
Protection zone: [0x0000000057000000 - 0x0000000057001000), (4096 bytes)

GC Precious Log:
 CardTable entry size: 512
 Card Set container configuration: InlinePtr #cards 5 size 8 Array Of Cards #cards 10 size 36 Howl #buckets 4 coarsen threshold 1843 Howl Bitmap #cards 512 size 80 coarsen threshold 460 Card regions per heap region 1 cards per card region 2048
 CPUs: 8 total, 8 available
 Memory: 15946M
 Large Page Support: Disabled
 NUMA Support: Disabled
 Compressed Oops: Enabled (32-bit)
 Heap Region Size: 1M
 Heap Min Capacity: 128M
 Heap Initial Capacity: 128M
 Heap Max Capacity: 512M
 Pre-touch: Disabled
 Parallel Workers: 8
 Concurrent Workers: 2
 Concurrent Refinement Workers: 8
 Periodic GC: Disabled

Heap:
 garbage-first heap   total reserved 524288K, committed 135168K, used 118538K [0x00000000e0000000, 0x0000000100000000)
  region size 1024K, 17 young (17408K), 4 survivors (4096K)

Heap Regions: E=young(eden), S=young(survivor), O=old, HS=humongous(starts), HC=humongous(continues), CS=collection set, F=free, TAMS=top-at-mark-start, PB=parsable bottom
|   0|0x00000000e0000000, 0x00000000e0100000, 0x00000000e0100000|100%| O|  |TAMS 0x00000000e0000000| PB 0x00000000e0000000| Untracked |  0
|   1|0x00000000e0100000, 0x00000000e0200000, 0x00000000e0200000|100%| O|  |TAMS 0x00000000e0100000| PB 0x00000000e0100000| Untracked |  0
|   2|0x00000000e0200000, 0x00000000e0300000, 0x00000000e0300000|100%|HS|  |TAMS 0x00000000e0200000| PB 0x00000000e0200000| Complete |  0
|   3|0x00000000e0300000, 0x00000000e0400000, 0x00000000e0400000|100%|HC|  |TAMS 0x00000000e0300000| PB 0x00000000e0300000| Complete |  0
|   4|0x00000000e0400000, 0x00000000e0500000, 0x00000000e0500000|100%|HC|  |TAMS 0x00000000e0400000| PB 0x00000000e0400000| Complete |  0
|   5|0x00000000e0500000, 0x00000000e0600000, 0x00000000e0600000|100%|HC|  |TAMS 0x00000000e0500000| PB 0x00000000e0500000| Complete |  0
|   6|0x00000000e0600000, 0x00000000e0700000, 0x00000000e0700000|100%|HC|  |TAMS 0x00000000e0600000| PB 0x00000000e0600000| Complete |  0
|   7|0x00000000e0700000, 0x00000000e0800000, 0x00000000e0800000|100%|HC|  |TAMS 0x00000000e0700000| PB 0x00000000e0700000| Complete |  0
|   8|0x00000000e0800000, 0x00000000e0900000, 0x00000000e0900000|100%|HS|  |TAMS 0x00000000e0800000| PB 0x00000000e0800000| Complete |  0
|   9|0x00000000e0900000, 0x00000000e0a00000, 0x00000000e0a00000|100%|HC|  |TAMS 0x00000000e0900000| PB 0x00000000e0900000| Complete |  0
|  10|0x00000000e0a00000, 0x00000000e0b00000, 0x00000000e0b00000|100%|HS|  |TAMS 0x00000000e0a00000| PB 0x00000000e0a00000| Complete |  0
|  11|0x00000000e0b00000, 0x00000000e0c00000, 0x00000000e0c00000|100%|HC|  |TAMS 0x00000000e0b00000| PB 0x00000000e0b00000| Complete |  0
|  12|0x00000000e0c00000, 0x00000000e0d00000, 0x00000000e0d00000|100%| S|CS|TAMS 0x00000000e0c00000| PB 0x00000000e0c00000| Complete |  0
|  13|0x00000000e0d00000, 0x00000000e0e00000, 0x00000000e0e00000|100%| O|  |TAMS 0x00000000e0d00000| PB 0x00000000e0d00000| Untracked |  0
|  14|0x00000000e0e00000, 0x00000000e0f00000, 0x00000000e0f00000|100%| O|  |TAMS 0x00000000e0e00000| PB 0x00000000e0e00000| Untracked |  0
|  15|0x00000000e0f00000, 0x00000000e1000000, 0x00000000e1000000|100%| O|  |TAMS 0x00000000e0f00000| PB 0x00000000e0f00000| Untracked |  0
|  16|0x00000000e1000000, 0x00000000e1100000, 0x00000000e1100000|100%| O|  |TAMS 0x00000000e1000000| PB 0x00000000e1000000| Untracked |  0
|  17|0x00000000e1100000, 0x00000000e1200000, 0x00000000e1200000|100%| O|  |TAMS 0x00000000e1100000| PB 0x00000000e1100000| Untracked |  0
|  18|0x00000000e1200000, 0x00000000e1300000, 0x00000000e1300000|100%| O|  |TAMS 0x00000000e1200000| PB 0x00000000e1200000| Untracked |  0
|  19|0x00000000e1300000, 0x00000000e1400000, 0x00000000e1400000|100%|HS|  |TAMS 0x00000000e1300000| PB 0x00000000e1300000| Complete |  0
|  20|0x00000000e1400000, 0x00000000e1500000, 0x00000000e1500000|100%|HC|  |TAMS 0x00000000e1400000| PB 0x00000000e1400000| Complete |  0
|  21|0x00000000e1500000, 0x00000000e1600000, 0x00000000e1600000|100%|HS|  |TAMS 0x00000000e1500000| PB 0x00000000e1500000| Complete |  0
|  22|0x00000000e1600000, 0x00000000e1700000, 0x00000000e1700000|100%|HC|  |TAMS 0x00000000e1600000| PB 0x00000000e1600000| Complete |  0
|  23|0x00000000e1700000, 0x00000000e1800000, 0x00000000e1800000|100%| S|CS|TAMS 0x00000000e1700000| PB 0x00000000e1700000| Complete |  0
|  24|0x00000000e1800000, 0x00000000e1900000, 0x00000000e1900000|100%|HS|  |TAMS 0x00000000e1800000| PB 0x00000000e1800000| Complete |  0
|  25|0x00000000e1900000, 0x00000000e1a00000, 0x00000000e1a00000|100%|HC|  |TAMS 0x00000000e1900000| PB 0x00000000e1900000| Complete |  0
|  26|0x00000000e1a00000, 0x00000000e1b00000, 0x00000000e1b00000|100%|HC|  |TAMS 0x00000000e1a00000| PB 0x00000000e1a00000| Complete |  0
|  27|0x00000000e1b00000, 0x00000000e1c00000, 0x00000000e1c00000|100%|HC|  |TAMS 0x00000000e1b00000| PB 0x00000000e1b00000| Complete |  0
|  28|0x00000000e1c00000, 0x00000000e1d00000, 0x00000000e1d00000|100%|HC|  |TAMS 0x00000000e1c00000| PB 0x00000000e1c00000| Complete |  0
|  29|0x00000000e1d00000, 0x00000000e1e00000, 0x00000000e1e00000|100%|HS|  |TAMS 0x00000000e1d00000| PB 0x00000000e1d00000| Complete |  0
|  30|0x00000000e1e00000, 0x00000000e1f00000, 0x00000000e1f00000|100%|HS|  |TAMS 0x00000000e1e00000| PB 0x00000000e1e00000| Complete |  0
|  31|0x00000000e1f00000, 0x00000000e2000000, 0x00000000e2000000|100%|HC|  |TAMS 0x00000000e1f00000| PB 0x00000000e1f00000| Complete |  0
|  32|0x00000000e2000000, 0x00000000e2100000, 0x00000000e2100000|100%|HS|  |TAMS 0x00000000e2000000| PB 0x00000000e2000000| Complete |  0
|  33|0x00000000e2100000, 0x00000000e2200000, 0x00000000e2200000|100%|HC|  |TAMS 0x00000000e2100000| PB 0x00000000e2100000| Complete |  0
|  34|0x00000000e2200000, 0x00000000e2300000, 0x00000000e2300000|100%|HC|  |TAMS 0x00000000e2200000| PB 0x00000000e2200000| Complete |  0
|  35|0x00000000e2300000, 0x00000000e2400000, 0x00000000e2400000|100%|HC|  |TAMS 0x00000000e2300000| PB 0x00000000e2300000| Complete |  0
|  36|0x00000000e2400000, 0x00000000e2500000, 0x00000000e2500000|100%|HS|  |TAMS 0x00000000e2400000| PB 0x00000000e2400000| Complete |  0
|  37|0x00000000e2500000, 0x00000000e2600000, 0x00000000e2600000|100%|HC|  |TAMS 0x00000000e2500000| PB 0x00000000e2500000| Complete |  0
|  38|0x00000000e2600000, 0x00000000e2700000, 0x00000000e2700000|100%|HS|  |TAMS 0x00000000e2600000| PB 0x00000000e2600000| Complete |  0
|  39|0x00000000e2700000, 0x00000000e2800000, 0x00000000e2800000|100%|HC|  |TAMS 0x00000000e2700000| PB 0x00000000e2700000| Complete |  0
|  40|0x00000000e2800000, 0x00000000e2900000, 0x00000000e2900000|100%|HS|  |TAMS 0x00000000e2800000| PB 0x00000000e2800000| Complete |  0
|  41|0x00000000e2900000, 0x00000000e2a00000, 0x00000000e2a00000|100%|HC|  |TAMS 0x00000000e2900000| PB 0x00000000e2900000| Complete |  0
|  42|0x00000000e2a00000, 0x00000000e2b00000, 0x00000000e2b00000|100%|HC|  |TAMS 0x00000000e2a00000| PB 0x00000000e2a00000| Complete |  0
|  43|0x00000000e2b00000, 0x00000000e2c00000, 0x00000000e2c00000|100%|HS|  |TAMS 0x00000000e2b00000| PB 0x00000000e2b00000| Complete |  0
|  44|0x00000000e2c00000, 0x00000000e2d00000, 0x00000000e2d00000|100%|HC|  |TAMS 0x00000000e2c00000| PB 0x00000000e2c00000| Complete |  0
|  45|0x00000000e2d00000, 0x00000000e2e00000, 0x00000000e2e00000|100%|HC|  |TAMS 0x00000000e2d00000| PB 0x00000000e2d00000| Complete |  0
|  46|0x00000000e2e00000, 0x00000000e2f00000, 0x00000000e2f00000|100%|HC|  |TAMS 0x00000000e2e00000| PB 0x00000000e2e00000| Complete |  0
|  47|0x00000000e2f00000, 0x00000000e3000000, 0x00000000e3000000|100%|HC|  |TAMS 0x00000000e2f00000| PB 0x00000000e2f00000| Complete |  0
|  48|0x00000000e3000000, 0x00000000e3100000, 0x00000000e3100000|100%|HC|  |TAMS 0x00000000e3000000| PB 0x00000000e3000000| Complete |  0
|  49|0x00000000e3100000, 0x00000000e3200000, 0x00000000e3200000|100%|HC|  |TAMS 0x00000000e3100000| PB 0x00000000e3100000| Complete |  0
|  50|0x00000000e3200000, 0x00000000e3300000, 0x00000000e3300000|100%|HC|  |TAMS 0x00000000e3200000| PB 0x00000000e3200000| Complete |  0
|  51|0x00000000e3300000, 0x00000000e3400000, 0x00000000e3400000|100%|HC|  |TAMS 0x00000000e3300000| PB 0x00000000e3300000| Complete |  0
|  52|0x00000000e3400000, 0x00000000e3500000, 0x00000000e3500000|100%| O|  |TAMS 0x00000000e3400000| PB 0x00000000e3400000| Untracked |  0
|  53|0x00000000e3500000, 0x00000000e3600000, 0x00000000e3600000|100%| O|  |TAMS 0x00000000e3500000| PB 0x00000000e3500000| Untracked |  0
|  54|0x00000000e3600000, 0x00000000e3700000, 0x00000000e3700000|100%| O|  |TAMS 0x00000000e3600000| PB 0x00000000e3600000| Untracked |  0
|  55|0x00000000e3700000, 0x00000000e3800000, 0x00000000e3800000|100%| O|  |TAMS 0x00000000e3700000| PB 0x00000000e3700000| Untracked |  0
|  56|0x00000000e3800000, 0x00000000e3900000, 0x00000000e3900000|100%| O|  |TAMS 0x00000000e3800000| PB 0x00000000e3800000| Untracked |  0
|  57|0x00000000e3900000, 0x00000000e3a00000, 0x00000000e3a00000|100%| O|  |TAMS 0x00000000e3900000| PB 0x00000000e3900000| Untracked |  0
|  58|0x00000000e3a00000, 0x00000000e3b00000, 0x00000000e3b00000|100%| O|Cm|TAMS 0x00000000e3a00000| PB 0x00000000e3a00000| Complete |  0
|  59|0x00000000e3b00000, 0x00000000e3c00000, 0x00000000e3c00000|100%|HS|  |TAMS 0x00000000e3b00000| PB 0x00000000e3b00000| Complete |  0
|  60|0x00000000e3c00000, 0x00000000e3d00000, 0x00000000e3d00000|100%|HC|  |TAMS 0x00000000e3c00000| PB 0x00000000e3c00000| Complete |  0
|  61|0x00000000e3d00000, 0x00000000e3e00000, 0x00000000e3e00000|100%|HC|  |TAMS 0x00000000e3d00000| PB 0x00000000e3d00000| Complete |  0
|  62|0x00000000e3e00000, 0x00000000e3f00000, 0x00000000e3f00000|100%|HC|  |TAMS 0x00000000e3e00000| PB 0x00000000e3e00000| Complete |  0
|  63|0x00000000e3f00000, 0x00000000e4000000, 0x00000000e4000000|100%|HC|  |TAMS 0x00000000e3f00000| PB 0x00000000e3f00000| Complete |  0
|  64|0x00000000e4000000, 0x00000000e4100000, 0x00000000e4100000|100%|HC|  |TAMS 0x00000000e4000000| PB 0x00000000e4000000| Complete |  0
|  65|0x00000000e4100000, 0x00000000e4200000, 0x00000000e4200000|100%|HS|  |TAMS 0x00000000e4100000| PB 0x00000000e4100000| Complete |  0
|  66|0x00000000e4200000, 0x00000000e4300000, 0x00000000e4300000|100%|HC|  |TAMS 0x00000000e4200000| PB 0x00000000e4200000| Complete |  0
|  67|0x00000000e4300000, 0x00000000e4400000, 0x00000000e4400000|100%|HC|  |TAMS 0x00000000e4300000| PB 0x00000000e4300000| Complete |  0
|  68|0x00000000e4400000, 0x00000000e4500000, 0x00000000e4500000|100%|HC|  |TAMS 0x00000000e4400000| PB 0x00000000e4400000| Complete |  0
|  69|0x00000000e4500000, 0x00000000e4600000, 0x00000000e4600000|100%|HC|  |TAMS 0x00000000e4500000| PB 0x00000000e4500000| Complete |  0
|  70|0x00000000e4600000, 0x00000000e4700000, 0x00000000e4700000|100%| O|  |TAMS 0x00000000e4600000| PB 0x00000000e4600000| Untracked |  0
|  71|0x00000000e4700000, 0x00000000e4800000, 0x00000000e4800000|100%| O|  |TAMS 0x00000000e4700000| PB 0x00000000e4700000| Untracked |  0
|  72|0x00000000e4800000, 0x00000000e4900000, 0x00000000e4900000|100%| O|Cm|TAMS 0x00000000e4800000| PB 0x00000000e4800000| Complete |  0
|  73|0x00000000e4900000, 0x00000000e4a00000, 0x00000000e4a00000|100%| O|  |TAMS 0x00000000e4900000| PB 0x00000000e4900000| Untracked |  0
|  74|0x00000000e4a00000, 0x00000000e4b00000, 0x00000000e4b00000|100%| O|  |TAMS 0x00000000e4a00000| PB 0x00000000e4a00000| Untracked |  0
|  75|0x00000000e4b00000, 0x00000000e4c00000, 0x00000000e4c00000|100%| O|  |TAMS 0x00000000e4b00000| PB 0x00000000e4b00000| Untracked |  0
|  76|0x00000000e4c00000, 0x00000000e4d00000, 0x00000000e4d00000|100%| O|  |TAMS 0x00000000e4c00000| PB 0x00000000e4c00000| Untracked |  0
|  77|0x00000000e4d00000, 0x00000000e4e00000, 0x00000000e4e00000|100%| O|  |TAMS 0x00000000e4d00000| PB 0x00000000e4d00000| Untracked |  0
|  78|0x00000000e4e00000, 0x00000000e4f00000, 0x00000000e4f00000|100%| O|  |TAMS 0x00000000e4e00000| PB 0x00000000e4e00000| Untracked |  0
|  79|0x00000000e4f00000, 0x00000000e5000000, 0x00000000e5000000|100%| O|  |TAMS 0x00000000e4f00000| PB 0x00000000e4f00000| Untracked |  0
|  80|0x00000000e5000000, 0x00000000e5100000, 0x00000000e5100000|100%| O|  |TAMS 0x00000000e5000000| PB 0x00000000e5000000| Untracked |  0
|  81|0x00000000e5100000, 0x00000000e5200000, 0x00000000e5200000|100%| O|  |TAMS 0x00000000e5100000| PB 0x00000000e5100000| Untracked |  0
|  82|0x00000000e5200000, 0x00000000e5300000, 0x00000000e5300000|100%|HS|  |TAMS 0x00000000e5200000| PB 0x00000000e5200000| Complete |  0
|  83|0x00000000e5300000, 0x00000000e5400000, 0x00000000e5400000|100%|HC|  |TAMS 0x00000000e5300000| PB 0x00000000e5300000| Complete |  0
|  84|0x00000000e5400000, 0x00000000e5500000, 0x00000000e5500000|100%|HS|  |TAMS 0x00000000e5400000| PB 0x00000000e5400000| Complete |  0
|  85|0x00000000e5500000, 0x00000000e5600000, 0x00000000e5600000|100%|HC|  |TAMS 0x00000000e5500000| PB 0x00000000e5500000| Complete |  0
|  86|0x00000000e5600000, 0x00000000e5700000, 0x00000000e5700000|100%| O|  |TAMS 0x00000000e5600000| PB 0x00000000e5600000| Untracked |  0
|  87|0x00000000e5700000, 0x00000000e5800000, 0x00000000e5800000|100%|HS|  |TAMS 0x00000000e5700000| PB 0x00000000e5700000| Complete |  1
|  88|0x00000000e5800000, 0x00000000e5900000, 0x00000000e5900000|100%|HC|  |TAMS 0x00000000e5800000| PB 0x00000000e5800000| Complete |  0
|  89|0x00000000e5900000, 0x00000000e5a00000, 0x00000000e5a00000|100%|HC|  |TAMS 0x00000000e5900000| PB 0x00000000e5900000| Complete |  0
|  90|0x00000000e5a00000, 0x00000000e5b00000, 0x00000000e5b00000|100%|HC|  |TAMS 0x00000000e5a00000| PB 0x00000000e5a00000| Complete |  0
|  91|0x00000000e5b00000, 0x00000000e5c00000, 0x00000000e5c00000|100%|HC|  |TAMS 0x00000000e5b00000| PB 0x00000000e5b00000| Complete |  0
|  92|0x00000000e5c00000, 0x00000000e5d00000, 0x00000000e5d00000|100%|HC|  |TAMS 0x00000000e5c00000| PB 0x00000000e5c00000| Complete |  0
|  93|0x00000000e5d00000, 0x00000000e5e00000, 0x00000000e5e00000|100%|HS|  |TAMS 0x00000000e5d00000| PB 0x00000000e5d00000| Complete |  0
|  94|0x00000000e5e00000, 0x00000000e5f00000, 0x00000000e5f00000|100%|HC|  |TAMS 0x00000000e5e00000| PB 0x00000000e5e00000| Complete |  0
|  95|0x00000000e5f00000, 0x00000000e6000000, 0x00000000e6000000|100%|HS|  |TAMS 0x00000000e5f00000| PB 0x00000000e5f00000| Complete |  0
|  96|0x00000000e6000000, 0x00000000e6100000, 0x00000000e6100000|100%|HC|  |TAMS 0x00000000e6000000| PB 0x00000000e6000000| Complete |  0
|  97|0x00000000e6100000, 0x00000000e6200000, 0x00000000e6200000|100%| S|CS|TAMS 0x00000000e6100000| PB 0x00000000e6100000| Complete |  0
|  98|0x00000000e6200000, 0x00000000e6300000, 0x00000000e6300000|100%| S|CS|TAMS 0x00000000e6200000| PB 0x00000000e6200000| Complete |  0
|  99|0x00000000e6300000, 0x00000000e6400000, 0x00000000e6400000|100%|HS|  |TAMS 0x00000000e6300000| PB 0x00000000e6300000| Complete |  0
| 100|0x00000000e6400000, 0x00000000e6500000, 0x00000000e6500000|100%|HS|  |TAMS 0x00000000e6400000| PB 0x00000000e6400000| Complete |  0
| 101|0x00000000e6500000, 0x00000000e6600000, 0x00000000e6600000|100%|HS|  |TAMS 0x00000000e6500000| PB 0x00000000e6500000| Complete |  0
| 102|0x00000000e6600000, 0x00000000e6600000, 0x00000000e6700000|  0%| F|  |TAMS 0x00000000e6600000| PB 0x00000000e6600000| Untracked |  0
| 103|0x00000000e6700000, 0x00000000e6700000, 0x00000000e6800000|  0%| F|  |TAMS 0x00000000e6700000| PB 0x00000000e6700000| Untracked |  0
| 104|0x00000000e6800000, 0x00000000e6800000, 0x00000000e6900000|  0%| F|  |TAMS 0x00000000e6800000| PB 0x00000000e6800000| Untracked |  0
| 105|0x00000000e6900000, 0x00000000e6900000, 0x00000000e6a00000|  0%| F|  |TAMS 0x00000000e6900000| PB 0x00000000e6900000| Untracked |  0
| 106|0x00000000e6a00000, 0x00000000e6a00000, 0x00000000e6b00000|  0%| F|  |TAMS 0x00000000e6a00000| PB 0x00000000e6a00000| Untracked |  0
| 107|0x00000000e6b00000, 0x00000000e6b00000, 0x00000000e6c00000|  0%| F|  |TAMS 0x00000000e6b00000| PB 0x00000000e6b00000| Untracked |  0
| 108|0x00000000e6c00000, 0x00000000e6c00000, 0x00000000e6d00000|  0%| F|  |TAMS 0x00000000e6c00000| PB 0x00000000e6c00000| Untracked |  0
| 109|0x00000000e6d00000, 0x00000000e6d00000, 0x00000000e6e00000|  0%| F|  |TAMS 0x00000000e6d00000| PB 0x00000000e6d00000| Untracked |  0
| 110|0x00000000e6e00000, 0x00000000e6e00000, 0x00000000e6f00000|  0%| F|  |TAMS 0x00000000e6e00000| PB 0x00000000e6e00000| Untracked |  0
| 111|0x00000000e6f00000, 0x00000000e6f00000, 0x00000000e7000000|  0%| F|  |TAMS 0x00000000e6f00000| PB 0x00000000e6f00000| Untracked |  0
| 112|0x00000000e7000000, 0x00000000e7000000, 0x00000000e7100000|  0%| F|  |TAMS 0x00000000e7000000| PB 0x00000000e7000000| Untracked |  0
| 113|0x00000000e7100000, 0x00000000e7100000, 0x00000000e7200000|  0%| F|  |TAMS 0x00000000e7100000| PB 0x00000000e7100000| Untracked |  0
| 114|0x00000000e7200000, 0x00000000e7200000, 0x00000000e7300000|  0%| F|  |TAMS 0x00000000e7200000| PB 0x00000000e7200000| Untracked |  0
| 115|0x00000000e7300000, 0x00000000e7300000, 0x00000000e7400000|  0%| F|  |TAMS 0x00000000e7300000| PB 0x00000000e7300000| Untracked |  0
| 116|0x00000000e7400000, 0x00000000e74a7f38, 0x00000000e7500000| 65%| E|  |TAMS 0x00000000e7400000| PB 0x00000000e7400000| Complete |  0
| 117|0x00000000e7500000, 0x00000000e7600000, 0x00000000e7600000|100%| E|CS|TAMS 0x00000000e7500000| PB 0x00000000e7500000| Complete |  0
| 118|0x00000000e7600000, 0x00000000e7700000, 0x00000000e7700000|100%| E|CS|TAMS 0x00000000e7600000| PB 0x00000000e7600000| Complete |  0
| 119|0x00000000e7700000, 0x00000000e7800000, 0x00000000e7800000|100%| E|CS|TAMS 0x00000000e7700000| PB 0x00000000e7700000| Complete |  0
| 120|0x00000000e7800000, 0x00000000e7900000, 0x00000000e7900000|100%| E|CS|TAMS 0x00000000e7800000| PB 0x00000000e7800000| Complete |  0
| 121|0x00000000e7900000, 0x00000000e7a00000, 0x00000000e7a00000|100%| E|  |TAMS 0x00000000e7900000| PB 0x00000000e7900000| Complete |  0
| 122|0x00000000e7a00000, 0x00000000e7b00000, 0x00000000e7b00000|100%| E|CS|TAMS 0x00000000e7a00000| PB 0x00000000e7a00000| Complete |  0
| 123|0x00000000e7b00000, 0x00000000e7c00000, 0x00000000e7c00000|100%| E|CS|TAMS 0x00000000e7b00000| PB 0x00000000e7b00000| Complete |  0
| 124|0x00000000e7c00000, 0x00000000e7d00000, 0x00000000e7d00000|100%| E|CS|TAMS 0x00000000e7c00000| PB 0x00000000e7c00000| Complete |  0
| 125|0x00000000e7d00000, 0x00000000e7e00000, 0x00000000e7e00000|100%| E|CS|TAMS 0x00000000e7d00000| PB 0x00000000e7d00000| Complete |  0
| 126|0x00000000e7e00000, 0x00000000e7f00000, 0x00000000e7f00000|100%| E|CS|TAMS 0x00000000e7e00000| PB 0x00000000e7e00000| Complete |  0
| 127|0x00000000e7f00000, 0x00000000e8000000, 0x00000000e8000000|100%| E|CS|TAMS 0x00000000e7f00000| PB 0x00000000e7f00000| Complete |  0
| 508|0x00000000ffc00000, 0x00000000ffcc2a60, 0x00000000ffd00000| 76%| O|  |TAMS 0x00000000ffc00000| PB 0x00000000ffc00000| Untracked |  0
| 509|0x00000000ffd00000, 0x00000000ffe00000, 0x00000000ffe00000|100%| O|  |TAMS 0x00000000ffd00000| PB 0x00000000ffd00000| Untracked |  0
| 510|0x00000000ffe00000, 0x00000000fff00000, 0x00000000fff00000|100%| O|  |TAMS 0x00000000ffe00000| PB 0x00000000ffe00000| Untracked |  0
| 511|0x00000000fff00000, 0x0000000100000000, 0x0000000100000000|100%| E|CS|TAMS 0x00000000fff00000| PB 0x00000000fff00000| Complete |  0

Card table byte_map: [0x0000718081f22000,0x0000718082022000] _byte_map_base: 0x0000718081822000

Marking Bits: (CMBitMap*) 0x000071807c060ea0
 Bits: [0x0000718081600000, 0x0000718081e00000)

Polling page: 0x00007180847d8000

Metaspace:
Metaspace        used 35533K, committed 35904K, reserved 1114112K
 class space     used 4892K, committed 5056K, reserved 1048576K

Usage:
  Non-class:     29.92 MB used.
      Class:      4.78 MB used.
       Both:     34.70 MB used.

Virtual space:
  Non-class space:       64.00 MB reserved,      30.12 MB ( 47%) committed,  1 nodes.
      Class space:        1.00 GB reserved,       4.94 MB ( <1%) committed,  1 nodes.
             Both:        1.06 GB reserved,      35.06 MB (  3%) committed. 

Chunk freelists:
   Non-Class:  1.66 MB
       Class:  11.07 MB
        Both:  12.73 MB

MaxMetaspaceSize: unlimited
CompressedClassSpaceSize: 1.00 GB
Initial GC threshold: 21.00 MB
Current GC threshold: 50.00 MB
CDS: on
 - commit_granule_bytes: 65536.
 - commit_granule_words: 8192.
 - virtual_space_node_default_size: 8388608.
 - enlarge_chunks_in_place: 1.
UseCompressedClassPointers 1, UseCompactObjectHeaders 0
Narrow klass pointer bits 32, Max shift 3
Narrow klass base: 0x0000000057000000, Narrow klass shift: 0
Encoding Range: [0x0000000057000000 - 0x0000000157000000), (4294967296 bytes)
Klass Range:    [0x0000000057001000 - 0x0000000098000000), (1090514944 bytes)
Klass ID Range:  [4096 - 1090519033) (1090514937)
Protection zone: [0x0000000057000000 - 0x0000000057001000), (4096 bytes)


Internal statistics:

num_allocs_failed_limit: 0.
num_arena_births: 446.
num_arena_deaths: 0.
num_vsnodes_births: 2.
num_vsnodes_deaths: 0.
num_space_committed: 561.
num_space_uncommitted: 0.
num_chunks_returned_to_freelist: 0.
num_chunks_taken_from_freelist: 1512.
num_chunk_merges: 0.
num_chunk_splits: 1004.
num_chunks_enlarged: 721.
num_inconsistent_stats: 0.

CodeHeap 'non-profiled nmethods': size=120032Kb used=3179Kb max_used=3179Kb free=116852Kb
 bounds [0x000071806bec8000, 0x000071806c1e8000, 0x0000718073400000]
CodeHeap 'profiled nmethods': size=120028Kb used=11559Kb max_used=11559Kb free=108468Kb
 bounds [0x0000718064400000, 0x0000718064f50000, 0x000071806b937000]
CodeHeap 'non-nmethods': size=5700Kb used=2219Kb max_used=2302Kb free=3481Kb
 bounds [0x000071806b937000, 0x000071806bba7000, 0x000071806bec8000]
CodeCache: size=245760Kb, used=16957Kb, max_used=17040Kb, free=228801Kb
 total_blobs=8113, nmethods=7143, adapters=874, full_count=0
Compilation: enabled, stopped_count=0, restarted_count=0

Compilation events (20 events):
Event: 35.100 Thread 0x000071807c0e19b0 7888       4       java.util.concurrent.LinkedBlockingDeque::unlinkFirst (74 bytes)
Event: 35.101 Thread 0x000071807c0e19b0 nmethod 7888 0x000071806c1e2188 code [0x000071806c1e2280, 0x000071806c1e2850]
Event: 35.107 Thread 0x000071807c0e33a0 7889       3       com.sun.javafx.sg.prism.NGNode::getEffectBounds (24 bytes)
Event: 35.107 Thread 0x000071807c0e33a0 nmethod 7889 0x0000718064f45108 code [0x0000718064f45200, 0x0000718064f45648]
Event: 35.108 Thread 0x000071807c0e33a0 7890       3       com.sun.javafx.sg.prism.NGRegion::getCacheKey (65 bytes)
Event: 35.108 Thread 0x000071807c0e33a0 nmethod 7890 0x0000718064f45688 code [0x0000718064f45780, 0x0000718064f45d40]
Event: 35.108 Thread 0x000071807c0e33a0 7891       3       com.sun.javafx.sg.prism.RegionImageCache::getImageLocation (194 bytes)
Event: 35.109 Thread 0x000071807c0e33a0 nmethod 7891 0x0000718064f45d88 code [0x0000718064f45e80, 0x0000718064f46cc0]
Event: 35.416 Thread 0x000071807c0e33a0 7892       1       javafx.scene.control.TextInputControl::getContent (5 bytes)
Event: 35.416 Thread 0x000071807c0e33a0 nmethod 7892 0x000071806c1e2888 code [0x000071806c1e2980, 0x000071806c1e2a40]
Event: 35.432 Thread 0x000071807c0e33a0 7893       3       java.lang.Double::compare (54 bytes)
Event: 35.432 Thread 0x000071807c0e33a0 nmethod 7893 0x0000718064f46d08 code [0x0000718064f46e00, 0x0000718064f473c0]
Event: 35.432 Thread 0x000071807c0e33a0 7894   !   3       javafx.scene.control.Control::doProcessCSS (111 bytes)
Event: 35.433 Thread 0x000071807c0e33a0 nmethod 7894 0x0000718064f47408 code [0x0000718064f47500, 0x0000718064f48ac8]
Event: 35.436 Thread 0x000071807c0e33a0 7895       3       com.sun.javafx.sg.prism.NGNode::getClippedBounds (78 bytes)
Event: 35.437 Thread 0x000071807c0e33a0 nmethod 7895 0x0000718064f48b08 code [0x0000718064f48c00, 0x0000718064f49830]
Event: 35.500 Thread 0x000071807c0e19b0 7896       4       java.lang.Math::min (45 bytes)
Event: 35.500 Thread 0x000071807c0e33a0 7897       3       com.sun.marlin.TransformingPathConsumer2D$CurveClipSplitter::splitLine (63 bytes)
Event: 35.500 Thread 0x000071807c0e33a0 nmethod 7897 0x0000718064f49888 code [0x0000718064f49980, 0x0000718064f49c80]
Event: 35.500 Thread 0x000071807c0e19b0 nmethod 7896 0x000071806c1e2b88 code [0x000071806c1e2ca0, 0x000071806c1e2da0]

GC Heap Usage History (14 events):
Event: 0.714 {heap Before GC invocations=0 (full 0):
 garbage-first heap   total reserved 524288K, committed 133120K, used 48260K [0x00000000e0000000, 0x0000000100000000)
  region size 1024K, 47 young (48128K), 0 survivors (0K)
}
Event: 0.718 {heap After GC invocations=1 (full 0):
 garbage-first heap   total reserved 524288K, committed 133120K, used 8939K [0x00000000e0000000, 0x0000000100000000)
  region size 1024K, 6 young (6144K), 6 survivors (6144K)
}
Event: 1.703 {heap Before GC invocations=1 (full 0):
 garbage-first heap   total reserved 524288K, committed 133120K, used 72427K [0x00000000e0000000, 0x0000000100000000)
  region size 1024K, 58 young (59392K), 6 survivors (6144K)
}
Event: 1.709 {heap After GC invocations=2 (full 0):
 garbage-first heap   total reserved 524288K, committed 133120K, used 28570K [0x00000000e0000000, 0x0000000100000000)
  region size 1024K, 8 young (8192K), 8 survivors (8192K)
}
Event: 2.288 {heap Before GC invocations=2 (full 0):
 garbage-first heap   total reserved 524288K, committed 133120K, used 97178K [0x00000000e0000000, 0x0000000100000000)
  region size 1024K, 44 young (45056K), 8 survivors (8192K)
}
Event: 2.298 {heap After GC invocations=3 (full 0):
 garbage-first heap   total reserved 524288K, committed 133120K, used 66645K [0x00000000e0000000, 0x0000000100000000)
  region size 1024K, 5 young (5120K), 5 survivors (5120K)
}
Event: 5.735 {heap Before GC invocations=4 (full 0):
 garbage-first heap   total reserved 524288K, committed 133120K, used 114773K [0x00000000e0000000, 0x0000000100000000)
  region size 1024K, 42 young (43008K), 5 survivors (5120K)
}
Event: 5.739 {heap After GC invocations=5 (full 0):
 garbage-first heap   total reserved 524288K, committed 133120K, used 83977K [0x00000000e0000000, 0x0000000100000000)
  region size 1024K, 6 young (6144K), 6 survivors (6144K)
}
Event: 6.004 {heap Before GC invocations=5 (full 0):
 garbage-first heap   total reserved 524288K, committed 133120K, used 112649K [0x00000000e0000000, 0x0000000100000000)
  region size 1024K, 34 young (34816K), 6 survivors (6144K)
}
Event: 6.009 {heap After GC invocations=6 (full 0):
 garbage-first heap   total reserved 524288K, committed 133120K, used 85824K [0x00000000e0000000, 0x0000000100000000)
  region size 1024K, 3 young (3072K), 3 survivors (3072K)
}
Event: 6.134 {heap Before GC invocations=6 (full 0):
 garbage-first heap   total reserved 524288K, committed 133120K, used 96064K [0x00000000e0000000, 0x0000000100000000)
  region size 1024K, 14 young (14336K), 3 survivors (3072K)
}
Event: 6.137 {heap After GC invocations=7 (full 0):
 garbage-first heap   total reserved 524288K, committed 133120K, used 87849K [0x00000000e0000000, 0x0000000100000000)
  region size 1024K, 3 young (3072K), 3 survivors (3072K)
}
Event: 10.007 {heap Before GC invocations=8 (full 0):
 garbage-first heap   total reserved 524288K, committed 133120K, used 126761K [0x00000000e0000000, 0x0000000100000000)
  region size 1024K, 30 young (30720K), 3 survivors (3072K)
}
Event: 10.011 {heap After GC invocations=9 (full 0):
 garbage-first heap   total reserved 524288K, committed 135168K, used 104202K [0x00000000e0000000, 0x0000000100000000)
  region size 1024K, 4 young (4096K), 4 survivors (4096K)
}

Metaspace Usage History (14 events):
Event: 0.714 {metaspace Before GC invocations=0 (full 0):
 Metaspace       used 8404K, committed 8576K, reserved 1114112K
  class space    used 944K, committed 1024K, reserved 1048576K
}
Event: 0.718 {metaspace After GC invocations=1 (full 0):
 Metaspace       used 8404K, committed 8576K, reserved 1114112K
  class space    used 944K, committed 1024K, reserved 1048576K
}
Event: 1.703 {metaspace Before GC invocations=1 (full 0):
 Metaspace       used 17469K, committed 17728K, reserved 1114112K
  class space    used 2280K, committed 2368K, reserved 1048576K
}
Event: 1.709 {metaspace After GC invocations=2 (full 0):
 Metaspace       used 17469K, committed 17728K, reserved 1114112K
  class space    used 2280K, committed 2368K, reserved 1048576K
}
Event: 2.288 {metaspace Before GC invocations=2 (full 0):
 Metaspace       used 20672K, committed 20992K, reserved 1114112K
  class space    used 2710K, committed 2880K, reserved 1048576K
}
Event: 2.298 {metaspace After GC invocations=3 (full 0):
 Metaspace       used 20672K, committed 20992K, reserved 1114112K
  class space    used 2710K, committed 2880K, reserved 1048576K
}
Event: 5.735 {metaspace Before GC invocations=4 (full 0):
 Metaspace       used 27030K, committed 27392K, reserved 1114112K
  class space    used 3519K, committed 3648K, reserved 1048576K
}
Event: 5.739 {metaspace After GC invocations=5 (full 0):
 Metaspace       used 27030K, committed 27392K, reserved 1114112K
  class space    used 3519K, committed 3648K, reserved 1048576K
}
Event: 6.004 {metaspace Before GC invocations=5 (full 0):
 Metaspace       used 29269K, committed 29632K, reserved 1114112K
  class space    used 4110K, committed 4288K, reserved 1048576K
}
Event: 6.009 {metaspace After GC invocations=6 (full 0):
 Metaspace       used 29269K, committed 29632K, reserved 1114112K
  class space    used 4110K, committed 4288K, reserved 1048576K
}
Event: 6.134 {metaspace Before GC invocations=6 (full 0):
 Metaspace       used 30223K, committed 30592K, reserved 1114112K
  class space    used 4219K, committed 4416K, reserved 1048576K
}
Event: 6.137 {metaspace After GC invocations=7 (full 0):
 Metaspace       used 30223K, committed 30592K, reserved 1114112K
  class space    used 4219K, committed 4416K, reserved 1048576K
}
Event: 10.007 {metaspace Before GC invocations=8 (full 0):
 Metaspace       used 34380K, committed 34688K, reserved 1114112K
  class space    used 4778K, committed 4928K, reserved 1048576K
}
Event: 10.011 {metaspace After GC invocations=9 (full 0):
 Metaspace       used 34380K, committed 34688K, reserved 1114112K
  class space    used 4778K, committed 4928K, reserved 1048576K
}

Dll operation events (18 events):
Event: 0.002 Loaded shared library /home/pi-dev/.jdks/temurin-25.0.2/lib/libjava.so
Event: 0.035 Loaded shared library /home/pi-dev/.jdks/temurin-25.0.2/lib/libsimdsort.so
Event: 0.040 Loaded shared library /home/pi-dev/.jdks/temurin-25.0.2/lib/libnio.so
Event: 0.067 Loaded shared library /home/pi-dev/.jdks/temurin-25.0.2/lib/libnet.so
Event: 0.109 Loaded shared library /home/pi-dev/.jdks/temurin-25.0.2/lib/libzip.so
Event: 0.333 Loaded shared library /home/pi-dev/.openjfx/cache/21.0.6+3/amd64/libprism_sw.so
Event: 0.348 Loaded shared library /home/pi-dev/.openjfx/cache/21.0.6+3/amd64/libglass.so
Event: 0.369 Loaded shared library /home/pi-dev/.openjfx/cache/21.0.6+3/amd64/libglassgtk3.so
Event: 0.463 Loaded shared library /home/pi-dev/.jdks/temurin-25.0.2/lib/libjimage.so
Event: 0.524 Loaded shared library /home/pi-dev/.jdks/temurin-25.0.2/lib/libverify.so
Event: 1.172 Loaded shared library /home/pi-dev/.openjfx/cache/21.0.6+3/amd64/libjavafx_font.so
Event: 1.250 Loaded shared library /home/pi-dev/.openjfx/cache/21.0.6+3/amd64/libjavafx_font_freetype.so
Event: 1.307 Loaded shared library /home/pi-dev/.openjfx/cache/21.0.6+3/amd64/libjavafx_font_pango.so
Event: 1.411 Loaded shared library /home/pi-dev/.openjfx/cache/21.0.6+3/amd64/libjavafx_iio.so
Event: 2.105 Loaded shared library /home/pi-dev/.openjfx/cache/21.0.6+3/amd64/libdecora_sse.so
Event: 5.388 Loaded shared library /home/pi-dev/.openjfx/cache/21.0.6+3/amd64/libjfxwebkit.so
Event: 10.177 Loaded shared library /home/pi-dev/.cache/JNA/temp/jna11541837347368020796.tmp
Event: 10.671 Loaded shared library /home/pi-dev/.jdks/temurin-25.0.2/lib/libjsound.so

Deoptimization events (20 events):
Event: 21.128 Thread 0x000071800c3b7000 Uncommon trap: trap_request=0xffffff66 fr.pc=0x000071806c1cb434 relative=0x00000000000008b4
Event: 21.128 Thread 0x000071800c3b7000 Uncommon trap: reason=loop_limit_check action=maybe_recompile pc=0x000071806c1cb434 method=javafx.scene.Parent.pickChildrenNode(Lcom/sun/javafx/geom/PickRay;Lcom/sun/javafx/scene/input/PickResultChooser;)Z @ 17 c2
Event: 21.128 Thread 0x000071800c3b7000 DEOPT PACKING pc=0x000071806c1cb434 sp=0x000071800a6b15b0
Event: 21.128 Thread 0x000071800c3b7000 DEOPT UNPACKING pc=0x000071806ba67479 sp=0x000071800a6b1380 mode 2
Event: 31.273 Thread 0x000071800c3b7000 Uncommon trap: trap_request=0xffffffd6 fr.pc=0x000071806c1d9fe4 relative=0x00000000000005e4
Event: 31.273 Thread 0x000071800c3b7000 Uncommon trap: reason=array_check action=maybe_recompile pc=0x000071806c1d9fe4 method=com.sun.javafx.event.EventDispatchChainImpl.prepend(Ljavafx/event/EventDispatcher;)Ljavafx/event/EventDispatchChain; @ 33 c2
Event: 31.273 Thread 0x000071800c3b7000 DEOPT PACKING pc=0x000071806c1d9fe4 sp=0x000071800a6b1680
Event: 31.273 Thread 0x000071800c3b7000 DEOPT UNPACKING pc=0x000071806ba67479 sp=0x000071800a6b1650 mode 2
Event: 31.273 Thread 0x000071800c3b7000 Uncommon trap: trap_request=0xffffffd6 fr.pc=0x000071806c1d9fe4 relative=0x00000000000005e4
Event: 31.273 Thread 0x000071800c3b7000 Uncommon trap: reason=array_check action=maybe_recompile pc=0x000071806c1d9fe4 method=com.sun.javafx.event.EventDispatchChainImpl.prepend(Ljavafx/event/EventDispatcher;)Ljavafx/event/EventDispatchChain; @ 33 c2
Event: 31.273 Thread 0x000071800c3b7000 DEOPT PACKING pc=0x000071806c1d9fe4 sp=0x000071800a6b1680
Event: 31.273 Thread 0x000071800c3b7000 DEOPT UNPACKING pc=0x000071806ba67479 sp=0x000071800a6b1650 mode 2
Event: 31.273 Thread 0x000071800c3b7000 Uncommon trap: trap_request=0xffffffd6 fr.pc=0x000071806c1d9fe4 relative=0x00000000000005e4
Event: 31.273 Thread 0x000071800c3b7000 Uncommon trap: reason=array_check action=maybe_recompile pc=0x000071806c1d9fe4 method=com.sun.javafx.event.EventDispatchChainImpl.prepend(Ljavafx/event/EventDispatcher;)Ljavafx/event/EventDispatchChain; @ 33 c2
Event: 31.273 Thread 0x000071800c3b7000 DEOPT PACKING pc=0x000071806c1d9fe4 sp=0x000071800a6b1680
Event: 31.273 Thread 0x000071800c3b7000 DEOPT UNPACKING pc=0x000071806ba67479 sp=0x000071800a6b1650 mode 2
Event: 31.273 Thread 0x000071800c3b7000 Uncommon trap: trap_request=0xffffffd6 fr.pc=0x000071806c1d9fe4 relative=0x00000000000005e4
Event: 31.273 Thread 0x000071800c3b7000 Uncommon trap: reason=array_check action=maybe_recompile pc=0x000071806c1d9fe4 method=com.sun.javafx.event.EventDispatchChainImpl.prepend(Ljavafx/event/EventDispatcher;)Ljavafx/event/EventDispatchChain; @ 33 c2
Event: 31.273 Thread 0x000071800c3b7000 DEOPT PACKING pc=0x000071806c1d9fe4 sp=0x000071800a6b1680
Event: 31.273 Thread 0x000071800c3b7000 DEOPT UNPACKING pc=0x000071806ba67479 sp=0x000071800a6b1650 mode 2

Classes loaded (20 events):
Event: 10.691 Loading class javax/sound/sampled/Control$Type done
Event: 10.691 Loading class javax/sound/sampled/FloatControl$Type done
Event: 10.691 Loading class com/sun/media/sound/DirectAudioDevice$DirectDL$Mute
Event: 10.691 Loading class javax/sound/sampled/BooleanControl
Event: 10.691 Loading class javax/sound/sampled/BooleanControl done
Event: 10.691 Loading class com/sun/media/sound/DirectAudioDevice$DirectDL$Mute done
Event: 10.691 Loading class javax/sound/sampled/BooleanControl$Type
Event: 10.691 Loading class javax/sound/sampled/BooleanControl$Type done
Event: 10.691 Loading class com/sun/media/sound/DirectAudioDevice$DirectDL$Balance
Event: 10.691 Loading class com/sun/media/sound/DirectAudioDevice$DirectDL$Balance done
Event: 10.691 Loading class com/sun/media/sound/DirectAudioDevice$DirectDL$Pan
Event: 10.691 Loading class com/sun/media/sound/DirectAudioDevice$DirectDL$Pan done
Event: 10.693 Loading class javax/sound/sampled/LineEvent
Event: 10.693 Loading class javax/sound/sampled/LineEvent done
Event: 10.693 Loading class javax/sound/sampled/LineEvent$Type
Event: 10.693 Loading class javax/sound/sampled/LineEvent$Type done
Event: 10.693 Loading class com/sun/media/sound/EventDispatcher
Event: 10.694 Loading class com/sun/media/sound/EventDispatcher done
Event: 18.272 Loading class java/util/regex/Pattern$Bound
Event: 18.272 Loading class java/util/regex/Pattern$Bound done

Classes unloaded (0 events):
No events

Classes redefined (0 events):
No events

Internal exceptions (20 events):
Event: 6.211 Thread 0x0000717ff510d9b0 Exception <a 'java/lang/NoSuchMethodError'{0x00000000e7e3d5a8}: 'void java.lang.invoke.DirectMethodHandle$Holder.invokeInterface(java.lang.Object, java.lang.Object, java.lang.Object)'> (0x00000000e7e3d5a8) 
thrown [src/hotspot/share/interpreter/linkResolver.cpp, line 803]
Event: 6.211 Thread 0x0000717ff510fb40 Exception <a 'java/lang/NoSuchMethodError'{0x00000000e7e5b9a0}: 'void java.lang.invoke.DirectMethodHandle$Holder.invokeInterface(java.lang.Object, java.lang.Object, java.lang.Object)'> (0x00000000e7e5b9a0) 
thrown [src/hotspot/share/interpreter/linkResolver.cpp, line 803]
Event: 6.219 Thread 0x0000717ff510d9b0 Exception <a 'java/lang/NoSuchMethodError'{0x00000000e7d553c0}: 'long java.lang.invoke.DirectMethodHandle$Holder.invokeStatic(java.lang.Object, long, long)'> (0x00000000e7d553c0) 
thrown [src/hotspot/share/interpreter/linkResolver.cpp, line 803]
Event: 6.219 Thread 0x0000717ff510fb40 Exception <a 'java/lang/NoSuchMethodError'{0x00000000e7d417a8}: 'long java.lang.invoke.DirectMethodHandle$Holder.invokeStatic(java.lang.Object, long, long)'> (0x00000000e7d417a8) 
thrown [src/hotspot/share/interpreter/linkResolver.cpp, line 803]
Event: 6.344 Thread 0x0000717ff510fb40 Exception <a 'java/lang/NoSuchMethodError'{0x00000000e7ccf878}: 'java.lang.Object java.lang.invoke.Invokers$Holder.invoke_MT(java.lang.Object, java.lang.Object, java.lang.Object, java.lang.Object, java.lang.Object, java.lang.Object)'> (0x00000000e7ccf878) 
thrown [src/hotspot/share/interpreter/linkResolver.cpp, line 803]
Event: 6.370 Thread 0x0000717ff510d9b0 Exception <a 'java/lang/NoSuchMethodError'{0x00000000e7a25a18}: 'void java.lang.invoke.DirectMethodHandle$Holder.invokeStaticInit(java.lang.Object, java.lang.Object, java.lang.Object)'> (0x00000000e7a25a18) 
thrown [src/hotspot/share/interpreter/linkResolver.cpp, line 803]
Event: 6.538 Thread 0x0000717ff510fb40 Exception <a 'java/lang/NoSuchMethodError'{0x00000000e70bc700}: 'long java.lang.invoke.DirectMethodHandle$Holder.invokeStatic(java.lang.Object, java.lang.Object)'> (0x00000000e70bc700) 
thrown [src/hotspot/share/interpreter/linkResolver.cpp, line 803]
Event: 6.550 Thread 0x0000717f3c04c2f0 Exception <a 'java/lang/NoSuchMethodError'{0x00000000e6f2c640}: 'void java.lang.invoke.DirectMethodHandle$Holder.invokeSpecial(java.lang.Object, java.lang.Object, int, java.lang.Object)'> (0x00000000e6f2c640) 
thrown [src/hotspot/share/interpreter/linkResolver.cpp, line 803]
Event: 6.550 Thread 0x0000717f3c04c2f0 Exception <a 'java/lang/NoSuchMethodError'{0x00000000e6f3b868}: 'java.lang.Object java.lang.invoke.DirectMethodHandle$Holder.newInvokeSpecial(java.lang.Object, java.lang.Object, int, java.lang.Object)'> (0x00000000e6f3b868) 
thrown [src/hotspot/share/interpreter/linkResolver.cpp, line 803]
Event: 8.815 Thread 0x000071800c3b7000 Exception <a 'java/lang/NoSuchMethodError'{0x00000000e64486e0}: 'java.lang.Object java.lang.invoke.DirectMethodHandle$Holder.newInvokeSpecial(java.lang.Object, java.lang.Object, int, int, int, int, int, java.lang.Object)'> (0x00000000e64486e0) 
thrown [src/hotspot/share/interpreter/linkResolver.cpp, line 803]
Event: 8.816 Thread 0x000071800c3b7000 Exception <a 'java/lang/NoSuchMethodError'{0x00000000e6471020}: 'java.lang.Object java.lang.invoke.DirectMethodHandle$Holder.newInvokeSpecial(java.lang.Object, java.lang.Object, java.lang.Object, int, int, int, int, int)'> (0x00000000e6471020) 
thrown [src/hotspot/share/interpreter/linkResolver.cpp, line 803]
Event: 8.817 Thread 0x000071800c3b7000 Exception <a 'java/lang/NoSuchMethodError'{0x00000000e64813a0}: 'java.lang.Object java.lang.invoke.Invokers$Holder.linkToTargetMethod(java.lang.Object, java.lang.Object, int, int, int, int, int, java.lang.Object)'> (0x00000000e64813a0) 
thrown [src/hotspot/share/interpreter/linkResolver.cpp, line 803]
Event: 10.189 Thread 0x000071800c3b7000 Exception <a 'java/lang/NoSuchMethodError'{0x00000000e7fe3e48}: 'java.lang.Object java.lang.invoke.DirectMethodHandle$Holder.invokeStatic(java.lang.Object, long, java.lang.Object)'> (0x00000000e7fe3e48) 
thrown [src/hotspot/share/interpreter/linkResolver.cpp, line 803]
Event: 10.189 Thread 0x000071800c3b7000 Exception <a 'java/lang/NoSuchMethodError'{0x00000000e7fec228}: 'java.lang.Object java.lang.invoke.DirectMethodHandle$Holder.invokeStaticInit(java.lang.Object, long, java.lang.Object)'> (0x00000000e7fec228) 
thrown [src/hotspot/share/interpreter/linkResolver.cpp, line 803]
Event: 10.189 Thread 0x000071800c3b7000 Exception <a 'java/lang/NoSuchMethodError'{0x00000000e7ffb948}: 'java.lang.Object java.lang.invoke.DirectMethodHandle$Holder.newInvokeSpecial(java.lang.Object, long)'> (0x00000000e7ffb948) 
thrown [src/hotspot/share/interpreter/linkResolver.cpp, line 803]
Event: 10.194 Thread 0x000071800c3b7000 Exception <a 'java/lang/UnsatisfiedLinkError'{0x00000000e7e475e0}: libvosk.so: Ne peut ouvrir le fichier d'objet partagé: Aucun fichier ou dossier de ce nom> (0x00000000e7e475e0) 
thrown [src/hotspot/share/prims/jni.cpp, line 534]
Event: 10.194 Thread 0x000071800c3b7000 Exception <a 'java/lang/UnsatisfiedLinkError'{0x00000000e7e48ce8}: libvosk.so: Ne peut ouvrir le fichier d'objet partagé: Aucun fichier ou dossier de ce nom> (0x00000000e7e48ce8) 
thrown [src/hotspot/share/prims/jni.cpp, line 534]
Event: 10.365 Thread 0x000071800c3b7000 Exception <a 'java/lang/NoSuchMethodError'{0x00000000e7dbbbe0}: 'int java.lang.invoke.Invokers$Holder.invokeExact_MT(java.lang.Object, java.lang.Object, java.lang.Object)'> (0x00000000e7dbbbe0) 
thrown [src/hotspot/share/interpreter/linkResolver.cpp, line 803]
Event: 10.368 Thread 0x000071800c3b7000 Exception <a 'java/lang/NoSuchMethodError'{0x00000000e7de3398}: 'void java.lang.invoke.Invokers$Holder.invokeExact_MT(java.lang.Object, java.lang.Object, int, java.lang.Object)'> (0x00000000e7de3398) 
thrown [src/hotspot/share/interpreter/linkResolver.cpp, line 803]
Event: 12.387 Thread 0x000071800c3b7000 Exception <a 'java/lang/NoSuchMethodError'{0x00000000e7cc6f48}: 'java.lang.Object java.lang.invoke.DirectMethodHandle$Holder.newInvokeSpecial(java.lang.Object, java.lang.Object, java.lang.Object, double, double, double, double, int, int, int, int, int, int, int, int, int)'> (0x00000000e7cc6f48) 
thrown [src/hotspot/share/interpreter/linkResolver.cpp, line 803]

VM Operations (20 events):
Event: 6.223 Executing non-safepoint VM operation: HandshakeAllThreads (Deoptimize)
Event: 6.223 Executing non-safepoint VM operation: HandshakeAllThreads (Deoptimize) done
Event: 6.541 Executing non-safepoint VM operation: HandshakeAllThreads (Deoptimize)
Event: 6.541 Executing non-safepoint VM operation: HandshakeAllThreads (Deoptimize) done
Event: 6.546 Executing non-safepoint VM operation: HandshakeAllThreads (Deoptimize)
Event: 6.546 Executing non-safepoint VM operation: HandshakeAllThreads (Deoptimize) done
Event: 6.549 Executing non-safepoint VM operation: HandshakeAllThreads (Deoptimize)
Event: 6.549 Executing non-safepoint VM operation: HandshakeAllThreads (Deoptimize) done
Event: 6.902 Executing non-safepoint VM operation: HandshakeAllThreads (Deoptimize)
Event: 6.902 Executing non-safepoint VM operation: HandshakeAllThreads (Deoptimize) done
Event: 10.007 Executing safepoint VM operation: G1CollectForAllocation (G1 Evacuation Pause)
Event: 10.011 Executing safepoint VM operation: G1CollectForAllocation (G1 Evacuation Pause) done
Event: 10.180 Executing non-safepoint VM operation: HandshakeAllThreads (Deoptimize)
Event: 10.180 Executing non-safepoint VM operation: HandshakeAllThreads (Deoptimize) done
Event: 10.183 Executing non-safepoint VM operation: HandshakeAllThreads (Deoptimize)
Event: 10.183 Executing non-safepoint VM operation: HandshakeAllThreads (Deoptimize) done
Event: 10.190 Executing non-safepoint VM operation: HandshakeAllThreads (Deoptimize)
Event: 10.190 Executing non-safepoint VM operation: HandshakeAllThreads (Deoptimize) done
Event: 10.191 Executing non-safepoint VM operation: HandshakeAllThreads (Deoptimize)
Event: 10.191 Executing non-safepoint VM operation: HandshakeAllThreads (Deoptimize) done

Memory protections (20 events):
Event: 5.706 Protecting memory [0x0000717fb9500000,0x0000717fb9504000] with protection modes 0
Event: 6.099 Protecting memory [0x0000717fb9300000,0x0000717fb9304000] with protection modes 0
Event: 6.108 Protecting memory [0x0000717fb9100000,0x0000717fb9104000] with protection modes 0
Event: 6.111 Protecting memory [0x0000717fb8f00000,0x0000717fb8f04000] with protection modes 0
Event: 6.221 Protecting memory [0x0000717fb8d00000,0x0000717fb8d04000] with protection modes 0
Event: 6.222 Protecting memory [0x0000717fb82ff000,0x0000717fb8303000] with protection modes 0
Event: 6.545 Protecting memory [0x0000717fb81ff000,0x0000717fb8203000] with protection modes 0
Event: 6.546 Protecting memory [0x0000717fb80ff000,0x0000717fb8103000] with protection modes 0
Event: 6.549 Protecting memory [0x0000717f602fc000,0x0000717f60300000] with protection modes 0
Event: 6.614 Protecting memory [0x0000717f601fc000,0x0000717f60200000] with protection modes 0
Event: 6.614 Protecting memory [0x0000717f600fc000,0x0000717f60100000] with protection modes 0
Event: 6.615 Protecting memory [0x0000717f416fb000,0x0000717f416ff000] with protection modes 0
Event: 6.616 Protecting memory [0x0000717f415fb000,0x0000717f415ff000] with protection modes 0
Event: 8.106 Protecting memory [0x0000717fb9700000,0x0000717fb9704000] with protection modes 0
Event: 8.951 Protecting memory [0x0000717fb9700000,0x0000717fb9704000] with protection modes 0
Event: 10.192 Protecting memory [0x0000717fb80dd000,0x0000717fb80e1000] with protection modes 0
Event: 10.199 Protecting memory [0x0000717fb9700000,0x0000717fb9704000] with protection modes 0
Event: 10.694 Protecting memory [0x0000717fb9500000,0x0000717fb9504000] with protection modes 0
Event: 10.909 Protecting memory [0x0000717f41300000,0x0000717f41304000] with protection modes 0
Event: 16.572 Protecting memory [0x0000717fb8400000,0x0000717fb8404000] with protection modes 0

Nmethod flushes (20 events):
Event: 6.154 Thread 0x000071807c0cec50 flushing  nmethod 0x00007180649f4f08
Event: 6.154 Thread 0x000071807c0cec50 flushing  nmethod 0x0000718064a25e08
Event: 6.154 Thread 0x000071807c0cec50 flushing  nmethod 0x0000718064a26b08
Event: 6.154 Thread 0x000071807c0cec50 flushing  nmethod 0x0000718064a27e08
Event: 6.154 Thread 0x000071807c0cec50 flushing  nmethod 0x0000718064a2ab08
Event: 6.154 Thread 0x000071807c0cec50 flushing  nmethod 0x0000718064a2ae08
Event: 6.154 Thread 0x000071807c0cec50 flushing  nmethod 0x0000718064a2b188
Event: 6.154 Thread 0x000071807c0cec50 flushing  nmethod 0x0000718064a3e388
Event: 6.154 Thread 0x000071807c0cec50 flushing  nmethod 0x0000718064a40188
Event: 6.154 Thread 0x000071807c0cec50 flushing  nmethod 0x0000718064a40f88
Event: 6.154 Thread 0x000071807c0cec50 flushing  nmethod 0x0000718064af9608
Event: 6.154 Thread 0x000071807c0cec50 flushing  nmethod 0x0000718064af9a88
Event: 6.154 Thread 0x000071807c0cec50 flushing  nmethod 0x0000718064af9f08
Event: 6.154 Thread 0x000071807c0cec50 flushing  nmethod 0x0000718064afa808
Event: 6.154 Thread 0x000071807c0cec50 flushing  nmethod 0x0000718064afbd08
Event: 6.154 Thread 0x000071807c0cec50 flushing osr nmethod 0x0000718064b02c08
Event: 6.154 Thread 0x000071807c0cec50 flushing  nmethod 0x0000718064b0b608
Event: 6.154 Thread 0x000071807c0cec50 flushing  nmethod 0x0000718064b0f308
Event: 6.154 Thread 0x000071807c0cec50 flushing  nmethod 0x0000718064b0fd08
Event: 6.154 Thread 0x000071807c0cec50 flushing  nmethod 0x0000718064b11708

Events (20 events):
Event: 6.545 Thread 0x0000717ff510fb40 Thread added: 0x0000717f3c04c2f0
Event: 6.546 Thread 0x0000717f3c04c2f0 Thread added: 0x0000717f0c002cb0
Event: 6.549 Thread 0x0000717f0c002cb0 Thread added: 0x0000717f10002bb0
Event: 6.614 Thread 0x000071800c3b7000 Thread added: 0x0000717ff5118360
Event: 6.614 Thread 0x000071800c3b7000 Thread added: 0x0000717ff51196f0
Event: 6.615 Thread 0x000071800c3b7000 Thread added: 0x0000717ff511ab80
Event: 6.615 Thread 0x000071800c3b7000 Thread added: 0x0000717ff511c010
Event: 7.168 Thread 0x00007180281cf960 Thread exited: 0x00007180281cf960
Event: 7.168 Thread 0x000071802844a050 Thread exited: 0x000071802844a050
Event: 8.106 Thread 0x000071807c0e33a0 Thread added: 0x0000718028b24710
Event: 8.247 Thread 0x0000718028b24710 Thread exited: 0x0000718028b24710
Event: 8.951 Thread 0x000071807c0e33a0 Thread added: 0x0000718028b37a00
Event: 9.290 Thread 0x0000718028b37a00 Thread exited: 0x0000718028b37a00
Event: 10.192 Thread 0x000071800c3b7000 Thread added: 0x0000717ff51db8a0
Event: 10.199 Thread 0x000071807c0e33a0 Thread added: 0x0000718028bd89b0
Event: 10.361 Thread 0x0000718028bd89b0 Thread exited: 0x0000718028bd89b0
Event: 10.694 Thread 0x000071800c3b7000 Thread added: 0x0000717dc691aa00
Event: 10.909 Thread 0x000071800c3b7000 Thread added: 0x0000717db51988f0
Event: 16.572 Thread 0x0000717fac000c00 Thread added: 0x0000717fac000c00
Event: 16.572 Thread 0x0000717fac000c00 Thread exited: 0x0000717fac000c00


Dynamic libraries:
57000000-57001000 ---p 00000000 00:00 0 
57001000-57d8d000 rw-p 00001000 08:03 3918                               /home/pi-dev/.jdks/temurin-25.0.2/lib/server/classes.jsa
57d8d000-58000000 ---p 00000000 00:00 0 
58000000-58030000 rw-p 00000000 00:00 0 
58030000-580f0000 rw-p 00000000 00:00 0 
580f0000-58170000 rw-p 00000000 00:00 0 
58170000-582b0000 rw-p 00000000 00:00 0 
582b0000-582f0000 rw-p 00000000 00:00 0 
582f0000-58330000 rw-p 00000000 00:00 0 
58330000-58370000 rw-p 00000000 00:00 0 
58370000-584b0000 rw-p 00000000 00:00 0 
584b0000-584f0000 rw-p 00000000 00:00 0 
584f0000-98000000 ---p 00000000 00:00 0 
e0000000-e8000000 rw-p 00000000 00:00 0 
e8000000-ffc00000 ---p 00000000 00:00 0 
ffc00000-ffe00000 rw-p 00000000 00:00 0 
ffe00000-fff22000 rw-p 00dc0000 08:03 3918                               /home/pi-dev/.jdks/temurin-25.0.2/lib/server/classes.jsa
fff22000-100000000 rw-p 00000000 00:00 0 
6079fb2b0000-6079fb2b1000 r--p 00000000 08:03 3561                       /home/pi-dev/.jdks/temurin-25.0.2/bin/java
6079fb2b1000-6079fb2b2000 r-xp 00001000 08:03 3561                       /home/pi-dev/.jdks/temurin-25.0.2/bin/java
6079fb2b2000-6079fb2b3000 r--p 00002000 08:03 3561                       /home/pi-dev/.jdks/temurin-25.0.2/bin/java
6079fb2b3000-6079fb2b4000 r--p 00002000 08:03 3561                       /home/pi-dev/.jdks/temurin-25.0.2/bin/java
6079fb2b4000-6079fb2b5000 rw-p 00003000 08:03 3561                       /home/pi-dev/.jdks/temurin-25.0.2/bin/java
607a045d6000-607a050b9000 rw-p 00000000 00:00 0                          [heap]
716800000000-71683f600000 rw-p 00000000 00:00 0 
71683f600000-71683f604000 rw-p 00000000 00:00 0 
71683f604000-71683f6fc000 rw-p 00000000 00:00 0 
71683f6fc000-71683f700000 rw-p 00000000 00:00 0 
71683f700000-717000000000 rw-p 00000000 00:00 0 
717000000000-717800000000 ---p 00000000 00:00 0 
717800000000-717893400000 rw-p 00000000 00:00 0 
717893400000-717893404000 rw-p 00000000 00:00 0 
717893404000-7178934a4000 rw-p 00000000 00:00 0 
7178934a4000-7178934b0000 rw-p 00000000 00:00 0 
7178934b0000-7178934b8000 rw-p 00000000 00:00 0 
7178934b8000-7178934c4000 rw-p 00000000 00:00 0 
7178934c4000-7178934c8000 rw-p 00000000 00:00 0 
7178934c8000-717893505000 rw-p 00000000 00:00 0 
717893505000-7178935f5000 rw-p 00000000 00:00 0 
7178935f5000-7178935fa000 rw-p 00000000 00:00 0 
7178935fa000-7178935ff000 rw-p 00000000 00:00 0 
7178935ff000-717893600000 rw-p 00000000 00:00 0 
717893600000-717c00000000 rw-p 00000000 00:00 0 
717d94000000-717d94621000 rw-p 00000000 00:00 0 
717d94621000-717d98000000 ---p 00000000 00:00 0 
717d9c000000-717da0000000 rw-p 00000000 00:00 0 
717db4000000-717db5567000 rw-p 00000000 00:00 0 
717db5567000-717db8000000 ---p 00000000 00:00 0 
717db8e00000-717dc0e00000 rw-p 00000000 00:00 0 
717dc4000000-717dc7570000 rw-p 00000000 00:00 0 
717dc7570000-717dc8000000 ---p 00000000 00:00 0 
717dc8000000-717df0000000 rw-p 00000000 00:00 0 
717df0000000-717df0027000 rw-p 00000000 00:00 0 
717df0027000-717df4000000 ---p 00000000 00:00 0 
717df8000000-717df8021000 rw-p 00000000 00:00 0 
717df8021000-717dfc000000 ---p 00000000 00:00 0 
717dfc000000-717dfc021000 rw-p 00000000 00:00 0 
717dfc021000-717e00000000 ---p 00000000 00:00 0 
717e00000000-717f00000000 rw-p 00000000 00:00 0 
717f007f9000-717f007fa000 ---p 00000000 00:00 0 
717f007fa000-717f00ffa000 rw-p 00000000 00:00 0 
717f017fb000-717f017fc000 ---p 00000000 00:00 0 
717f017fc000-717f01ffc000 rw-p 00000000 00:00 0 
717f04000000-717f04021000 rw-p 00000000 00:00 0 
717f04021000-717f08000000 ---p 00000000 00:00 0 
717f08000000-717f08021000 rw-p 00000000 00:00 0 
717f08021000-717f0c000000 ---p 00000000 00:00 0 
717f0c000000-717f0c02e000 rw-p 00000000 00:00 0 
717f0c02e000-717f10000000 ---p 00000000 00:00 0 
717f10000000-717f10023000 rw-p 00000000 00:00 0 
717f10023000-717f14000000 ---p 00000000 00:00 0 
717f14000000-717f14021000 rw-p 00000000 00:00 0 
717f14021000-717f18000000 ---p 00000000 00:00 0 
717f18000000-717f18024000 rw-p 00000000 00:00 0 
717f18024000-717f1c000000 ---p 00000000 00:00 0 
717f1c000000-717f1c021000 rw-p 00000000 00:00 0 
717f1c021000-717f20000000 ---p 00000000 00:00 0 
717f20000000-717f20021000 rw-p 00000000 00:00 0 
717f20021000-717f24000000 ---p 00000000 00:00 0 
717f24000000-717f24021000 rw-p 00000000 00:00 0 
717f24021000-717f28000000 ---p 00000000 00:00 0 
717f28000000-717f28021000 rw-p 00000000 00:00 0 
717f28021000-717f2c000000 ---p 00000000 00:00 0 
717f2cc00000-717f2cc9a000 r--p 00000000 08:03 2230288                    /usr/lib/x86_64-linux-gnu/libstdc++.so.6.0.30
717f2cc9a000-717f2cdab000 r-xp 0009a000 08:03 2230288                    /usr/lib/x86_64-linux-gnu/libstdc++.so.6.0.30
717f2cdab000-717f2ce1a000 r--p 001ab000 08:03 2230288                    /usr/lib/x86_64-linux-gnu/libstdc++.so.6.0.30
717f2ce1a000-717f2ce1b000 ---p 0021a000 08:03 2230288                    /usr/lib/x86_64-linux-gnu/libstdc++.so.6.0.30
717f2ce1b000-717f2ce26000 r--p 0021a000 08:03 2230288                    /usr/lib/x86_64-linux-gnu/libstdc++.so.6.0.30
717f2ce26000-717f2ce29000 rw-p 00225000 08:03 2230288                    /usr/lib/x86_64-linux-gnu/libstdc++.so.6.0.30
717f2ce29000-717f2ce2c000 rw-p 00000000 00:00 0 
717f2d000000-717f2e89f000 r-xp 00000000 08:03 2497760                    /home/pi-dev/.cache/JNA/temp/jna4771432910772253309.tmp (deleted)
717f2e89f000-717f2ea9e000 ---p 0189f000 08:03 2497760                    /home/pi-dev/.cache/JNA/temp/jna4771432910772253309.tmp (deleted)
717f2ea9e000-717f2eaaf000 r--p 0189e000 08:03 2497760                    /home/pi-dev/.cache/JNA/temp/jna4771432910772253309.tmp (deleted)
717f2eaaf000-717f2eac8000 rw-p 018af000 08:03 2497760                    /home/pi-dev/.cache/JNA/temp/jna4771432910772253309.tmp (deleted)
717f2eac8000-717f2ead3000 rw-p 00000000 00:00 0 
717f2ec00000-717f2ec19000 r-xp 00000000 08:03 2497759                    /home/pi-dev/.cache/JNA/temp/jna11541837347368020796.tmp (deleted)
717f2ec19000-717f2ee19000 ---p 00019000 08:03 2497759                    /home/pi-dev/.cache/JNA/temp/jna11541837347368020796.tmp (deleted)
717f2ee19000-717f2ee1a000 rw-p 00019000 08:03 2497759                    /home/pi-dev/.cache/JNA/temp/jna11541837347368020796.tmp (deleted)
717f30000000-717f30021000 rw-p 00000000 00:00 0 
717f30021000-717f34000000 ---p 00000000 00:00 0 
717f34000000-717f34021000 rw-p 00000000 00:00 0 
717f34021000-717f38000000 ---p 00000000 00:00 0 
717f38000000-717f38021000 rw-p 00000000 00:00 0 
717f38021000-717f3c000000 ---p 00000000 00:00 0 
717f3c000000-717f3c065000 rw-p 00000000 00:00 0 
717f3c065000-717f40000000 ---p 00000000 00:00 0 
717f40400000-717f40403000 rw-p 00000000 00:00 0 
717f40403000-717f40421000 rw-p 00000000 00:00 0 
717f40421000-717f40422000 rw-p 00000000 00:00 0 
717f40422000-717f40426000 rw-p 00000000 00:00 0 
717f40426000-717f4042b000 rw-p 00000000 00:00 0 
717f4042b000-717f4042e000 rw-p 00000000 00:00 0 
717f4042e000-717f40438000 rw-p 00000000 00:00 0 
717f40438000-717f40439000 rw-p 00000000 00:00 0 
717f40439000-717f40441000 rw-p 00000000 00:00 0 
717f40441000-717f40442000 rw-p 00000000 00:00 0 
717f40442000-717f40443000 rw-p 00000000 00:00 0 
717f40443000-717f40445000 rw-p 00000000 00:00 0 
717f40445000-717f40448000 rw-p 00000000 00:00 0 
717f40448000-717f40449000 rw-p 00000000 00:00 0 
717f40449000-717f40473000 rw-p 00000000 00:00 0 
717f40473000-717f40474000 rw-p 00000000 00:00 0 
717f40474000-717f40479000 rw-p 00000000 00:00 0 
717f40479000-717f4047a000 rw-p 00000000 00:00 0 
717f4047a000-717f40487000 rw-p 00000000 00:00 0 
717f40487000-717f4048a000 rw-p 00000000 00:00 0 
717f4048a000-717f4048b000 rw-p 00000000 00:00 0 
717f4048b000-717f4048c000 rw-p 00000000 00:00 0 
717f4048c000-717f40493000 rw-p 00000000 00:00 0 
717f40493000-717f40498000 rw-p 00000000 00:00 0 
717f40498000-717f40499000 rw-p 00000000 00:00 0 
717f40499000-717f4049b000 rw-p 00000000 00:00 0 
717f4049b000-717f4049c000 rw-p 00000000 00:00 0 
717f4049c000-717f404a1000 rw-p 00000000 00:00 0 
717f404a1000-717f404a3000 rw-p 00000000 00:00 0 
717f404a3000-717f404a5000 rw-p 00000000 00:00 0 
717f404a5000-717f404a6000 rw-p 00000000 00:00 0 
717f404a6000-717f404aa000 rw-p 00000000 00:00 0 
717f404aa000-717f404ab000 rw-p 00000000 00:00 0 
717f404ab000-717f404ac000 rw-p 00000000 00:00 0 
717f404ac000-717f40500000 rw-p 00000000 00:00 0 
717f40600000-717f40604000 rw-p 00000000 00:00 0 
717f40604000-717f406b8000 rw-p 00000000 00:00 0 
717f406b8000-717f406e0000 rw-p 00000000 00:00 0 
717f406e0000-717f406e4000 rw-p 00000000 00:00 0 
717f406e4000-717f406e8000 rw-p 00000000 00:00 0 
717f406e8000-717f406ec000 rw-p 00000000 00:00 0 
717f406ec000-717f406f4000 rw-p 00000000 00:00 0 
717f406f4000-717f406f8000 rw-p 00000000 00:00 0 
717f406f8000-717f40700000 rw-p 00000000 00:00 0 
717f408fc000-717f40926000 r--p 00000000 08:03 2237803                    /usr/lib/x86_64-linux-gnu/libasound.so.2.0.0
717f40926000-717f409bd000 r-xp 0002a000 08:03 2237803                    /usr/lib/x86_64-linux-gnu/libasound.so.2.0.0
717f409bd000-717f409f7000 r--p 000c1000 08:03 2237803                    /usr/lib/x86_64-linux-gnu/libasound.so.2.0.0
717f409f7000-717f409fe000 r--p 000fa000 08:03 2237803                    /usr/lib/x86_64-linux-gnu/libasound.so.2.0.0
717f409fe000-717f409ff000 rw-p 00101000 08:03 2237803                    /usr/lib/x86_64-linux-gnu/libasound.so.2.0.0
717f41200000-717f41207000 rw-p 00000000 00:00 0 
717f41207000-717f412ee000 rw-p 00000000 00:00 0 
717f412ee000-717f412f5000 rw-p 00000000 00:00 0 
717f412f5000-717f412fc000 rw-p 00000000 00:00 0 
717f412fc000-717f41300000 rw-p 00000000 00:00 0 
717f41300000-717f41304000 ---p 00000000 00:00 0 
717f41304000-717f41400000 rw-p 00000000 00:00 0 
717f41400000-717f41408000 rw-p 00000000 00:00 0 
717f41408000-717f414e8000 rw-p 00000000 00:00 0 
717f414e8000-717f41500000 rw-p 00000000 00:00 0 
717f415fb000-717f415ff000 ---p 00000000 00:00 0 
717f415ff000-717f416fb000 rw-p 00000000 00:00 0 
717f416fb000-717f416ff000 ---p 00000000 00:00 0 
717f416ff000-717f417fb000 rw-p 00000000 00:00 0 
717f417fb000-717f417fc000 ---p 00000000 00:00 0 
717f417fc000-717f41ffc000 rw-p 00000000 00:00 0 
717f427fd000-717f427fe000 ---p 00000000 00:00 0 
717f427fe000-717f42ffe000 rw-p 00000000 00:00 0 
717f44000000-717f4402d000 rw-p 00000000 00:00 0 
717f4402d000-717f48000000 ---p 00000000 00:00 0 
717f48000000-717f4805a000 rw-p 00000000 00:00 0 
717f4805a000-717f4c000000 ---p 00000000 00:00 0 
717f4c000000-717f4d4d2000 rw-p 00000000 00:00 0 
717f4d4d2000-717f50000000 ---p 00000000 00:00 0 
717f50000000-717f51e60000 rw-p 00000000 00:00 0 
717f51e60000-717f54000000 ---p 00000000 00:00 0 
717f54000000-717f54021000 rw-p 00000000 00:00 0 
717f54021000-717f58000000 ---p 00000000 00:00 0 
717f58000000-717f58021000 rw-p 00000000 00:00 0 
717f58021000-717f5c000000 ---p 00000000 00:00 0 
717f5c000000-717f5c022000 rw-p 00000000 00:00 0 
717f5c022000-717f60000000 ---p 00000000 00:00 0 
717f600fc000-717f60100000 ---p 00000000 00:00 0 
717f60100000-717f601fc000 rw-p 00000000 00:00 0 
717f601fc000-717f60200000 ---p 00000000 00:00 0 
717f60200000-717f602fc000 rw-p 00000000 00:00 0 
717f602fc000-717f60300000 ---p 00000000 00:00 0 
717f60300000-717f603fc000 rw-p 00000000 00:00 0 
717f613fe000-717fa1400000 rwxp 00000000 00:00 0 
717fa1400000-717fa7c89000 r-xp 00000000 08:03 2341                       /home/pi-dev/.openjfx/cache/21.0.6+3/amd64/libjfxwebkit.so
717fa7c89000-717fa7c8a000 ---p 06889000 08:03 2341                       /home/pi-dev/.openjfx/cache/21.0.6+3/amd64/libjfxwebkit.so
717fa7c8a000-717fa7edf000 r--p 06889000 08:03 2341                       /home/pi-dev/.openjfx/cache/21.0.6+3/amd64/libjfxwebkit.so
717fa7edf000-717fa7efc000 rw-p 06ade000 08:03 2341                       /home/pi-dev/.openjfx/cache/21.0.6+3/amd64/libjfxwebkit.so
717fa7efc000-717fa7f28000 rw-p 00000000 00:00 0 
717fa7f28000-717fa7f2c000 r--p 00000000 00:00 0 
717fa7f2c000-717fa7f34000 rw-p 00000000 00:00 0 
717fa8000000-717fa8021000 rw-p 00000000 00:00 0 
717fa8021000-717fac000000 ---p 00000000 00:00 0 
717fac000000-717fac021000 rw-p 00000000 00:00 0 
717fac021000-717fb0000000 ---p 00000000 00:00 0 
717fb0000000-717fb4000000 rw-s 00000000 00:01 33                         /SYSV00000000 (deleted)
717fb4000000-717fb4021000 rw-p 00000000 00:00 0 
717fb4021000-717fb8000000 ---p 00000000 00:00 0 
717fb80ad000-717fb80b0000 r--p 00000000 08:03 2230292                    /usr/lib/x86_64-linux-gnu/libgcc_s.so.1
717fb80b0000-717fb80c7000 r-xp 00003000 08:03 2230292                    /usr/lib/x86_64-linux-gnu/libgcc_s.so.1
717fb80c7000-717fb80cb000 r--p 0001a000 08:03 2230292                    /usr/lib/x86_64-linux-gnu/libgcc_s.so.1
717fb80cb000-717fb80cc000 r--p 0001d000 08:03 2230292                    /usr/lib/x86_64-linux-gnu/libgcc_s.so.1
717fb80cc000-717fb80cd000 rw-p 0001e000 08:03 2230292                    /usr/lib/x86_64-linux-gnu/libgcc_s.so.1
717fb80dd000-717fb80e1000 ---p 00000000 00:00 0 
717fb80e1000-717fb80ff000 rw-p 00000000 00:00 0 
717fb80ff000-717fb8103000 ---p 00000000 00:00 0 
717fb8103000-717fb81ff000 rw-p 00000000 00:00 0 
717fb81ff000-717fb8203000 ---p 00000000 00:00 0 
717fb8203000-717fb82ff000 rw-p 00000000 00:00 0 
717fb82ff000-717fb8303000 ---p 00000000 00:00 0 
717fb8303000-717fb83ff000 rw-p 00000000 00:00 0 
717fb83ff000-717fb8400000 ---p 00000000 00:00 0 
717fb8400000-717fb8404000 ---p 00000000 00:00 0 
717fb8404000-717fb8c00000 rw-p 00000000 00:00 0 
717fb8c00000-717fb8c04000 rw-p 00000000 00:00 0 
717fb8c04000-717fb8c08000 rw-p 00000000 00:00 0 
717fb8c08000-717fb8c1c000 rw-p 00000000 00:00 0 
717fb8c1c000-717fb8c20000 rw-p 00000000 00:00 0 
717fb8c20000-717fb8ca8000 rw-p 00000000 00:00 0 
717fb8ca8000-717fb8cac000 rw-p 00000000 00:00 0 
717fb8cac000-717fb8d00000 rw-p 00000000 00:00 0 
717fb8d00000-717fb8d04000 ---p 00000000 00:00 0 
717fb8d04000-717fb8e00000 rw-p 00000000 00:00 0 
717fb8e00000-717fb8e14000 rw-p 00000000 00:00 0 
717fb8e14000-717fb8e21000 rw-p 00000000 00:00 0 
717fb8e21000-717fb8e7e000 rw-p 00000000 00:00 0 
717fb8e7e000-717fb8e87000 rw-p 00000000 00:00 0 
717fb8e87000-717fb8e98000 rw-p 00000000 00:00 0 
717fb8e98000-717fb8ebf000 rw-p 00000000 00:00 0 
717fb8ebf000-717fb8ecc000 rw-p 00000000 00:00 0 
717fb8ecc000-717fb8f00000 rw-p 00000000 00:00 0 
717fb8f00000-717fb8f04000 ---p 00000000 00:00 0 
717fb8f04000-717fb9000000 rw-p 00000000 00:00 0 
717fb9000000-717fb9006000 rw-p 00000000 00:00 0 
717fb9006000-717fb90e4000 rw-p 00000000 00:00 0 
717fb90e4000-717fb9100000 rw-p 00000000 00:00 0 
717fb9100000-717fb9104000 ---p 00000000 00:00 0 
717fb9104000-717fb9200000 rw-p 00000000 00:00 0 
717fb9200000-717fb9230000 rw-p 00000000 00:00 0 
717fb9230000-717fb9231000 rw-p 00000000 00:00 0 
717fb9231000-717fb9233000 rw-p 00000000 00:00 0 
717fb9233000-717fb9237000 rw-p 00000000 00:00 0 
717fb9237000-717fb9239000 rw-p 00000000 00:00 0 
717fb9239000-717fb923a000 rw-p 00000000 00:00 0 
717fb923a000-717fb9246000 rw-p 00000000 00:00 0 
717fb9246000-717fb9247000 rw-p 00000000 00:00 0 
717fb9247000-717fb9249000 rw-p 00000000 00:00 0 
717fb9249000-717fb924a000 rw-p 00000000 00:00 0 
717fb924a000-717fb924c000 rw-p 00000000 00:00 0 
717fb924c000-717fb924e000 rw-p 00000000 00:00 0 
717fb924e000-717fb9250000 rw-p 00000000 00:00 0 
717fb9250000-717fb9251000 rw-p 00000000 00:00 0 
717fb9251000-717fb9252000 rw-p 00000000 00:00 0 
717fb9252000-717fb9253000 rw-p 00000000 00:00 0 
717fb9253000-717fb9257000 rw-p 00000000 00:00 0 
717fb9257000-717fb9258000 rw-p 00000000 00:00 0 
717fb9258000-717fb9293000 rw-p 00000000 00:00 0 
717fb9293000-717fb9294000 rw-p 00000000 00:00 0 
717fb9294000-717fb9295000 rw-p 00000000 00:00 0 
717fb9295000-717fb9296000 rw-p 00000000 00:00 0 
717fb9296000-717fb9298000 rw-p 00000000 00:00 0 
717fb9298000-717fb9299000 rw-p 00000000 00:00 0 
717fb9299000-717fb929b000 rw-p 00000000 00:00 0 
717fb929b000-717fb929c000 rw-p 00000000 00:00 0 
717fb929c000-717fb929d000 rw-p 00000000 00:00 0 
717fb929d000-717fb929e000 rw-p 00000000 00:00 0 
717fb929e000-717fb92a0000 rw-p 00000000 00:00 0 
717fb92a0000-717fb92a1000 rw-p 00000000 00:00 0 
717fb92a1000-717fb92a5000 rw-p 00000000 00:00 0 
717fb92a5000-717fb92aa000 rw-p 00000000 00:00 0 
717fb92aa000-717fb92c1000 rw-p 00000000 00:00 0 
717fb92c1000-717fb92c2000 rw-p 00000000 00:00 0 
717fb92c2000-717fb92ce000 rw-p 00000000 00:00 0 
717fb92ce000-717fb92cf000 rw-p 00000000 00:00 0 
717fb92cf000-717fb92ec000 rw-p 00000000 00:00 0 
717fb92ec000-717fb92fa000 rw-p 00000000 00:00 0 
717fb92fa000-717fb92fc000 rw-p 00000000 00:00 0 
717fb92fc000-717fb92fd000 rw-p 00000000 00:00 0 
717fb92fd000-717fb92fe000 rw-p 00000000 00:00 0 
717fb92fe000-717fb9300000 rw-p 00000000 00:00 0 
717fb9300000-717fb9304000 ---p 00000000 00:00 0 
717fb9304000-717fb9400000 rw-p 00000000 00:00 0 
717fb9400000-717fb9405000 rw-p 00000000 00:00 0 
717fb9405000-717fb94b4000 rw-p 00000000 00:00 0 
717fb94b4000-717fb94b9000 rw-p 00000000 00:00 0 
717fb94b9000-717fb94be000 rw-p 00000000 00:00 0 
717fb94be000-717fb94cd000 rw-p 00000000 00:00 0 
717fb94cd000-717fb94d2000 rw-p 00000000 00:00 0 
717fb94d2000-717fb94dc000 rw-p 00000000 00:00 0 
717fb94dc000-717fb94e1000 rw-p 00000000 00:00 0 
717fb94e1000-717fb9500000 rw-p 00000000 00:00 0 
717fb9500000-717fb9504000 ---p 00000000 00:00 0 
717fb9504000-717fb9600000 rw-p 00000000 00:00 0 
717fb9600000-717fb9604000 rw-p 00000000 00:00 0 
717fb9604000-717fb9676000 rw-p 00000000 00:00 0 
717fb9676000-717fb967a000 rw-p 00000000 00:00 0 
717fb967a000-717fb967c000 rw-p 00000000 00:00 0 
717fb967c000-717fb9680000 rw-p 00000000 00:00 0 
717fb9680000-717fb9682000 rw-p 00000000 00:00 0 
717fb9682000-717fb9688000 rw-p 00000000 00:00 0 
717fb9688000-717fb968a000 rw-p 00000000 00:00 0 
717fb968a000-717fb9690000 rw-p 00000000 00:00 0 
717fb9690000-717fb9694000 rw-p 00000000 00:00 0 
717fb9694000-717fb9698000 rw-p 00000000 00:00 0 
717fb9698000-717fb96e2000 rw-p 00000000 00:00 0 
717fb96e2000-717fb96ea000 rw-p 00000000 00:00 0 
717fb96ea000-717fb96ec000 rw-p 00000000 00:00 0 
717fb96ec000-717fb96ee000 rw-p 00000000 00:00 0 
717fb96ee000-717fb96f0000 rw-p 00000000 00:00 0 
717fb96f0000-717fb9700000 rw-p 00000000 00:00 0 
717fb97e5000-717fb97e7000 r--p 00000000 08:03 2257686                    /usr/lib/x86_64-linux-gnu/alsa-lib/libasound_module_pcm_pulse.so
717fb97e7000-717fb97ea000 r-xp 00002000 08:03 2257686                    /usr/lib/x86_64-linux-gnu/alsa-lib/libasound_module_pcm_pulse.so
717fb97ea000-717fb97eb000 r--p 00005000 08:03 2257686                    /usr/lib/x86_64-linux-gnu/alsa-lib/libasound_module_pcm_pulse.so
717fb97eb000-717fb97ec000 ---p 00006000 08:03 2257686                    /usr/lib/x86_64-linux-gnu/alsa-lib/libasound_module_pcm_pulse.so
717fb97ec000-717fb97ed000 r--p 00006000 08:03 2257686                    /usr/lib/x86_64-linux-gnu/alsa-lib/libasound_module_pcm_pulse.so
717fb97ed000-717fb97ee000 rw-p 00007000 08:03 2257686                    /usr/lib/x86_64-linux-gnu/alsa-lib/libasound_module_pcm_pulse.so
717fb97ee000-717fb97f3000 r--p 00000000 08:03 3896                       /home/pi-dev/.jdks/temurin-25.0.2/lib/libjsound.so
717fb97f3000-717fb97fb000 r-xp 00005000 08:03 3896                       /home/pi-dev/.jdks/temurin-25.0.2/lib/libjsound.so
717fb97fb000-717fb97fe000 r--p 0000d000 08:03 3896                       /home/pi-dev/.jdks/temurin-25.0.2/lib/libjsound.so
717fb97fe000-717fb97ff000 r--p 0000f000 08:03 3896                       /home/pi-dev/.jdks/temurin-25.0.2/lib/libjsound.so
717fb97ff000-717fb9800000 rw-p 00010000 08:03 3896                       /home/pi-dev/.jdks/temurin-25.0.2/lib/libjsound.so
717fb9800000-717fb9803000 rw-p 00000000 00:00 0 
717fb9803000-717fb9805000 rw-p 00000000 00:00 0 
717fb9805000-717fb9806000 rw-p 00000000 00:00 0 
717fb9806000-717fb980b000 rw-p 00000000 00:00 0 
717fb980b000-717fb980c000 rw-p 00000000 00:00 0 
717fb980c000-717fb980e000 rw-p 00000000 00:00 0 
717fb980e000-717fb9855000 rw-p 00000000 00:00 0 
717fb9855000-717fb9856000 rw-p 00000000 00:00 0 
717fb9856000-717fb98a5000 rw-p 00000000 00:00 0 
717fb98a5000-717fb98a6000 rw-p 00000000 00:00 0 
717fb98a6000-717fb9900000 rw-p 00000000 00:00 0 
717fb9900000-717fb9904000 ---p 00000000 00:00 0 
717fb9904000-717fb9a00000 rw-p 00000000 00:00 0 
717fb9a00000-717fb9a03000 rw-p 00000000 00:00 0 
717fb9a03000-717fb9aba000 rw-p 00000000 00:00 0 
717fb9aba000-717fb9ac0000 rw-p 00000000 00:00 0 
717fb9ac0000-717fb9ac3000 rw-p 00000000 00:00 0 
717fb9ac3000-717fb9ac6000 rw-p 00000000 00:00 0 
717fb9ac6000-717fb9acf000 rw-p 00000000 00:00 0 
717fb9acf000-717fb9ae7000 rw-p 00000000 00:00 0 
717fb9ae7000-717fb9aed000 rw-p 00000000 00:00 0 
717fb9aed000-717fb9b00000 rw-p 00000000 00:00 0 
717fb9b04000-717fb9b08000 rw-p 00000000 00:00 0 
717fb9b0c000-717fb9b10000 rw-p 00000000 00:00 0 
717fb9b14000-717fb9b18000 rw-p 00000000 00:00 0 
717fb9b30000-717fb9b34000 rw-p 00000000 00:00 0 
717fb9b38000-717fb9b3c000 rw-p 00000000 00:00 0 
717fb9b3f000-717fb9b48000 rw-p 00000000 00:00 0 
717fb9b4c000-717fb9b50000 rw-p 00000000 00:00 0 
717fb9b54000-717fb9b58000 rw-p 00000000 00:00 0 
717fb9b5c000-717fb9b60000 rw-p 00000000 00:00 0 
717fb9b6e000-717fb9b6f000 rw-p 00000000 00:00 0 
717fb9bbc000-717fb9bc0000 rw-p 00000000 00:00 0 
717fb9bc3000-717fb9bc4000 rwxp 00000000 00:00 0 
717fb9bc4000-717fb9bc8000 ---p 00000000 00:00 0 
717fb9bc8000-717fb9cc4000 rw-p 00000000 00:00 0 
717fb9cc4000-717fb9cd5000 rw-p 00000000 00:00 0 
717fb9cd5000-717fb9cd6000 ---p 00000000 00:00 0 
717fb9cd6000-717fba4d6000 rw-p 00000000 00:00 0 
717fba4d6000-717fba4e1000 rw-p 00000000 00:00 0 
717fba4e1000-717fba4e2000 ---p 00000000 00:00 0 
717fba4e2000-717fba5e2000 rw-p 00000000 00:00 0 
717fba5e2000-717fba5e6000 ---p 00000000 00:00 0 
717fba5e6000-717fba6e2000 rw-p 00000000 00:00 0 
717fba6e2000-717fbe6e2000 rw-s 00000000 00:01 1053                       /memfd:pulseaudio (deleted)
717fbe6e2000-717fc26e2000 rw-s 00000000 00:01 4101                       /memfd:pulseaudio (deleted)
717fc26e2000-717fc66e2000 rw-s 00000000 00:01 2080                       /memfd:pulseaudio (deleted)
717fc66e2000-717fca6e2000 rw-s 00000000 00:01 2080                       /memfd:pulseaudio (deleted)
717fca6e2000-717fca6e5000 r--p 00000000 08:03 2256941                    /usr/lib/x86_64-linux-gnu/libopus.so.0.8.0
717fca6e5000-717fca72b000 r-xp 00003000 08:03 2256941                    /usr/lib/x86_64-linux-gnu/libopus.so.0.8.0
717fca72b000-717fca73d000 r--p 00049000 08:03 2256941                    /usr/lib/x86_64-linux-gnu/libopus.so.0.8.0
717fca73d000-717fca73e000 ---p 0005b000 08:03 2256941                    /usr/lib/x86_64-linux-gnu/libopus.so.0.8.0
717fca73e000-717fca73f000 r--p 0005b000 08:03 2256941                    /usr/lib/x86_64-linux-gnu/libopus.so.0.8.0
717fca73f000-717fca740000 rw-p 0005c000 08:03 2256941                    /usr/lib/x86_64-linux-gnu/libopus.so.0.8.0
717fca740000-717fca754000 r--p 00000000 08:03 2257358                    /usr/lib/x86_64-linux-gnu/libvorbisenc.so.2.0.12
717fca754000-717fca757000 r-xp 00014000 08:03 2257358                    /usr/lib/x86_64-linux-gnu/libvorbisenc.so.2.0.12
717fca757000-717fca7ce000 r--p 00017000 08:03 2257358                    /usr/lib/x86_64-linux-gnu/libvorbisenc.so.2.0.12
717fca7ce000-717fca7ea000 r--p 0008d000 08:03 2257358                    /usr/lib/x86_64-linux-gnu/libvorbisenc.so.2.0.12
717fca7ea000-717fca7eb000 rw-p 000a9000 08:03 2257358                    /usr/lib/x86_64-linux-gnu/libvorbisenc.so.2.0.12
717fca7eb000-717fca7f3000 r--p 00000000 08:03 2255804                    /usr/lib/x86_64-linux-gnu/libFLAC.so.8.3.0
717fca7f3000-717fca81c000 r-xp 00008000 08:03 2255804                    /usr/lib/x86_64-linux-gnu/libFLAC.so.8.3.0
717fca81c000-717fca825000 r--p 00031000 08:03 2255804                    /usr/lib/x86_64-linux-gnu/libFLAC.so.8.3.0
717fca825000-717fca826000 r--p 00039000 08:03 2255804                    /usr/lib/x86_64-linux-gnu/libFLAC.so.8.3.0
717fca826000-717fca827000 rw-p 0003a000 08:03 2255804                    /usr/lib/x86_64-linux-gnu/libFLAC.so.8.3.0
717fca827000-717fca82e000 r--p 00000000 08:03 2236764                    /usr/lib/x86_64-linux-gnu/libsndfile.so.1.0.31
717fca82e000-717fca884000 r-xp 00007000 08:03 2236764                    /usr/lib/x86_64-linux-gnu/libsndfile.so.1.0.31
717fca884000-717fca8a0000 r--p 0005d000 08:03 2236764                    /usr/lib/x86_64-linux-gnu/libsndfile.so.1.0.31
717fca8a0000-717fca8a3000 r--p 00078000 08:03 2236764                    /usr/lib/x86_64-linux-gnu/libsndfile.so.1.0.31
717fca8a3000-717fca8a4000 rw-p 0007b000 08:03 2236764                    /usr/lib/x86_64-linux-gnu/libsndfile.so.1.0.31
717fca8a4000-717fca8a6000 rw-p 00000000 00:00 0 
717fca8a6000-717fca8b8000 r--p 00000000 08:03 2261045                    /usr/lib/x86_64-linux-gnu/pulseaudio/libpulsecommon-15.99.so
717fca8b8000-717fca901000 r-xp 00012000 08:03 2261045                    /usr/lib/x86_64-linux-gnu/pulseaudio/libpulsecommon-15.99.so
717fca901000-717fca928000 r--p 0005b000 08:03 2261045                    /usr/lib/x86_64-linux-gnu/pulseaudio/libpulsecommon-15.99.so
717fca928000-717fca92a000 r--p 00081000 08:03 2261045                    /usr/lib/x86_64-linux-gnu/pulseaudio/libpulsecommon-15.99.so
717fca92a000-717fca92b000 rw-p 00083000 08:03 2261045                    /usr/lib/x86_64-linux-gnu/pulseaudio/libpulsecommon-15.99.so
717fca92b000-717fca937000 r--p 00000000 08:03 2257065                    /usr/lib/x86_64-linux-gnu/libpulse.so.0.24.1
717fca937000-717fca967000 r-xp 0000c000 08:03 2257065                    /usr/lib/x86_64-linux-gnu/libpulse.so.0.24.1
717fca967000-717fca97d000 r--p 0003c000 08:03 2257065                    /usr/lib/x86_64-linux-gnu/libpulse.so.0.24.1
717fca97d000-717fca97f000 r--p 00051000 08:03 2257065                    /usr/lib/x86_64-linux-gnu/libpulse.so.0.24.1
717fca97f000-717fca980000 rw-p 00053000 08:03 2257065                    /usr/lib/x86_64-linux-gnu/libpulse.so.0.24.1
717fca980000-717fcaa00000 r--p 00000000 08:03 2371393                    /usr/share/fonts/truetype/noto/NotoSansMono-Bold.ttf
717fcaa00000-717fcb479000 r--p 00000000 08:03 2371391                    /usr/share/fonts/truetype/noto/NotoColorEmoji.ttf
717fcb479000-717fcb47a000 r--p 00000000 08:03 2256919                    /usr/lib/x86_64-linux-gnu/libnss_mdns4_minimal.so.2
717fcb47a000-717fcb47c000 r-xp 00001000 08:03 2256919                    /usr/lib/x86_64-linux-gnu/libnss_mdns4_minimal.so.2
717fcb47c000-717fcb47d000 r--p 00003000 08:03 2256919                    /usr/lib/x86_64-linux-gnu/libnss_mdns4_minimal.so.2
717fcb47d000-717fcb47e000 r--p 00003000 08:03 2256919                    /usr/lib/x86_64-linux-gnu/libnss_mdns4_minimal.so.2
717fcb47e000-717fcb47f000 rw-p 00004000 08:03 2256919                    /usr/lib/x86_64-linux-gnu/libnss_mdns4_minimal.so.2
717fcb47f000-717fcb48f000 r-xp 00000000 08:03 10782                      /home/pi-dev/.openjfx/cache/21.0.6+3/amd64/libdecora_sse.so
717fcb48f000-717fcb490000 r--p 0000f000 08:03 10782                      /home/pi-dev/.openjfx/cache/21.0.6+3/amd64/libdecora_sse.so
717fcb490000-717fcb491000 rw-p 00010000 08:03 10782                      /home/pi-dev/.openjfx/cache/21.0.6+3/amd64/libdecora_sse.so
717fcb491000-717fcb4dd000 r--p 00000000 08:03 2371343                    /usr/share/fonts/truetype/liberation2/LiberationMono-Bold.ttf
717fcb4dd000-717fcb534000 r--p 00000000 08:03 2371245                    /usr/share/fonts/truetype/dejavu/DejaVuSerif-Bold.ttf
717fcb534000-717fcb586000 r--p 00000000 08:03 2371243                    /usr/share/fonts/truetype/dejavu/DejaVuSansMono-Bold.ttf
717fcb586000-717fcb600000 r--p 00000000 08:03 2371396                    /usr/share/fonts/truetype/padauk/Padauk-Bold.ttf
717fcb600000-717fcb8f0000 r--p 00000000 08:03 2371257                    /usr/share/fonts/truetype/fonts-deva-extra/chandas1-2.ttf
717fcb8f0000-717fcb8f4000 rw-p 00000000 00:00 0 
717fcb8f4000-717fcb8f6000 rw-p 00000000 00:00 0 
717fcb8f6000-717fcb8f8000 rw-p 00000000 00:00 0 
717fcb8f8000-717fcb8fb000 r--p 00000000 08:03 2229174                    /usr/lib/x86_64-linux-gnu/libapparmor.so.1.8.2
717fcb8fb000-717fcb904000 r-xp 00003000 08:03 2229174                    /usr/lib/x86_64-linux-gnu/libapparmor.so.1.8.2
717fcb904000-717fcb90b000 r--p 0000c000 08:03 2229174                    /usr/lib/x86_64-linux-gnu/libapparmor.so.1.8.2
717fcb90b000-717fcb90c000 r--p 00012000 08:03 2229174                    /usr/lib/x86_64-linux-gnu/libapparmor.so.1.8.2
717fcb90c000-717fcb90d000 rw-p 00013000 08:03 2229174                    /usr/lib/x86_64-linux-gnu/libapparmor.so.1.8.2
717fcb90d000-717fcb911000 rw-p 00000000 00:00 0 
717fcb911000-717fcb91d000 r--p 00000000 08:03 669265                     /usr/share/locale-langpack/fr/LC_MESSAGES/pulseaudio.mo
717fcb91d000-717fcba00000 r--p 00000000 08:03 2371301                    /usr/share/fonts/truetype/freefont/FreeSerifBold.ttf
717fcba00000-717fcbe4e000 r--p 00000000 08:03 2371432                    /usr/share/fonts/truetype/tibetan-machine/TibetanMachineUni.ttf
717fcbe4e000-717fcbe4f000 rw-p 00000000 00:00 0 
717fcbe4f000-717fcbe51000 r--p 00000000 08:03 2256045                    /usr/lib/x86_64-linux-gnu/libasyncns.so.0.3.1
717fcbe51000-717fcbe54000 r-xp 00002000 08:03 2256045                    /usr/lib/x86_64-linux-gnu/libasyncns.so.0.3.1
717fcbe54000-717fcbe55000 r--p 00005000 08:03 2256045                    /usr/lib/x86_64-linux-gnu/libasyncns.so.0.3.1
717fcbe55000-717fcbe56000 r--p 00005000 08:03 2256045                    /usr/lib/x86_64-linux-gnu/libasyncns.so.0.3.1
717fcbe56000-717fcbe57000 rw-p 00006000 08:03 2256045                    /usr/lib/x86_64-linux-gnu/libasyncns.so.0.3.1
717fcbe57000-717fcbe7e000 r--p 00000000 08:03 2371271                    /usr/share/fonts/truetype/fonts-orya-extra/utkal.ttf
717fcbe7e000-717fcbec0000 r--p 00000000 08:03 2371297                    /usr/share/fonts/truetype/freefont/FreeSansBold.ttf
717fcbec0000-717fcbed5000 r--p 00000000 08:03 2371263                    /usr/share/fonts/truetype/fonts-gujr-extra/padmaa-Bold.1.1.ttf
717fcbed5000-717fcbf52000 r--p 00000000 08:03 2371394                    /usr/share/fonts/truetype/noto/NotoSansMono-Regular.ttf
717fcbf52000-717fcbfa3000 r--p 00000000 08:03 2371237                    /usr/share/fonts/truetype/abyssinica/AbyssinicaSIL-Regular.ttf
717fcbfa3000-717fcc000000 r--p 00000000 08:03 2371246                    /usr/share/fonts/truetype/dejavu/DejaVuSerif.ttf
717fcc000000-717fcc023000 rw-p 00000000 00:00 0 
717fcc023000-717fd0000000 ---p 00000000 00:00 0 
717fd0000000-717fd002a000 rw-p 00000000 00:00 0 
717fd002a000-717fd4000000 ---p 00000000 00:00 0 
717fd4000000-717fd5b93000 rw-p 00000000 00:00 0 
717fd5b93000-717fd8000000 ---p 00000000 00:00 0 
717fd8000000-717fd8023000 rw-p 00000000 00:00 0 
717fd8023000-717fdc000000 ---p 00000000 00:00 0 
717fdc000000-717fdc02c000 rw-p 00000000 00:00 0 
717fdc02c000-717fe0000000 ---p 00000000 00:00 0 
717fe0000000-717fe0027000 rw-p 00000000 00:00 0 
717fe0027000-717fe4000000 ---p 00000000 00:00 0 
717fe4000000-717fe4029000 rw-p 00000000 00:00 0 
717fe4029000-717fe8000000 ---p 00000000 00:00 0 
717fe8000000-717fe802a000 rw-p 00000000 00:00 0 
717fe802a000-717fec000000 ---p 00000000 00:00 0 
717fec000000-717fec3a1000 rw-p 00000000 00:00 0 
717fec3a1000-717ff0000000 ---p 00000000 00:00 0 
717ff0000000-717ff0024000 rw-p 00000000 00:00 0 
717ff0024000-717ff4000000 ---p 00000000 00:00 0 
717ff4000000-717ff7bfa000 rw-p 00000000 00:00 0 
717ff7bfa000-717ff8000000 ---p 00000000 00:00 0 
717ff8000000-717ff8024000 rw-p 00000000 00:00 0 
717ff8024000-717ffc000000 ---p 00000000 00:00 0 
717ffc000000-717ffc02f000 rw-p 00000000 00:00 0 
717ffc02f000-718000000000 ---p 00000000 00:00 0 
718000000000-718003c40000 rw-p 00000000 00:00 0 
718003c40000-718004000000 ---p 00000000 00:00 0 
718004000000-718004021000 rw-p 00000000 00:00 0 
718004021000-718008000000 ---p 00000000 00:00 0 
718008000000-718008015000 r--p 00000000 08:03 2371448                    /usr/share/fonts/truetype/tlwg/Loma-Bold.ttf
718008015000-718008044000 r--p 00000000 08:03 2371401                    /usr/share/fonts/truetype/pagul/Pagul.ttf
718008044000-7180080be000 r--p 00000000 08:03 2371397                    /usr/share/fonts/truetype/padauk/Padauk-Regular.ttf
7180080be000-7180080f1000 r--p 00000000 08:03 2363876                    /usr/share/fonts/truetype/libreoffice/opens___.ttf
7180080f1000-7180082db000 r--p 00000000 08:03 2371300                    /usr/share/fonts/truetype/freefont/FreeSerif.ttf
7180082db000-718008333000 r--p 00000000 08:03 2371292                    /usr/share/fonts/truetype/freefont/FreeMono.ttf
718008333000-718008400000 r--p 00000000 08:03 2371296                    /usr/share/fonts/truetype/freefont/FreeSans.ttf
718008400000-7180087d9000 r--p 00000000 08:03 2371248                    /usr/share/fonts/truetype/droid/DroidSansFallbackFull.ttf
7180087d9000-7180087de000 rw-p 00000000 00:00 0 
7180087de000-7180087df000 r--p 00000000 08:03 2255836                    /usr/lib/x86_64-linux-gnu/libX11-xcb.so.1.0.0
7180087df000-7180087e0000 r-xp 00001000 08:03 2255836                    /usr/lib/x86_64-linux-gnu/libX11-xcb.so.1.0.0
7180087e0000-7180087e1000 r--p 00002000 08:03 2255836                    /usr/lib/x86_64-linux-gnu/libX11-xcb.so.1.0.0
7180087e1000-7180087e2000 r--p 00002000 08:03 2255836                    /usr/lib/x86_64-linux-gnu/libX11-xcb.so.1.0.0
7180087e2000-7180087e3000 rw-p 00003000 08:03 2255836                    /usr/lib/x86_64-linux-gnu/libX11-xcb.so.1.0.0
7180087e3000-7180087e5000 r--p 00000000 08:03 2259383                    /usr/lib/x86_64-linux-gnu/libcanberra-0.30/libcanberra-pulse.so
7180087e5000-7180087e9000 r-xp 00002000 08:03 2259383                    /usr/lib/x86_64-linux-gnu/libcanberra-0.30/libcanberra-pulse.so
7180087e9000-7180087ea000 r--p 00006000 08:03 2259383                    /usr/lib/x86_64-linux-gnu/libcanberra-0.30/libcanberra-pulse.so
7180087ea000-7180087eb000 ---p 00007000 08:03 2259383                    /usr/lib/x86_64-linux-gnu/libcanberra-0.30/libcanberra-pulse.so
7180087eb000-7180087ec000 r--p 00007000 08:03 2259383                    /usr/lib/x86_64-linux-gnu/libcanberra-0.30/libcanberra-pulse.so
7180087ec000-7180087ed000 rw-p 00008000 08:03 2259383                    /usr/lib/x86_64-linux-gnu/libcanberra-0.30/libcanberra-pulse.so
7180087ed000-718008838000 r--p 00000000 08:03 2371409                    /usr/share/fonts/truetype/sinhala/lklug.ttf
718008838000-71800888c000 r--p 00000000 08:03 2371378                    /usr/share/fonts/truetype/lohit-telugu/Lohit-Telugu.ttf
71800888c000-7180088bd000 r--p 00000000 08:03 2371366                    /usr/share/fonts/truetype/lohit-kannada/Lohit-Kannada.ttf
7180088bd000-718008908000 r--p 00000000 08:03 2371384                    /usr/share/fonts/truetype/malayalam/Meera-Regular.ttf
718008908000-718008914000 r--p 00000000 08:03 2371374                    /usr/share/fonts/truetype/lohit-tamil/Lohit-Tamil.ttf
718008914000-718008935000 r--p 00000000 08:03 2371360                    /usr/share/fonts/truetype/lohit-bengali/Lohit-Bengali.ttf
718008935000-718008942000 r--p 00000000 08:03 2371264                    /usr/share/fonts/truetype/fonts-gujr-extra/padmaa-Medium-0.5.ttf
718008942000-718008983000 r--p 00000000 08:03 2371493                    /usr/share/fonts/truetype/ttf-khmeros-core/KhmerOS.ttf
718008983000-7180089a9000 r--p 00000000 08:03 2371362                    /usr/share/fonts/truetype/lohit-devanagari/Lohit-Devanagari.ttf
7180089a9000-7180089be000 r--p 00000000 08:03 2371451                    /usr/share/fonts/truetype/tlwg/Loma.ttf
7180089be000-7180089bf000 ---p 00000000 00:00 0 
7180089bf000-7180091bf000 rw-p 00000000 00:00 0 
7180091bf000-7180091c0000 ---p 00000000 00:00 0 
7180091c0000-7180092c0000 rw-p 00000000 00:00 0 
7180092c0000-7180092c1000 ---p 00000000 00:00 0 
7180092c1000-7180093c1000 rw-p 00000000 00:00 0 
7180093c1000-71800946e000 r--p 00000000 08:03 2371241                    /usr/share/fonts/truetype/dejavu/DejaVuSans-Bold.ttf
71800946e000-718009472000 ---p 00000000 00:00 0 
718009472000-71800956e000 rw-p 00000000 00:00 0 
71800956e000-718009590000 r-xp 00000000 08:03 2343                       /home/pi-dev/.openjfx/cache/21.0.6+3/amd64/libjavafx_iio.so
718009590000-718009591000 r--p 00021000 08:03 2343                       /home/pi-dev/.openjfx/cache/21.0.6+3/amd64/libjavafx_iio.so
718009591000-718009592000 rw-p 00022000 08:03 2343                       /home/pi-dev/.openjfx/cache/21.0.6+3/amd64/libjavafx_iio.so
718009592000-71800964b000 r--p 00000000 08:03 2371242                    /usr/share/fonts/truetype/dejavu/DejaVuSans.ttf
71800964b000-71800964c000 r--p 00000000 08:03 2106191                    /tmp/+JXF1076140878233206679.tmp
71800964c000-71800967e000 r--p 00000000 08:03 2106189                    /tmp/+JXF7776277192776176805.tmp
71800967e000-718009687000 r--p 00000000 08:03 2106188                    /tmp/+JXF3331722792948401932.tmp
718009687000-71800968b000 r-xp 00000000 08:03 10781                      /home/pi-dev/.openjfx/cache/21.0.6+3/amd64/libjavafx_font_pango.so
71800968b000-71800968c000 r--p 00003000 08:03 10781                      /home/pi-dev/.openjfx/cache/21.0.6+3/amd64/libjavafx_font_pango.so
71800968c000-71800968d000 rw-p 00004000 08:03 10781                      /home/pi-dev/.openjfx/cache/21.0.6+3/amd64/libjavafx_font_pango.so
71800968d000-7180096ae000 r--p 00000000 08:03 2106178                    /tmp/+JXF11465999976568778644.tmp
7180096ae000-7180096b9000 r--s 00000000 08:03 567934                     /var/cache/fontconfig/8ab0d672-942b-4957-8da7-1ec88ef6891e-le64.cache-7
7180096b9000-7180096bf000 r--s 00000000 08:03 567923                     /var/cache/fontconfig/670f5b90-3c15-47a9-8702-3752b0855b43-le64.cache-7
7180096bf000-7180096c0000 r--s 00000000 08:03 567962                     /var/cache/fontconfig/f8c8e58c-bbe9-4085-bda6-65f142f945be-le64.cache-7
7180096c0000-7180096d6000 r--s 00000000 08:03 567914                     /var/cache/fontconfig/516e5c1b-3ab4-46eb-aa0c-53528176c2a1-le64.cache-7
7180096d6000-7180096d7000 r--s 00000000 08:03 567903                     /var/cache/fontconfig/346bce4a-c92c-4be3-90d5-3f61ec689532-le64.cache-7
7180096d7000-7180096df000 r--s 00000000 08:03 567942                     /var/cache/fontconfig/adddffdf-fd2e-4245-b33f-2c31e3546000-le64.cache-7
7180096df000-7180096e0000 r--s 00000000 08:03 567928                     /var/cache/fontconfig/6e5bfcf1-45b5-415b-af0c-59ecf87991f7-le64.cache-7
7180096e0000-7180096e2000 r--s 00000000 08:03 567905                     /var/cache/fontconfig/3b1f6fec-e630-4fb7-ad23-b3c648bf43ee-le64.cache-7
7180096e2000-7180096e3000 r--s 00000000 08:03 567904                     /var/cache/fontconfig/3726240a-963a-479d-a6b6-a05adecf2026-le64.cache-7
7180096e3000-7180096e5000 r--s 00000000 08:03 567899                     /var/cache/fontconfig/27e19385-931c-4948-8845-950de5603ff2-le64.cache-7
7180096e5000-7180096e7000 r--s 00000000 08:03 567897                     /var/cache/fontconfig/1e238067-0fef-4cc5-98b0-b43cced84f28-le64.cache-7
7180096e7000-7180096ea000 r--s 00000000 08:03 567954                     /var/cache/fontconfig/e6f4ebae-de13-44d4-a430-a4f0e5a136fc-le64.cache-7
7180096ea000-7180096ef000 r--s 00000000 08:03 567927                     /var/cache/fontconfig/6d31270b-2100-4172-a16e-4ea8150b9f9b-le64.cache-7
7180096ef000-7180096f0000 r--s 00000000 08:03 567940                     /var/cache/fontconfig/a2fa333e-de4e-4b6a-a2ce-9bf91f278f50-le64.cache-7
7180096f0000-7180096f1000 r--s 00000000 08:03 567913                     /var/cache/fontconfig/5138cf27-b7e6-47c6-b13c-6bd9e474f39b-le64.cache-7
7180096f1000-7180096f2000 r--s 00000000 08:03 567957                     /var/cache/fontconfig/ef287150-7929-41bc-9dd7-b338f36a7d3d-le64.cache-7
7180096f2000-7180096f3000 r--s 00000000 08:03 567945                     /var/cache/fontconfig/c48cbc92-619f-44c7-a592-78c50966e74e-le64.cache-7
7180096f3000-7180096f4000 r--s 00000000 08:03 567915                     /var/cache/fontconfig/51d147b2-33e9-4bed-a241-85caa831737e-le64.cache-7
7180096f4000-7180096f5000 r--s 00000000 08:03 567898                     /var/cache/fontconfig/1fd31886-07ee-4de1-98c1-fea2b31a4e7f-le64.cache-7
7180096f5000-7180096f6000 r--s 00000000 08:03 567912                     /var/cache/fontconfig/49d8055f-0df6-4f46-833a-5b53a3b35b7a-le64.cache-7
7180096f6000-7180096f7000 r--s 00000000 08:03 567910                     /var/cache/fontconfig/40c8a420-3efa-4f4e-a14b-3458d499ecce-le64.cache-7
7180096f7000-7180096f8000 r--s 00000000 08:03 567953                     /var/cache/fontconfig/def9a4f5-f213-4daf-aa9c-167ab9eb3abc-le64.cache-7
7180096f8000-7180096f9000 r--s 00000000 08:03 567932                     /var/cache/fontconfig/85251f89-4526-47f0-b3f9-48f31fe3cb3a-le64.cache-7
7180096f9000-7180096fa000 r--s 00000000 08:03 567922                     /var/cache/fontconfig/66505cf1-6a33-415a-bc47-643ffc4aec26-le64.cache-7
7180096fa000-7180096fb000 r--s 00000000 08:03 559288                     /var/cache/fontconfig/2e24604e-a2fd-4885-8489-f378ee38b03a-le64.cache-7
7180096fb000-718009701000 r--s 00000000 08:03 567911                     /var/cache/fontconfig/4552186e-8cdb-40cc-80a0-04badd365a26-le64.cache-7
718009701000-718009708000 r--s 00000000 08:03 567917                     /var/cache/fontconfig/54ea4156-415b-46fd-b4fa-81f16797b1b6-le64.cache-7
718009708000-718009709000 r--s 00000000 08:03 567893                     /var/cache/fontconfig/011aaf7f-b821-4f45-9672-5eaa13d8b594-le64.cache-7
718009709000-71800970a000 r--s 00000000 08:03 567919                     /var/cache/fontconfig/57f6505f-22ef-43a4-a5bd-e984afce828f-le64.cache-7
71800970a000-718009710000 r--s 00000000 08:03 567916                     /var/cache/fontconfig/545d1855-ea79-40e6-8901-751a2f18a925-le64.cache-7
718009710000-718009723000 r--s 00000000 08:03 567956                     /var/cache/fontconfig/ecc26c15-90d6-4f3a-9460-8474094eaadb-le64.cache-7
718009723000-718009729000 r--s 00000000 08:03 567958                     /var/cache/fontconfig/f0c12d7f-1b3c-4168-9e80-c0b826bebc83-le64.cache-7
718009729000-71800972a000 r--s 00000000 08:03 567900                     /var/cache/fontconfig/28c451ce-882c-450f-9b38-8c0cd2052896-le64.cache-7
71800972a000-71800972b000 r--s 00000000 08:03 567925                     /var/cache/fontconfig/67ba35b0-e503-4af4-9704-cb355c59462f-le64.cache-7
71800972b000-71800972c000 r--s 00000000 08:03 567951                     /var/cache/fontconfig/d464d3cd-efb6-48a3-b84f-dd65e7f21cdb-le64.cache-7
71800972c000-71800972d000 r--s 00000000 08:03 567930                     /var/cache/fontconfig/78a96d83-08ca-4bbc-badf-06c1b534e220-le64.cache-7
71800972d000-718009730000 r--s 00000000 08:03 567960                     /var/cache/fontconfig/f53d837d-22e1-4ea4-9ee3-c1ff4cc11a10-le64.cache-7
718009730000-718009732000 r--s 00000000 08:03 567907                     /var/cache/fontconfig/3c22a138-58fe-42cf-8404-d1e5fe322615-le64.cache-7
718009732000-718009735000 r--s 00000000 08:03 567941                     /var/cache/fontconfig/a6ed1057-94ee-46b8-9004-6a5d4a623885-le64.cache-7
718009735000-718009736000 r--s 00000000 08:03 567931                     /var/cache/fontconfig/7c212338-7ef8-4c2f-87da-8780d667c32d-le64.cache-7
718009736000-71800973a000 r--s 00000000 08:03 567920                     /var/cache/fontconfig/5af0d971-eb03-43ed-a76e-dbd85bb713aa-le64.cache-7
71800973a000-71800973b000 r--s 00000000 08:03 567963                     /var/cache/fontconfig/fc8ce84f-925b-41ff-a5b4-41e1894125be-le64.cache-7
71800973b000-718009749000 r--s 00000000 08:03 567949                     /var/cache/fontconfig/ce5af653-ba6c-4a0f-a508-0db36e8552ac-le64.cache-7
718009749000-718009759000 r--s 00000000 08:03 567906                     /var/cache/fontconfig/3bcb00eb-c902-41d6-86dc-798aaecdc95b-le64.cache-7
718009759000-71800975c000 r--s 00000000 08:03 567947                     /var/cache/fontconfig/cc3b7228-0fd4-4db8-b18f-20bdf0d3090d-le64.cache-7
71800975c000-71800975f000 r--s 00000000 08:03 567937                     /var/cache/fontconfig/97f2fbba-5bfa-4fe6-bf20-a50f6df244d5-le64.cache-7
71800975f000-718009764000 r-xp 00000000 08:03 10767                      /home/pi-dev/.openjfx/cache/21.0.6+3/amd64/libjavafx_font_freetype.so
718009764000-718009765000 r--p 00004000 08:03 10767                      /home/pi-dev/.openjfx/cache/21.0.6+3/amd64/libjavafx_font_freetype.so
718009765000-718009766000 rw-p 00005000 08:03 10767                      /home/pi-dev/.openjfx/cache/21.0.6+3/amd64/libjavafx_font_freetype.so
718009766000-718009769000 r-xp 00000000 08:03 9628                       /home/pi-dev/.openjfx/cache/21.0.6+3/amd64/libjavafx_font.so
718009769000-71800976a000 r--p 00002000 08:03 9628                       /home/pi-dev/.openjfx/cache/21.0.6+3/amd64/libjavafx_font.so
71800976a000-71800976b000 rw-p 00003000 08:03 9628                       /home/pi-dev/.openjfx/cache/21.0.6+3/amd64/libjavafx_font.so
71800976b000-71800976c000 ---p 00000000 00:00 0 
71800976c000-71800986c000 rw-p 00000000 00:00 0 
71800986c000-71800986d000 ---p 00000000 00:00 0 
71800986d000-71800996d000 rw-p 00000000 00:00 0 
71800996d000-71800996e000 ---p 00000000 00:00 0 
71800996e000-718009a6e000 rw-p 00000000 00:00 0 
718009a6e000-718009a6f000 ---p 00000000 00:00 0 
718009a6f000-718009b6f000 rw-p 00000000 00:00 0 
718009b6f000-718009b70000 ---p 00000000 00:00 0 
718009b70000-718009c70000 rw-p 00000000 00:00 0 
718009c70000-718009c74000 ---p 00000000 00:00 0 
718009c74000-718009d70000 rw-p 00000000 00:00 0 
718009d70000-718009d74000 r--p 00000000 08:03 3910                       /home/pi-dev/.jdks/temurin-25.0.2/lib/libverify.so
718009d74000-718009d7d000 r-xp 00004000 08:03 3910                       /home/pi-dev/.jdks/temurin-25.0.2/lib/libverify.so
718009d7d000-718009d7f000 r--p 0000d000 08:03 3910                       /home/pi-dev/.jdks/temurin-25.0.2/lib/libverify.so
718009d7f000-718009d81000 r--p 0000e000 08:03 3910                       /home/pi-dev/.jdks/temurin-25.0.2/lib/libverify.so
718009d81000-718009d82000 rw-p 00010000 08:03 3910                       /home/pi-dev/.jdks/temurin-25.0.2/lib/libverify.so
718009d82000-718009d83000 ---p 00000000 00:00 0 
718009d83000-71800a583000 rw-p 00000000 00:00 0 
71800a583000-71800a5b4000 r--p 00000000 08:03 2365449                    /usr/share/glib-2.0/schemas/gschemas.compiled
71800a5b4000-71800a5b8000 ---p 00000000 00:00 0 
71800a5b8000-71800a6b4000 rw-p 00000000 00:00 0 
71800a6b4000-71800a6b8000 ---p 00000000 00:00 0 
71800a6b8000-71800a7b4000 rw-p 00000000 00:00 0 
71800a7b4000-71800a7b6000 r--p 00000000 08:03 2256935                    /usr/lib/x86_64-linux-gnu/libogg.so.0.8.5
71800a7b6000-71800a7b9000 r-xp 00002000 08:03 2256935                    /usr/lib/x86_64-linux-gnu/libogg.so.0.8.5
71800a7b9000-71800a7bc000 r--p 00005000 08:03 2256935                    /usr/lib/x86_64-linux-gnu/libogg.so.0.8.5
71800a7bc000-71800a7bd000 ---p 00008000 08:03 2256935                    /usr/lib/x86_64-linux-gnu/libogg.so.0.8.5
71800a7bd000-71800a7be000 r--p 00008000 08:03 2256935                    /usr/lib/x86_64-linux-gnu/libogg.so.0.8.5
71800a7be000-71800a7bf000 rw-p 00009000 08:03 2256935                    /usr/lib/x86_64-linux-gnu/libogg.so.0.8.5
71800a7bf000-71800a7c2000 r--p 00000000 08:03 2257356                    /usr/lib/x86_64-linux-gnu/libvorbis.so.0.4.9
71800a7c2000-71800a7d9000 r-xp 00003000 08:03 2257356                    /usr/lib/x86_64-linux-gnu/libvorbis.so.0.4.9
71800a7d9000-71800a7ea000 r--p 0001a000 08:03 2257356                    /usr/lib/x86_64-linux-gnu/libvorbis.so.0.4.9
71800a7ea000-71800a7eb000 r--p 0002a000 08:03 2257356                    /usr/lib/x86_64-linux-gnu/libvorbis.so.0.4.9
71800a7eb000-71800a7ec000 rw-p 0002b000 08:03 2257356                    /usr/lib/x86_64-linux-gnu/libvorbis.so.0.4.9
71800a7ec000-71800a7ee000 r--p 00000000 08:03 2256778                    /usr/lib/x86_64-linux-gnu/libltdl.so.7.3.1
71800a7ee000-71800a7f3000 r-xp 00002000 08:03 2256778                    /usr/lib/x86_64-linux-gnu/libltdl.so.7.3.1
71800a7f3000-71800a7f5000 r--p 00007000 08:03 2256778                    /usr/lib/x86_64-linux-gnu/libltdl.so.7.3.1
71800a7f5000-71800a7f6000 r--p 00008000 08:03 2256778                    /usr/lib/x86_64-linux-gnu/libltdl.so.7.3.1
71800a7f6000-71800a7f7000 rw-p 00009000 08:03 2256778                    /usr/lib/x86_64-linux-gnu/libltdl.so.7.3.1
71800a7f7000-71800a7fa000 r--p 00000000 08:03 2257245                    /usr/lib/x86_64-linux-gnu/libtdb.so.1.4.5
71800a7fa000-71800a807000 r-xp 00003000 08:03 2257245                    /usr/lib/x86_64-linux-gnu/libtdb.so.1.4.5
71800a807000-71800a80c000 r--p 00010000 08:03 2257245                    /usr/lib/x86_64-linux-gnu/libtdb.so.1.4.5
71800a80c000-71800a80d000 ---p 00015000 08:03 2257245                    /usr/lib/x86_64-linux-gnu/libtdb.so.1.4.5
71800a80d000-71800a80e000 r--p 00015000 08:03 2257245                    /usr/lib/x86_64-linux-gnu/libtdb.so.1.4.5
71800a80e000-71800a80f000 rw-p 00016000 08:03 2257245                    /usr/lib/x86_64-linux-gnu/libtdb.so.1.4.5
71800a80f000-71800a811000 r--p 00000000 08:03 2257360                    /usr/lib/x86_64-linux-gnu/libvorbisfile.so.3.3.8
71800a811000-71800a816000 r-xp 00002000 08:03 2257360                    /usr/lib/x86_64-linux-gnu/libvorbisfile.so.3.3.8
71800a816000-71800a817000 r--p 00007000 08:03 2257360                    /usr/lib/x86_64-linux-gnu/libvorbisfile.so.3.3.8
71800a817000-71800a818000 ---p 00008000 08:03 2257360                    /usr/lib/x86_64-linux-gnu/libvorbisfile.so.3.3.8
71800a818000-71800a819000 r--p 00008000 08:03 2257360                    /usr/lib/x86_64-linux-gnu/libvorbisfile.so.3.3.8
71800a819000-71800a81a000 rw-p 00009000 08:03 2257360                    /usr/lib/x86_64-linux-gnu/libvorbisfile.so.3.3.8
71800a81a000-71800a81d000 r--p 00000000 08:03 2256158                    /usr/lib/x86_64-linux-gnu/libcanberra.so.0.2.5
71800a81d000-71800a827000 r-xp 00003000 08:03 2256158                    /usr/lib/x86_64-linux-gnu/libcanberra.so.0.2.5
71800a827000-71800a82b000 r--p 0000d000 08:03 2256158                    /usr/lib/x86_64-linux-gnu/libcanberra.so.0.2.5
71800a82b000-71800a82c000 r--p 00010000 08:03 2256158                    /usr/lib/x86_64-linux-gnu/libcanberra.so.0.2.5
71800a82c000-71800a82d000 rw-p 00011000 08:03 2256158                    /usr/lib/x86_64-linux-gnu/libcanberra.so.0.2.5
71800a82d000-71800a82f000 r--p 00000000 08:03 2256156                    /usr/lib/x86_64-linux-gnu/libcanberra-gtk3.so.0.1.9
71800a82f000-71800a831000 r-xp 00002000 08:03 2256156                    /usr/lib/x86_64-linux-gnu/libcanberra-gtk3.so.0.1.9
71800a831000-71800a832000 r--p 00004000 08:03 2256156                    /usr/lib/x86_64-linux-gnu/libcanberra-gtk3.so.0.1.9
71800a832000-71800a833000 r--p 00004000 08:03 2256156                    /usr/lib/x86_64-linux-gnu/libcanberra-gtk3.so.0.1.9
71800a833000-71800a834000 rw-p 00005000 08:03 2256156                    /usr/lib/x86_64-linux-gnu/libcanberra-gtk3.so.0.1.9
71800a834000-71800a838000 r--p 00000000 08:03 2258695                    /usr/lib/x86_64-linux-gnu/gio/modules/libdconfsettings.so
71800a838000-71800a83f000 r-xp 00004000 08:03 2258695                    /usr/lib/x86_64-linux-gnu/gio/modules/libdconfsettings.so
71800a83f000-71800a842000 r--p 0000b000 08:03 2258695                    /usr/lib/x86_64-linux-gnu/gio/modules/libdconfsettings.so
71800a842000-71800a843000 r--p 0000e000 08:03 2258695                    /usr/lib/x86_64-linux-gnu/gio/modules/libdconfsettings.so
71800a843000-71800a844000 rw-p 0000f000 08:03 2258695                    /usr/lib/x86_64-linux-gnu/gio/modules/libdconfsettings.so
71800a844000-71800a845000 ---p 00000000 00:00 0 
71800a845000-71800b045000 rw-p 00000000 00:00 0 
71800b045000-71800b046000 ---p 00000000 00:00 0 
71800b046000-71800b846000 rw-p 00000000 00:00 0 
71800b846000-71800b858000 r--p 00000000 08:03 2235606                    /usr/lib/x86_64-linux-gnu/gvfs/libgvfscommon.so
71800b858000-71800b874000 r-xp 00012000 08:03 2235606                    /usr/lib/x86_64-linux-gnu/gvfs/libgvfscommon.so
71800b874000-71800b881000 r--p 0002e000 08:03 2235606                    /usr/lib/x86_64-linux-gnu/gvfs/libgvfscommon.so
71800b881000-71800b882000 ---p 0003b000 08:03 2235606                    /usr/lib/x86_64-linux-gnu/gvfs/libgvfscommon.so
71800b882000-71800b888000 r--p 0003b000 08:03 2235606                    /usr/lib/x86_64-linux-gnu/gvfs/libgvfscommon.so
71800b888000-71800b889000 rw-p 00041000 08:03 2235606                    /usr/lib/x86_64-linux-gnu/gvfs/libgvfscommon.so
71800b889000-71800b893000 r--p 00000000 08:03 2235605                    /usr/lib/x86_64-linux-gnu/gio/modules/libgvfsdbus.so
71800b893000-71800b8b1000 r-xp 0000a000 08:03 2235605                    /usr/lib/x86_64-linux-gnu/gio/modules/libgvfsdbus.so
71800b8b1000-71800b8bb000 r--p 00028000 08:03 2235605                    /usr/lib/x86_64-linux-gnu/gio/modules/libgvfsdbus.so
71800b8bb000-71800b8bd000 r--p 00031000 08:03 2235605                    /usr/lib/x86_64-linux-gnu/gio/modules/libgvfsdbus.so
71800b8bd000-71800b8be000 rw-p 00033000 08:03 2235605                    /usr/lib/x86_64-linux-gnu/gio/modules/libgvfsdbus.so
71800b8be000-71800b973000 r--p 00000000 08:03 674830                     /usr/share/themes/Yaru/gtk-3.0/gtk.gresource
71800b973000-71800b998000 r--p 00000000 08:03 669071                     /usr/share/locale-langpack/fr/LC_MESSAGES/glib20.mo
71800b998000-71800b9cf000 r--p 00000000 08:03 669135                     /usr/share/locale-langpack/fr/LC_MESSAGES/gtk30-properties.mo
71800b9cf000-71800b9eb000 r--p 00000000 08:03 669136                     /usr/share/locale-langpack/fr/LC_MESSAGES/gtk30.mo
71800b9eb000-71800b9ed000 r--p 00000000 08:03 2255881                    /usr/lib/x86_64-linux-gnu/libXtst.so.6.1.0
71800b9ed000-71800b9f0000 r-xp 00002000 08:03 2255881                    /usr/lib/x86_64-linux-gnu/libXtst.so.6.1.0
71800b9f0000-71800b9f1000 r--p 00005000 08:03 2255881                    /usr/lib/x86_64-linux-gnu/libXtst.so.6.1.0
71800b9f1000-71800b9f2000 r--p 00005000 08:03 2255881                    /usr/lib/x86_64-linux-gnu/libXtst.so.6.1.0
71800b9f2000-71800b9f3000 rw-p 00006000 08:03 2255881                    /usr/lib/x86_64-linux-gnu/libXtst.so.6.1.0
71800b9f3000-71800ba36000 r-xp 00000000 08:03 9621                       /home/pi-dev/.openjfx/cache/21.0.6+3/amd64/libglassgtk3.so
71800ba36000-71800ba37000 ---p 00043000 08:03 9621                       /home/pi-dev/.openjfx/cache/21.0.6+3/amd64/libglassgtk3.so
71800ba37000-71800ba39000 r--p 00043000 08:03 9621                       /home/pi-dev/.openjfx/cache/21.0.6+3/amd64/libglassgtk3.so
71800ba39000-71800ba3b000 rw-p 00045000 08:03 9621                       /home/pi-dev/.openjfx/cache/21.0.6+3/amd64/libglassgtk3.so
71800ba3b000-71800ba3f000 r--p 00000000 08:03 2256533                    /usr/lib/x86_64-linux-gnu/libgpg-error.so.0.32.1
71800ba3f000-71800ba55000 r-xp 00004000 08:03 2256533                    /usr/lib/x86_64-linux-gnu/libgpg-error.so.0.32.1
71800ba55000-71800ba5f000 r--p 0001a000 08:03 2256533                    /usr/lib/x86_64-linux-gnu/libgpg-error.so.0.32.1
71800ba5f000-71800ba60000 r--p 00023000 08:03 2256533                    /usr/lib/x86_64-linux-gnu/libgpg-error.so.0.32.1
71800ba60000-71800ba61000 rw-p 00024000 08:03 2256533                    /usr/lib/x86_64-linux-gnu/libgpg-error.so.0.32.1
71800ba61000-71800ba70000 r--p 00000000 08:03 2256451                    /usr/lib/x86_64-linux-gnu/libgcrypt.so.20.3.4
71800ba70000-71800bb56000 r-xp 0000f000 08:03 2256451                    /usr/lib/x86_64-linux-gnu/libgcrypt.so.20.3.4
71800bb56000-71800bb94000 r--p 000f5000 08:03 2256451                    /usr/lib/x86_64-linux-gnu/libgcrypt.so.20.3.4
71800bb94000-71800bb95000 ---p 00133000 08:03 2256451                    /usr/lib/x86_64-linux-gnu/libgcrypt.so.20.3.4
71800bb95000-71800bb98000 r--p 00133000 08:03 2256451                    /usr/lib/x86_64-linux-gnu/libgcrypt.so.20.3.4
71800bb98000-71800bb9e000 rw-p 00136000 08:03 2256451                    /usr/lib/x86_64-linux-gnu/libgcrypt.so.20.3.4
71800bb9e000-71800bb9f000 rw-p 00000000 00:00 0 
71800bb9f000-71800bba2000 r--p 00000000 08:03 2233463                    /usr/lib/x86_64-linux-gnu/libcap.so.2.44
71800bba2000-71800bba6000 r-xp 00003000 08:03 2233463                    /usr/lib/x86_64-linux-gnu/libcap.so.2.44
71800bba6000-71800bba8000 r--p 00007000 08:03 2233463                    /usr/lib/x86_64-linux-gnu/libcap.so.2.44
71800bba8000-71800bba9000 r--p 00008000 08:03 2233463                    /usr/lib/x86_64-linux-gnu/libcap.so.2.44
71800bba9000-71800bbaa000 rw-p 00009000 08:03 2233463                    /usr/lib/x86_64-linux-gnu/libcap.so.2.44
71800bbaa000-71800bbac000 r--p 00000000 08:03 2256785                    /usr/lib/x86_64-linux-gnu/liblz4.so.1.9.3
71800bbac000-71800bbc5000 r-xp 00002000 08:03 2256785                    /usr/lib/x86_64-linux-gnu/liblz4.so.1.9.3
71800bbc5000-71800bbc7000 r--p 0001b000 08:03 2256785                    /usr/lib/x86_64-linux-gnu/liblz4.so.1.9.3
71800bbc7000-71800bbc8000 ---p 0001d000 08:03 2256785                    /usr/lib/x86_64-linux-gnu/liblz4.so.1.9.3
71800bbc8000-71800bbc9000 r--p 0001d000 08:03 2256785                    /usr/lib/x86_64-linux-gnu/liblz4.so.1.9.3
71800bbc9000-71800bbca000 rw-p 0001e000 08:03 2256785                    /usr/lib/x86_64-linux-gnu/liblz4.so.1.9.3
71800bbca000-71800bbd4000 r--p 00000000 08:03 2257503                    /usr/lib/x86_64-linux-gnu/libzstd.so.1.4.8
71800bbd4000-71800bc86000 r-xp 0000a000 08:03 2257503                    /usr/lib/x86_64-linux-gnu/libzstd.so.1.4.8
71800bc86000-71800bc97000 r--p 000bc000 08:03 2257503                    /usr/lib/x86_64-linux-gnu/libzstd.so.1.4.8
71800bc97000-71800bc98000 r--p 000cc000 08:03 2257503                    /usr/lib/x86_64-linux-gnu/libzstd.so.1.4.8
71800bc98000-71800bc99000 rw-p 000cd000 08:03 2257503                    /usr/lib/x86_64-linux-gnu/libzstd.so.1.4.8
71800bc99000-71800bc9c000 r--p 00000000 08:03 2256787                    /usr/lib/x86_64-linux-gnu/liblzma.so.5.2.5
71800bc9c000-71800bcb7000 r-xp 00003000 08:03 2256787                    /usr/lib/x86_64-linux-gnu/liblzma.so.5.2.5
71800bcb7000-71800bcc2000 r--p 0001e000 08:03 2256787                    /usr/lib/x86_64-linux-gnu/liblzma.so.5.2.5
71800bcc2000-71800bcc3000 r--p 00028000 08:03 2256787                    /usr/lib/x86_64-linux-gnu/liblzma.so.5.2.5
71800bcc3000-71800bcc4000 rw-p 00029000 08:03 2256787                    /usr/lib/x86_64-linux-gnu/liblzma.so.5.2.5
71800bcc4000-71800bcc5000 r--p 00000000 08:03 2256129                    /usr/lib/x86_64-linux-gnu/libbrotlicommon.so.1.0.9
71800bcc5000-71800bcc6000 r-xp 00001000 08:03 2256129                    /usr/lib/x86_64-linux-gnu/libbrotlicommon.so.1.0.9
71800bcc6000-71800bce5000 r--p 00002000 08:03 2256129                    /usr/lib/x86_64-linux-gnu/libbrotlicommon.so.1.0.9
71800bce5000-71800bce6000 r--p 00020000 08:03 2256129                    /usr/lib/x86_64-linux-gnu/libbrotlicommon.so.1.0.9
71800bce6000-71800bce7000 rw-p 00021000 08:03 2256129                    /usr/lib/x86_64-linux-gnu/libbrotlicommon.so.1.0.9
71800bce7000-71800bce9000 r--p 00000000 08:03 2256237                    /usr/lib/x86_64-linux-gnu/libdatrie.so.1.4.0
71800bce9000-71800bced000 r-xp 00002000 08:03 2256237                    /usr/lib/x86_64-linux-gnu/libdatrie.so.1.4.0
71800bced000-71800bcee000 r--p 00006000 08:03 2256237                    /usr/lib/x86_64-linux-gnu/libdatrie.so.1.4.0
71800bcee000-71800bcef000 r--p 00007000 08:03 2256237                    /usr/lib/x86_64-linux-gnu/libdatrie.so.1.4.0
71800bcef000-71800bcf0000 rw-p 00008000 08:03 2256237                    /usr/lib/x86_64-linux-gnu/libdatrie.so.1.4.0
71800bcf0000-71800bcf2000 r--p 00000000 08:03 2256998                    /usr/lib/x86_64-linux-gnu/libpcre2-8.so.0.10.4
71800bcf2000-71800bd5d000 r-xp 00002000 08:03 2256998                    /usr/lib/x86_64-linux-gnu/libpcre2-8.so.0.10.4
71800bd5d000-71800bd85000 r--p 0006d000 08:03 2256998                    /usr/lib/x86_64-linux-gnu/libpcre2-8.so.0.10.4
71800bd85000-71800bd86000 r--p 00094000 08:03 2256998                    /usr/lib/x86_64-linux-gnu/libpcre2-8.so.0.10.4
71800bd86000-71800bd87000 rw-p 00095000 08:03 2256998                    /usr/lib/x86_64-linux-gnu/libpcre2-8.so.0.10.4
71800bd87000-71800bd8e000 r--p 00000000 08:03 2233468                    /usr/lib/x86_64-linux-gnu/libblkid.so.1.1.0
71800bd8e000-71800bdae000 r-xp 00007000 08:03 2233468                    /usr/lib/x86_64-linux-gnu/libblkid.so.1.1.0
71800bdae000-71800bdb7000 r--p 00027000 08:03 2233468                    /usr/lib/x86_64-linux-gnu/libblkid.so.1.1.0
71800bdb7000-71800bdb8000 ---p 00030000 08:03 2233468                    /usr/lib/x86_64-linux-gnu/libblkid.so.1.1.0
71800bdb8000-71800bdbd000 r--p 00030000 08:03 2233468                    /usr/lib/x86_64-linux-gnu/libblkid.so.1.1.0
71800bdbd000-71800bdbe000 rw-p 00035000 08:03 2233468                    /usr/lib/x86_64-linux-gnu/libblkid.so.1.1.0
71800bdbe000-71800bdd1000 r--p 00000000 08:03 2228612                    /usr/lib/x86_64-linux-gnu/libsystemd.so.0.32.0
71800bdd1000-71800be50000 r-xp 00013000 08:03 2228612                    /usr/lib/x86_64-linux-gnu/libsystemd.so.0.32.0
71800be50000-71800be7b000 r--p 00092000 08:03 2228612                    /usr/lib/x86_64-linux-gnu/libsystemd.so.0.32.0
71800be7b000-71800be7c000 ---p 000bd000 08:03 2228612                    /usr/lib/x86_64-linux-gnu/libsystemd.so.0.32.0
71800be7c000-71800be83000 r--p 000bd000 08:03 2228612                    /usr/lib/x86_64-linux-gnu/libsystemd.so.0.32.0
71800be83000-71800be84000 rw-p 000c4000 08:03 2228612                    /usr/lib/x86_64-linux-gnu/libsystemd.so.0.32.0
71800be84000-71800be85000 rw-p 00000000 00:00 0 
71800be85000-71800be86000 r--p 00000000 08:03 2256131                    /usr/lib/x86_64-linux-gnu/libbrotlidec.so.1.0.9
71800be86000-71800be8e000 r-xp 00001000 08:03 2256131                    /usr/lib/x86_64-linux-gnu/libbrotlidec.so.1.0.9
71800be8e000-71800be91000 r--p 00009000 08:03 2256131                    /usr/lib/x86_64-linux-gnu/libbrotlidec.so.1.0.9
71800be91000-71800be92000 r--p 0000b000 08:03 2256131                    /usr/lib/x86_64-linux-gnu/libbrotlidec.so.1.0.9
71800be92000-71800be93000 rw-p 0000c000 08:03 2256131                    /usr/lib/x86_64-linux-gnu/libbrotlidec.so.1.0.9
71800be93000-71800be95000 r--p 00000000 08:03 2228506                    /usr/lib/x86_64-linux-gnu/libuuid.so.1.3.0
71800be95000-71800be99000 r-xp 00002000 08:03 2228506                    /usr/lib/x86_64-linux-gnu/libuuid.so.1.3.0
71800be99000-71800be9a000 r--p 00006000 08:03 2228506                    /usr/lib/x86_64-linux-gnu/libuuid.so.1.3.0
71800be9a000-71800be9b000 r--p 00006000 08:03 2228506                    /usr/lib/x86_64-linux-gnu/libuuid.so.1.3.0
71800be9b000-71800be9c000 rw-p 00007000 08:03 2228506                    /usr/lib/x86_64-linux-gnu/libuuid.so.1.3.0
71800be9c000-71800bea0000 r--p 00000000 08:03 2237671                    /usr/lib/x86_64-linux-gnu/libexpat.so.1.8.7
71800bea0000-71800bebf000 r-xp 00004000 08:03 2237671                    /usr/lib/x86_64-linux-gnu/libexpat.so.1.8.7
71800bebf000-71800bec9000 r--p 00023000 08:03 2237671                    /usr/lib/x86_64-linux-gnu/libexpat.so.1.8.7
71800bec9000-71800beca000 ---p 0002d000 08:03 2237671                    /usr/lib/x86_64-linux-gnu/libexpat.so.1.8.7
71800beca000-71800becc000 r--p 0002d000 08:03 2237671                    /usr/lib/x86_64-linux-gnu/libexpat.so.1.8.7
71800becc000-71800becd000 rw-p 0002f000 08:03 2237671                    /usr/lib/x86_64-linux-gnu/libexpat.so.1.8.7
71800becd000-71800bed0000 r--p 00000000 08:03 2256550                    /usr/lib/x86_64-linux-gnu/libgraphite2.so.3.2.1
71800bed0000-71800beed000 r-xp 00003000 08:03 2256550                    /usr/lib/x86_64-linux-gnu/libgraphite2.so.3.2.1
71800beed000-71800bef1000 r--p 00020000 08:03 2256550                    /usr/lib/x86_64-linux-gnu/libgraphite2.so.3.2.1
71800bef1000-71800bef3000 r--p 00023000 08:03 2256550                    /usr/lib/x86_64-linux-gnu/libgraphite2.so.3.2.1
71800bef3000-71800bef4000 rw-p 00025000 08:03 2256550                    /usr/lib/x86_64-linux-gnu/libgraphite2.so.3.2.1
71800bef4000-71800bef6000 r--p 00000000 08:03 2256994                    /usr/lib/x86_64-linux-gnu/libpcre.so.3.13.3
71800bef6000-71800bf4b000 r-xp 00002000 08:03 2256994                    /usr/lib/x86_64-linux-gnu/libpcre.so.3.13.3
71800bf4b000-71800bf68000 r--p 00057000 08:03 2256994                    /usr/lib/x86_64-linux-gnu/libpcre.so.3.13.3
71800bf68000-71800bf69000 r--p 00073000 08:03 2256994                    /usr/lib/x86_64-linux-gnu/libpcre.so.3.13.3
71800bf69000-71800bf6a000 rw-p 00074000 08:03 2256994                    /usr/lib/x86_64-linux-gnu/libpcre.so.3.13.3
71800bf6a000-71800bf6c000 r--p 00000000 08:03 2256375                    /usr/lib/x86_64-linux-gnu/libffi.so.8.1.0
71800bf6c000-71800bf73000 r-xp 00002000 08:03 2256375                    /usr/lib/x86_64-linux-gnu/libffi.so.8.1.0
71800bf73000-71800bf74000 r--p 00009000 08:03 2256375                    /usr/lib/x86_64-linux-gnu/libffi.so.8.1.0
71800bf74000-71800bf75000 ---p 0000a000 08:03 2256375                    /usr/lib/x86_64-linux-gnu/libffi.so.8.1.0
71800bf75000-71800bf76000 r--p 0000a000 08:03 2256375                    /usr/lib/x86_64-linux-gnu/libffi.so.8.1.0
71800bf76000-71800bf77000 rw-p 0000b000 08:03 2256375                    /usr/lib/x86_64-linux-gnu/libffi.so.8.1.0
71800bf77000-71800bf79000 r--p 00000000 08:03 2257253                    /usr/lib/x86_64-linux-gnu/libthai.so.0.3.1
71800bf79000-71800bf7d000 r-xp 00002000 08:03 2257253                    /usr/lib/x86_64-linux-gnu/libthai.so.0.3.1
71800bf7d000-71800bf80000 r--p 00006000 08:03 2257253                    /usr/lib/x86_64-linux-gnu/libthai.so.0.3.1
71800bf80000-71800bf81000 r--p 00008000 08:03 2257253                    /usr/lib/x86_64-linux-gnu/libthai.so.0.3.1
71800bf81000-71800bf82000 rw-p 00009000 08:03 2257253                    /usr/lib/x86_64-linux-gnu/libthai.so.0.3.1
71800bf82000-71800bf8a000 r--p 00000000 08:03 2233471                    /usr/lib/x86_64-linux-gnu/libmount.so.1.1.0
71800bf8a000-71800bfb6000 r-xp 00008000 08:03 2233471                    /usr/lib/x86_64-linux-gnu/libmount.so.1.1.0
71800bfb6000-71800bfc3000 r--p 00034000 08:03 2233471                    /usr/lib/x86_64-linux-gnu/libmount.so.1.1.0
71800bfc3000-71800bfc4000 ---p 00041000 08:03 2233471                    /usr/lib/x86_64-linux-gnu/libmount.so.1.1.0
71800bfc4000-71800bfc5000 r--p 00041000 08:03 2233471                    /usr/lib/x86_64-linux-gnu/libmount.so.1.1.0
71800bfc5000-71800bfc6000 rw-p 00042000 08:03 2233471                    /usr/lib/x86_64-linux-gnu/libmount.so.1.1.0
71800bfc6000-71800bfd5000 r--p 00000000 08:03 2256061                    /usr/lib/x86_64-linux-gnu/libatspi.so.0.0.1
71800bfd5000-71800bfee000 r-xp 0000f000 08:03 2256061                    /usr/lib/x86_64-linux-gnu/libatspi.so.0.0.1
71800bfee000-71800bffc000 r--p 00028000 08:03 2256061                    /usr/lib/x86_64-linux-gnu/libatspi.so.0.0.1
71800bffc000-71800bfff000 r--p 00035000 08:03 2256061                    /usr/lib/x86_64-linux-gnu/libatspi.so.0.0.1
71800bfff000-71800c000000 rw-p 00038000 08:03 2256061                    /usr/lib/x86_64-linux-gnu/libatspi.so.0.0.1
71800c000000-71800c63a000 rw-p 00000000 00:00 0 
71800c63a000-718010000000 ---p 00000000 00:00 0 
718010000000-718010bc3000 rw-p 00000000 00:00 0 
718010bc3000-718014000000 ---p 00000000 00:00 0 
718014000000-718014556000 rw-p 00000000 00:00 0 
718014556000-718018000000 ---p 00000000 00:00 0 
718018000000-718018021000 rw-p 00000000 00:00 0 
718018021000-71801c000000 ---p 00000000 00:00 0 
71801c000000-71801c021000 rw-p 00000000 00:00 0 
71801c021000-718020000000 ---p 00000000 00:00 0 
718020000000-7180215a7000 rw-p 00000000 00:00 0 
7180215a7000-718024000000 ---p 00000000 00:00 0 
718024000000-7180264d1000 rw-p 00000000 00:00 0 
7180264d1000-718028000000 ---p 00000000 00:00 0 
718028000000-718028bf0000 rw-p 00000000 00:00 0 
718028bf0000-71802c000000 ---p 00000000 00:00 0 
71802c000000-71802c021000 rw-p 00000000 00:00 0 
71802c021000-718030000000 ---p 00000000 00:00 0 
718030000000-718030021000 rw-p 00000000 00:00 0 
718030021000-718034000000 ---p 00000000 00:00 0 
718034000000-718034021000 rw-p 00000000 00:00 0 
718034021000-718038000000 ---p 00000000 00:00 0 
718038000000-718038021000 rw-p 00000000 00:00 0 
718038021000-71803c000000 ---p 00000000 00:00 0 
71803c000000-71803c3f0000 rw-p 00000000 00:00 0 
71803c3f0000-71803caf0000 rw-p 00000000 00:00 0 
71803caf0000-71803cbf0000 rw-p 00000000 00:00 0 
71803cbf0000-71803cf70000 rw-p 00000000 00:00 0 
71803cf70000-71803cff0000 rw-p 00000000 00:00 0 
71803cff0000-71803d270000 rw-p 00000000 00:00 0 
71803d270000-71803d2f0000 rw-p 00000000 00:00 0 
71803d2f0000-71803d4f0000 rw-p 00000000 00:00 0 
71803d4f0000-71803d570000 rw-p 00000000 00:00 0 
71803d570000-71803d5f0000 rw-p 00000000 00:00 0 
71803d5f0000-71803d6f0000 rw-p 00000000 00:00 0 
71803d6f0000-71803d7f0000 rw-p 00000000 00:00 0 
71803d7f0000-71803daf0000 rw-p 00000000 00:00 0 
71803daf0000-71803dcf0000 rw-p 00000000 00:00 0 
71803dcf0000-71803ddc0000 rw-p 00000000 00:00 0 
71803ddc0000-71803de00000 ---p 00000000 00:00 0 
71803de00000-71803de60000 rw-p 00000000 00:00 0 
71803de60000-718040000000 ---p 00000000 00:00 0 
718040000000-718040021000 rw-p 00000000 00:00 0 
718040021000-718044000000 ---p 00000000 00:00 0 
718044000000-718044022000 rw-p 00000000 00:00 0 
718044022000-718048000000 ---p 00000000 00:00 0 
718048000000-718048021000 rw-p 00000000 00:00 0 
718048021000-71804c000000 ---p 00000000 00:00 0 
71804c000000-71804c035000 rw-p 00000000 00:00 0 
71804c035000-718050000000 ---p 00000000 00:00 0 
718050000000-718050021000 rw-p 00000000 00:00 0 
718050021000-718054000000 ---p 00000000 00:00 0 
718054000000-718054001000 r--s 00000000 08:03 567895                     /var/cache/fontconfig/0a7e56e2-b81e-4880-a3bb-bf7fb34906d6-le64.cache-7
718054001000-718054002000 r--p 00000000 08:03 2238715                    /usr/lib/x86_64-linux-gnu/libgthread-2.0.so.0.7200.4
718054002000-718054003000 r-xp 00001000 08:03 2238715                    /usr/lib/x86_64-linux-gnu/libgthread-2.0.so.0.7200.4
718054003000-718054004000 r--p 00002000 08:03 2238715                    /usr/lib/x86_64-linux-gnu/libgthread-2.0.so.0.7200.4
718054004000-718054005000 r--p 00002000 08:03 2238715                    /usr/lib/x86_64-linux-gnu/libgthread-2.0.so.0.7200.4
718054005000-718054006000 rw-p 00003000 08:03 2238715                    /usr/lib/x86_64-linux-gnu/libgthread-2.0.so.0.7200.4
718054006000-71805400c000 r--p 00000000 08:03 2257150                    /usr/lib/x86_64-linux-gnu/libselinux.so.1
71805400c000-718054026000 r-xp 00006000 08:03 2257150                    /usr/lib/x86_64-linux-gnu/libselinux.so.1
718054026000-71805402d000 r--p 00020000 08:03 2257150                    /usr/lib/x86_64-linux-gnu/libselinux.so.1
71805402d000-71805402e000 ---p 00027000 08:03 2257150                    /usr/lib/x86_64-linux-gnu/libselinux.so.1
71805402e000-71805402f000 r--p 00027000 08:03 2257150                    /usr/lib/x86_64-linux-gnu/libselinux.so.1
71805402f000-718054030000 rw-p 00028000 08:03 2257150                    /usr/lib/x86_64-linux-gnu/libselinux.so.1
718054030000-718054032000 rw-p 00000000 00:00 0 
718054032000-71805403d000 r--p 00000000 08:03 2256241                    /usr/lib/x86_64-linux-gnu/libdbus-1.so.3.19.13
71805403d000-71805406b000 r-xp 0000b000 08:03 2256241                    /usr/lib/x86_64-linux-gnu/libdbus-1.so.3.19.13
71805406b000-71805407d000 r--p 00039000 08:03 2256241                    /usr/lib/x86_64-linux-gnu/libdbus-1.so.3.19.13
71805407d000-71805407e000 ---p 0004b000 08:03 2256241                    /usr/lib/x86_64-linux-gnu/libdbus-1.so.3.19.13
71805407e000-71805407f000 r--p 0004b000 08:03 2256241                    /usr/lib/x86_64-linux-gnu/libdbus-1.so.3.19.13
71805407f000-718054080000 rw-p 0004c000 08:03 2256241                    /usr/lib/x86_64-linux-gnu/libdbus-1.so.3.19.13
718054080000-718054084000 r--p 00000000 08:03 2256740                    /usr/lib/x86_64-linux-gnu/libjpeg.so.8.2.2
718054084000-7180540cd000 r-xp 00004000 08:03 2256740                    /usr/lib/x86_64-linux-gnu/libjpeg.so.8.2.2
7180540cd000-7180540ff000 r--p 0004d000 08:03 2256740                    /usr/lib/x86_64-linux-gnu/libjpeg.so.8.2.2
7180540ff000-718054100000 r--p 0007e000 08:03 2256740                    /usr/lib/x86_64-linux-gnu/libjpeg.so.8.2.2
718054100000-718054101000 rw-p 0007f000 08:03 2256740                    /usr/lib/x86_64-linux-gnu/libjpeg.so.8.2.2
718054101000-718054103000 r--p 00000000 08:03 2257495                    /usr/lib/x86_64-linux-gnu/libz.so.1.2.11
718054103000-718054114000 r-xp 00002000 08:03 2257495                    /usr/lib/x86_64-linux-gnu/libz.so.1.2.11
718054114000-71805411a000 r--p 00013000 08:03 2257495                    /usr/lib/x86_64-linux-gnu/libz.so.1.2.11
71805411a000-71805411b000 ---p 00019000 08:03 2257495                    /usr/lib/x86_64-linux-gnu/libz.so.1.2.11
71805411b000-71805411c000 r--p 00019000 08:03 2257495                    /usr/lib/x86_64-linux-gnu/libz.so.1.2.11
71805411c000-71805411d000 rw-p 0001a000 08:03 2257495                    /usr/lib/x86_64-linux-gnu/libz.so.1.2.11
71805411d000-71805411f000 r--p 00000000 08:03 2255875                    /usr/lib/x86_64-linux-gnu/libXrender.so.1.3.0
71805411f000-718054126000 r-xp 00002000 08:03 2255875                    /usr/lib/x86_64-linux-gnu/libXrender.so.1.3.0
718054126000-718054128000 r--p 00009000 08:03 2255875                    /usr/lib/x86_64-linux-gnu/libXrender.so.1.3.0
718054128000-718054129000 r--p 0000a000 08:03 2255875                    /usr/lib/x86_64-linux-gnu/libXrender.so.1.3.0
718054129000-71805412a000 rw-p 0000b000 08:03 2255875                    /usr/lib/x86_64-linux-gnu/libXrender.so.1.3.0
71805412a000-71805412f000 r--p 00000000 08:03 2257441                    /usr/lib/x86_64-linux-gnu/libxcb-render.so.0.0.0
71805412f000-718054134000 r-xp 00005000 08:03 2257441                    /usr/lib/x86_64-linux-gnu/libxcb-render.so.0.0.0
718054134000-718054136000 r--p 0000a000 08:03 2257441                    /usr/lib/x86_64-linux-gnu/libxcb-render.so.0.0.0
718054136000-718054137000 ---p 0000c000 08:03 2257441                    /usr/lib/x86_64-linux-gnu/libxcb-render.so.0.0.0
718054137000-718054138000 r--p 0000c000 08:03 2257441                    /usr/lib/x86_64-linux-gnu/libxcb-render.so.0.0.0
718054138000-718054139000 rw-p 0000d000 08:03 2257441                    /usr/lib/x86_64-linux-gnu/libxcb-render.so.0.0.0
718054139000-71805413a000 r--p 00000000 08:03 2257447                    /usr/lib/x86_64-linux-gnu/libxcb-shm.so.0.0.0
71805413a000-71805413b000 r-xp 00001000 08:03 2257447                    /usr/lib/x86_64-linux-gnu/libxcb-shm.so.0.0.0
71805413b000-71805413c000 r--p 00002000 08:03 2257447                    /usr/lib/x86_64-linux-gnu/libxcb-shm.so.0.0.0
71805413c000-71805413d000 r--p 00002000 08:03 2257447                    /usr/lib/x86_64-linux-gnu/libxcb-shm.so.0.0.0
71805413d000-71805413e000 rw-p 00003000 08:03 2257447                    /usr/lib/x86_64-linux-gnu/libxcb-shm.so.0.0.0
71805413e000-718054143000 r--p 00000000 08:03 2236773                    /usr/lib/x86_64-linux-gnu/libpng16.so.16.37.0
718054143000-71805416c000 r-xp 00005000 08:03 2236773                    /usr/lib/x86_64-linux-gnu/libpng16.so.16.37.0
71805416c000-718054177000 r--p 0002e000 08:03 2236773                    /usr/lib/x86_64-linux-gnu/libpng16.so.16.37.0
718054177000-718054178000 r--p 00038000 08:03 2236773                    /usr/lib/x86_64-linux-gnu/libpng16.so.16.37.0
718054178000-718054179000 rw-p 00039000 08:03 2236773                    /usr/lib/x86_64-linux-gnu/libpng16.so.16.37.0
718054179000-718054186000 r--p 00000000 08:03 2229380                    /usr/lib/x86_64-linux-gnu/libfreetype.so.6.18.1
718054186000-71805420f000 r-xp 0000d000 08:03 2229380                    /usr/lib/x86_64-linux-gnu/libfreetype.so.6.18.1
71805420f000-718054238000 r--p 00096000 08:03 2229380                    /usr/lib/x86_64-linux-gnu/libfreetype.so.6.18.1
718054238000-718054239000 ---p 000bf000 08:03 2229380                    /usr/lib/x86_64-linux-gnu/libfreetype.so.6.18.1
718054239000-718054240000 r--p 000bf000 08:03 2229380                    /usr/lib/x86_64-linux-gnu/libfreetype.so.6.18.1
718054240000-718054241000 rw-p 000c6000 08:03 2229380                    /usr/lib/x86_64-linux-gnu/libfreetype.so.6.18.1
718054241000-71805424b000 r--p 00000000 08:03 2257018                    /usr/lib/x86_64-linux-gnu/libpixman-1.so.0.40.0
71805424b000-7180542d1000 r-xp 0000a000 08:03 2257018                    /usr/lib/x86_64-linux-gnu/libpixman-1.so.0.40.0
7180542d1000-7180542e3000 r--p 00090000 08:03 2257018                    /usr/lib/x86_64-linux-gnu/libpixman-1.so.0.40.0
7180542e3000-7180542eb000 r--p 000a1000 08:03 2257018                    /usr/lib/x86_64-linux-gnu/libpixman-1.so.0.40.0
7180542eb000-7180542ec000 rw-p 000a9000 08:03 2257018                    /usr/lib/x86_64-linux-gnu/libpixman-1.so.0.40.0
7180542ec000-7180542f0000 r--p 00000000 08:03 2255855                    /usr/lib/x86_64-linux-gnu/libXext.so.6.4.0
7180542f0000-7180542fb000 r-xp 00004000 08:03 2255855                    /usr/lib/x86_64-linux-gnu/libXext.so.6.4.0
7180542fb000-7180542ff000 r--p 0000f000 08:03 2255855                    /usr/lib/x86_64-linux-gnu/libXext.so.6.4.0
7180542ff000-718054300000 r--p 00012000 08:03 2255855                    /usr/lib/x86_64-linux-gnu/libXext.so.6.4.0
718054300000-718054301000 rw-p 00013000 08:03 2255855                    /usr/lib/x86_64-linux-gnu/libXext.so.6.4.0
718054301000-718054306000 r--p 00000000 08:03 2257378                    /usr/lib/x86_64-linux-gnu/libwayland-client.so.0.20.0
718054306000-71805430c000 r-xp 00005000 08:03 2257378                    /usr/lib/x86_64-linux-gnu/libwayland-client.so.0.20.0
71805430c000-71805430e000 r--p 0000b000 08:03 2257378                    /usr/lib/x86_64-linux-gnu/libwayland-client.so.0.20.0
71805430e000-71805430f000 ---p 0000d000 08:03 2257378                    /usr/lib/x86_64-linux-gnu/libwayland-client.so.0.20.0
71805430f000-718054311000 r--p 0000d000 08:03 2257378                    /usr/lib/x86_64-linux-gnu/libwayland-client.so.0.20.0
718054311000-718054312000 rw-p 0000f000 08:03 2257378                    /usr/lib/x86_64-linux-gnu/libwayland-client.so.0.20.0
718054312000-718054314000 r--p 00000000 08:03 2257380                    /usr/lib/x86_64-linux-gnu/libwayland-cursor.so.0.20.0
718054314000-718054316000 r-xp 00002000 08:03 2257380                    /usr/lib/x86_64-linux-gnu/libwayland-cursor.so.0.20.0
718054316000-718054317000 r--p 00004000 08:03 2257380                    /usr/lib/x86_64-linux-gnu/libwayland-cursor.so.0.20.0
718054317000-718054318000 r--p 00004000 08:03 2257380                    /usr/lib/x86_64-linux-gnu/libwayland-cursor.so.0.20.0
718054318000-71805431c000 rw-p 00005000 08:03 2257380                    /usr/lib/x86_64-linux-gnu/libwayland-cursor.so.0.20.0
71805431c000-718054320000 r--p 00000000 08:03 2257465                    /usr/lib/x86_64-linux-gnu/libxkbcommon.so.0.0.0
718054320000-71805433f000 r-xp 00004000 08:03 2257465                    /usr/lib/x86_64-linux-gnu/libxkbcommon.so.0.0.0
71805433f000-718054360000 r--p 00023000 08:03 2257465                    /usr/lib/x86_64-linux-gnu/libxkbcommon.so.0.0.0
718054360000-718054362000 r--p 00043000 08:03 2257465                    /usr/lib/x86_64-linux-gnu/libxkbcommon.so.0.0.0
718054362000-718054363000 rw-p 00045000 08:03 2257465                    /usr/lib/x86_64-linux-gnu/libxkbcommon.so.0.0.0
718054363000-718054365000 r--p 00000000 08:03 2255849                    /usr/lib/x86_64-linux-gnu/libXcursor.so.1.0.2
718054365000-71805436b000 r-xp 00002000 08:03 2255849                    /usr/lib/x86_64-linux-gnu/libXcursor.so.1.0.2
71805436b000-71805436d000 r--p 00008000 08:03 2255849                    /usr/lib/x86_64-linux-gnu/libXcursor.so.1.0.2
71805436d000-71805436e000 r--p 00009000 08:03 2255849                    /usr/lib/x86_64-linux-gnu/libXcursor.so.1.0.2
71805436e000-71805436f000 rw-p 0000a000 08:03 2255849                    /usr/lib/x86_64-linux-gnu/libXcursor.so.1.0.2
71805436f000-718054376000 r--p 00000000 08:03 2256387                    /usr/lib/x86_64-linux-gnu/libfontconfig.so.1.12.0
718054376000-71805439f000 r-xp 00007000 08:03 2256387                    /usr/lib/x86_64-linux-gnu/libfontconfig.so.1.12.0
71805439f000-7180543b5000 r--p 00030000 08:03 2256387                    /usr/lib/x86_64-linux-gnu/libfontconfig.so.1.12.0
7180543b5000-7180543b6000 ---p 00046000 08:03 2256387                    /usr/lib/x86_64-linux-gnu/libfontconfig.so.1.12.0
7180543b6000-7180543b8000 r--p 00046000 08:03 2256387                    /usr/lib/x86_64-linux-gnu/libfontconfig.so.1.12.0
7180543b8000-7180543b9000 rw-p 00048000 08:03 2256387                    /usr/lib/x86_64-linux-gnu/libfontconfig.so.1.12.0
7180543b9000-7180543c2000 r--p 00000000 08:03 2238456                    /usr/lib/x86_64-linux-gnu/libharfbuzz.so.0.20704.0
7180543c2000-718054453000 r-xp 00009000 08:03 2238456                    /usr/lib/x86_64-linux-gnu/libharfbuzz.so.0.20704.0
718054453000-718054485000 r--p 0009a000 08:03 2238456                    /usr/lib/x86_64-linux-gnu/libharfbuzz.so.0.20704.0
718054485000-718054486000 ---p 000cc000 08:03 2238456                    /usr/lib/x86_64-linux-gnu/libharfbuzz.so.0.20704.0
718054486000-718054487000 r--p 000cc000 08:03 2238456                    /usr/lib/x86_64-linux-gnu/libharfbuzz.so.0.20704.0
718054487000-718054488000 rw-p 000cd000 08:03 2238456                    /usr/lib/x86_64-linux-gnu/libharfbuzz.so.0.20704.0
718054488000-7180544a5000 r--p 00000000 08:03 2229511                    /usr/lib/x86_64-linux-gnu/libglib-2.0.so.0.7200.4
7180544a5000-718054535000 r-xp 0001d000 08:03 2229511                    /usr/lib/x86_64-linux-gnu/libglib-2.0.so.0.7200.4
718054535000-7180545bf000 r--p 000ad000 08:03 2229511                    /usr/lib/x86_64-linux-gnu/libglib-2.0.so.0.7200.4
7180545bf000-7180545c0000 ---p 00137000 08:03 2229511                    /usr/lib/x86_64-linux-gnu/libglib-2.0.so.0.7200.4
7180545c0000-7180545c1000 r--p 00137000 08:03 2229511                    /usr/lib/x86_64-linux-gnu/libglib-2.0.so.0.7200.4
7180545c1000-7180545c2000 rw-p 00138000 08:03 2229511                    /usr/lib/x86_64-linux-gnu/libglib-2.0.so.0.7200.4
7180545c2000-7180545c3000 rw-p 00000000 00:00 0 
7180545c3000-7180545d2000 r--p 00000000 08:03 2233382                    /usr/lib/x86_64-linux-gnu/libgobject-2.0.so.0.7200.4
7180545d2000-718054605000 r-xp 0000f000 08:03 2233382                    /usr/lib/x86_64-linux-gnu/libgobject-2.0.so.0.7200.4
718054605000-71805461f000 r--p 00042000 08:03 2233382                    /usr/lib/x86_64-linux-gnu/libgobject-2.0.so.0.7200.4
71805461f000-718054622000 r--p 0005b000 08:03 2233382                    /usr/lib/x86_64-linux-gnu/libgobject-2.0.so.0.7200.4
718054622000-718054623000 rw-p 0005e000 08:03 2233382                    /usr/lib/x86_64-linux-gnu/libgobject-2.0.so.0.7200.4
718054623000-718054635000 r--p 00000000 08:03 2256967                    /usr/lib/x86_64-linux-gnu/libpango-1.0.so.0.5000.6
718054635000-71805466a000 r-xp 00012000 08:03 2256967                    /usr/lib/x86_64-linux-gnu/libpango-1.0.so.0.5000.6
71805466a000-718054685000 r--p 00047000 08:03 2256967                    /usr/lib/x86_64-linux-gnu/libpango-1.0.so.0.5000.6
718054685000-718054689000 r--p 00061000 08:03 2256967                    /usr/lib/x86_64-linux-gnu/libpango-1.0.so.0.5000.6
718054689000-71805468a000 rw-p 00065000 08:03 2256967                    /usr/lib/x86_64-linux-gnu/libpango-1.0.so.0.5000.6
71805468a000-718054691000 r--p 00000000 08:03 2256971                    /usr/lib/x86_64-linux-gnu/libpangoft2-1.0.so.0.5000.6
718054691000-71805469e000 r-xp 00007000 08:03 2256971                    /usr/lib/x86_64-linux-gnu/libpangoft2-1.0.so.0.5000.6
71805469e000-7180546a2000 r--p 00014000 08:03 2256971                    /usr/lib/x86_64-linux-gnu/libpangoft2-1.0.so.0.5000.6
7180546a2000-7180546a3000 ---p 00018000 08:03 2256971                    /usr/lib/x86_64-linux-gnu/libpangoft2-1.0.so.0.5000.6
7180546a3000-7180546a4000 r--p 00018000 08:03 2256971                    /usr/lib/x86_64-linux-gnu/libpangoft2-1.0.so.0.5000.6
7180546a4000-7180546a5000 rw-p 00019000 08:03 2256971                    /usr/lib/x86_64-linux-gnu/libpangoft2-1.0.so.0.5000.6
7180546a5000-7180546dd000 r--p 00000000 08:03 2229457                    /usr/lib/x86_64-linux-gnu/libgio-2.0.so.0.7200.4
7180546dd000-7180547ef000 r-xp 00038000 08:03 2229457                    /usr/lib/x86_64-linux-gnu/libgio-2.0.so.0.7200.4
7180547ef000-718054875000 r--p 0014a000 08:03 2229457                    /usr/lib/x86_64-linux-gnu/libgio-2.0.so.0.7200.4
718054875000-71805487d000 r--p 001cf000 08:03 2229457                    /usr/lib/x86_64-linux-gnu/libgio-2.0.so.0.7200.4
71805487d000-71805487e000 rw-p 001d7000 08:03 2229457                    /usr/lib/x86_64-linux-gnu/libgio-2.0.so.0.7200.4
71805487e000-718054880000 rw-p 00000000 00:00 0 
718054880000-718054882000 r--p 00000000 08:03 2256413                    /usr/lib/x86_64-linux-gnu/libfribidi.so.0.4.0
718054882000-718054885000 r-xp 00002000 08:03 2256413                    /usr/lib/x86_64-linux-gnu/libfribidi.so.0.4.0
718054885000-71805489a000 r--p 00005000 08:03 2256413                    /usr/lib/x86_64-linux-gnu/libfribidi.so.0.4.0
71805489a000-71805489b000 r--p 00019000 08:03 2256413                    /usr/lib/x86_64-linux-gnu/libfribidi.so.0.4.0
71805489b000-71805489c000 rw-p 0001a000 08:03 2256413                    /usr/lib/x86_64-linux-gnu/libfribidi.so.0.4.0
71805489c000-7180548fc000 r--p 00000000 08:03 2256337                    /usr/lib/x86_64-linux-gnu/libepoxy.so.0.0.0
7180548fc000-718054965000 r-xp 00060000 08:03 2256337                    /usr/lib/x86_64-linux-gnu/libepoxy.so.0.0.0
718054965000-7180549c2000 r--p 000c9000 08:03 2256337                    /usr/lib/x86_64-linux-gnu/libepoxy.so.0.0.0
7180549c2000-7180549ca000 r--p 00125000 08:03 2256337                    /usr/lib/x86_64-linux-gnu/libepoxy.so.0.0.0
7180549ca000-7180549d1000 rw-p 0012d000 08:03 2256337                    /usr/lib/x86_64-linux-gnu/libepoxy.so.0.0.0
7180549d1000-7180549e3000 r--p 00000000 08:03 2236044                    /usr/lib/x86_64-linux-gnu/libcairo.so.2.11600.0
7180549e3000-718054ab6000 r-xp 00012000 08:03 2236044                    /usr/lib/x86_64-linux-gnu/libcairo.so.2.11600.0
718054ab6000-718054af3000 r--p 000e5000 08:03 2236044                    /usr/lib/x86_64-linux-gnu/libcairo.so.2.11600.0
718054af3000-718054af7000 r--p 00121000 08:03 2236044                    /usr/lib/x86_64-linux-gnu/libcairo.so.2.11600.0
718054af7000-718054af8000 rw-p 00125000 08:03 2236044                    /usr/lib/x86_64-linux-gnu/libcairo.so.2.11600.0
718054af8000-718054af9000 rw-p 00000000 00:00 0 
718054af9000-718054b24000 r--p 00000000 08:03 2256461                    /usr/lib/x86_64-linux-gnu/libgdk-3.so.0.2404.29
718054b24000-718054ba7000 r-xp 0002b000 08:03 2256461                    /usr/lib/x86_64-linux-gnu/libgdk-3.so.0.2404.29
718054ba7000-718054bf4000 r--p 000ae000 08:03 2256461                    /usr/lib/x86_64-linux-gnu/libgdk-3.so.0.2404.29
718054bf4000-718054bfd000 r--p 000fa000 08:03 2256461                    /usr/lib/x86_64-linux-gnu/libgdk-3.so.0.2404.29
718054bfd000-718054bff000 rw-p 00103000 08:03 2256461                    /usr/lib/x86_64-linux-gnu/libgdk-3.so.0.2404.29
718054bff000-718054c00000 rw-p 00000000 00:00 0 
718054c00000-718054c84000 r--p 00000000 08:03 2256610                    /usr/lib/x86_64-linux-gnu/libgtk-3.so.0.2404.29
718054c84000-718055007000 r-xp 00084000 08:03 2256610                    /usr/lib/x86_64-linux-gnu/libgtk-3.so.0.2404.29
718055007000-718055412000 r--p 00407000 08:03 2256610                    /usr/lib/x86_64-linux-gnu/libgtk-3.so.0.2404.29
718055412000-718055422000 r--p 00811000 08:03 2256610                    /usr/lib/x86_64-linux-gnu/libgtk-3.so.0.2404.29
718055422000-718055424000 rw-p 00821000 08:03 2256610                    /usr/lib/x86_64-linux-gnu/libgtk-3.so.0.2404.29
718055424000-718055429000 rw-p 00000000 00:00 0 
718055429000-71805542a000 r--p 00000000 08:03 2257382                    /usr/lib/x86_64-linux-gnu/libwayland-egl.so.1.20.0
71805542a000-71805542b000 r-xp 00001000 08:03 2257382                    /usr/lib/x86_64-linux-gnu/libwayland-egl.so.1.20.0
71805542b000-71805542c000 r--p 00002000 08:03 2257382                    /usr/lib/x86_64-linux-gnu/libwayland-egl.so.1.20.0
71805542c000-71805542d000 r--p 00002000 08:03 2257382                    /usr/lib/x86_64-linux-gnu/libwayland-egl.so.1.20.0
71805542d000-71805542e000 rw-p 00003000 08:03 2257382                    /usr/lib/x86_64-linux-gnu/libwayland-egl.so.1.20.0
71805542e000-71805543a000 r--p 00000000 08:03 2256051                    /usr/lib/x86_64-linux-gnu/libatk-bridge-2.0.so.0.0.0
71805543a000-718055453000 r-xp 0000c000 08:03 2256051                    /usr/lib/x86_64-linux-gnu/libatk-bridge-2.0.so.0.0.0
718055453000-718055462000 r--p 00025000 08:03 2256051                    /usr/lib/x86_64-linux-gnu/libatk-bridge-2.0.so.0.0.0
718055462000-718055463000 ---p 00034000 08:03 2256051                    /usr/lib/x86_64-linux-gnu/libatk-bridge-2.0.so.0.0.0
718055463000-718055464000 r--p 00034000 08:03 2256051                    /usr/lib/x86_64-linux-gnu/libatk-bridge-2.0.so.0.0.0
718055464000-718055466000 rw-p 00035000 08:03 2256051                    /usr/lib/x86_64-linux-gnu/libatk-bridge-2.0.so.0.0.0
718055466000-718055471000 r--p 00000000 08:03 2256049                    /usr/lib/x86_64-linux-gnu/libatk-1.0.so.0.23609.1
718055471000-718055480000 r-xp 0000b000 08:03 2256049                    /usr/lib/x86_64-linux-gnu/libatk-1.0.so.0.23609.1
718055480000-71805548c000 r--p 0001a000 08:03 2256049                    /usr/lib/x86_64-linux-gnu/libatk-1.0.so.0.23609.1
71805548c000-71805548f000 r--p 00025000 08:03 2256049                    /usr/lib/x86_64-linux-gnu/libatk-1.0.so.0.23609.1
71805548f000-718055490000 rw-p 00028000 08:03 2256049                    /usr/lib/x86_64-linux-gnu/libatk-1.0.so.0.23609.1
718055490000-718055498000 r--p 00000000 08:03 2236115                    /usr/lib/x86_64-linux-gnu/libgdk_pixbuf-2.0.so.0.4200.8
718055498000-7180554b3000 r-xp 00008000 08:03 2236115                    /usr/lib/x86_64-linux-gnu/libgdk_pixbuf-2.0.so.0.4200.8
7180554b3000-7180554bd000 r--p 00023000 08:03 2236115                    /usr/lib/x86_64-linux-gnu/libgdk_pixbuf-2.0.so.0.4200.8
7180554bd000-7180554be000 ---p 0002d000 08:03 2236115                    /usr/lib/x86_64-linux-gnu/libgdk_pixbuf-2.0.so.0.4200.8
7180554be000-7180554bf000 r--p 0002d000 08:03 2236115                    /usr/lib/x86_64-linux-gnu/libgdk_pixbuf-2.0.so.0.4200.8
7180554bf000-7180554c0000 rw-p 0002e000 08:03 2236115                    /usr/lib/x86_64-linux-gnu/libgdk_pixbuf-2.0.so.0.4200.8
7180554c0000-7180554d9000 r--p 00000000 08:03 2255838                    /usr/lib/x86_64-linux-gnu/libX11.so.6.4.0
7180554d9000-718055565000 r-xp 00019000 08:03 2255838                    /usr/lib/x86_64-linux-gnu/libX11.so.6.4.0
718055565000-7180555fa000 r--p 000a5000 08:03 2255838                    /usr/lib/x86_64-linux-gnu/libX11.so.6.4.0
7180555fa000-7180555fb000 ---p 0013a000 08:03 2255838                    /usr/lib/x86_64-linux-gnu/libX11.so.6.4.0
7180555fb000-7180555fc000 r--p 0013a000 08:03 2255838                    /usr/lib/x86_64-linux-gnu/libX11.so.6.4.0
7180555fc000-718055600000 rw-p 0013b000 08:03 2255838                    /usr/lib/x86_64-linux-gnu/libX11.so.6.4.0
718055600000-718055604000 ---p 00000000 00:00 0 
718055604000-718055700000 rw-p 00000000 00:00 0 
718055700000-718055704000 ---p 00000000 00:00 0 
718055704000-718055800000 rw-p 00000000 00:00 0 
718055800000-718055ff1000 r--p 00000000 08:03 2230508                    /usr/lib/locale/locale-archive
718055ff1000-718055ff2000 r--s 00000000 08:03 567908                     /var/cache/fontconfig/3e1dc2e5-0510-4234-89da-f6c1b62baaa1-le64.cache-7
718055ff2000-718055ff3000 r--s 00000000 08:03 567909                     /var/cache/fontconfig/405c1d8a-685e-4f43-a05b-1c5c2ee38b37-le64.cache-7
718055ff3000-718055ff5000 r--p 00000000 08:03 2255873                    /usr/lib/x86_64-linux-gnu/libXrandr.so.2.2.0
718055ff5000-718055ffc000 r-xp 00002000 08:03 2255873                    /usr/lib/x86_64-linux-gnu/libXrandr.so.2.2.0
718055ffc000-718055ffe000 r--p 00009000 08:03 2255873                    /usr/lib/x86_64-linux-gnu/libXrandr.so.2.2.0
718055ffe000-718055fff000 r--p 0000a000 08:03 2255873                    /usr/lib/x86_64-linux-gnu/libXrandr.so.2.2.0
718055fff000-718056000000 rw-p 0000b000 08:03 2255873                    /usr/lib/x86_64-linux-gnu/libXrandr.so.2.2.0
718056000000-718058000000 rw-p 00000000 00:00 0 
718058000000-718058021000 rw-p 00000000 00:00 0 
718058021000-71805c000000 ---p 00000000 00:00 0 
71805c000000-71805c021000 rw-p 00000000 00:00 0 
71805c021000-718060000000 ---p 00000000 00:00 0 
718060000000-718060026000 rw-p 00000000 00:00 0 
718060026000-718064000000 ---p 00000000 00:00 0 
718064000000-718064004000 ---p 00000000 00:00 0 
718064004000-718064100000 rw-p 00000000 00:00 0 
718064100000-718064104000 ---p 00000000 00:00 0 
718064104000-718064200000 rw-p 00000000 00:00 0 
718064200000-718064204000 ---p 00000000 00:00 0 
718064204000-718064300000 rw-p 00000000 00:00 0 
718064300000-718064304000 ---p 00000000 00:00 0 
718064304000-718064400000 rw-p 00000000 00:00 0 
718064400000-718064f50000 rwxp 00000000 00:00 0 
718064f50000-71806b937000 ---p 00000000 00:00 0 
71806b937000-71806bba7000 rwxp 00000000 00:00 0 
71806bba7000-71806bec8000 ---p 00000000 00:00 0 
71806bec8000-71806c1e8000 rwxp 00000000 00:00 0 
71806c1e8000-718073400000 ---p 00000000 00:00 0 
718073400000-71807bf22000 r--s 00000000 08:03 3914                       /home/pi-dev/.jdks/temurin-25.0.2/lib/modules
71807bf22000-71807bf23000 r--s 00000000 08:03 567946                     /var/cache/fontconfig/cc039901-865d-4a52-9ed6-e1086a473dce-le64.cache-7
71807bf23000-71807bf24000 r--p 00000000 08:03 2255851                    /usr/lib/x86_64-linux-gnu/libXdamage.so.1.1.0
71807bf24000-71807bf25000 r-xp 00001000 08:03 2255851                    /usr/lib/x86_64-linux-gnu/libXdamage.so.1.1.0
71807bf25000-71807bf26000 r--p 00002000 08:03 2255851                    /usr/lib/x86_64-linux-gnu/libXdamage.so.1.1.0
71807bf26000-71807bf27000 r--p 00002000 08:03 2255851                    /usr/lib/x86_64-linux-gnu/libXdamage.so.1.1.0
71807bf27000-71807bf28000 rw-p 00003000 08:03 2255851                    /usr/lib/x86_64-linux-gnu/libXdamage.so.1.1.0
71807bf28000-71807bf29000 r--p 00000000 08:03 2255847                    /usr/lib/x86_64-linux-gnu/libXcomposite.so.1.0.0
71807bf29000-71807bf2a000 r-xp 00001000 08:03 2255847                    /usr/lib/x86_64-linux-gnu/libXcomposite.so.1.0.0
71807bf2a000-71807bf2b000 r--p 00002000 08:03 2255847                    /usr/lib/x86_64-linux-gnu/libXcomposite.so.1.0.0
71807bf2b000-71807bf2c000 r--p 00002000 08:03 2255847                    /usr/lib/x86_64-linux-gnu/libXcomposite.so.1.0.0
71807bf2c000-71807bf2d000 rw-p 00003000 08:03 2255847                    /usr/lib/x86_64-linux-gnu/libXcomposite.so.1.0.0
71807bf2d000-71807bf31000 r--p 00000000 08:03 2236042                    /usr/lib/x86_64-linux-gnu/libcairo-gobject.so.2.11600.0
71807bf31000-71807bf33000 r-xp 00004000 08:03 2236042                    /usr/lib/x86_64-linux-gnu/libcairo-gobject.so.2.11600.0
71807bf33000-71807bf35000 r--p 00006000 08:03 2236042                    /usr/lib/x86_64-linux-gnu/libcairo-gobject.so.2.11600.0
71807bf35000-71807bf36000 ---p 00008000 08:03 2236042                    /usr/lib/x86_64-linux-gnu/libcairo-gobject.so.2.11600.0
71807bf36000-71807bf38000 r--p 00008000 08:03 2236042                    /usr/lib/x86_64-linux-gnu/libcairo-gobject.so.2.11600.0
71807bf38000-71807bf39000 rw-p 0000a000 08:03 2236042                    /usr/lib/x86_64-linux-gnu/libcairo-gobject.so.2.11600.0
71807bf39000-71807bf3b000 r--p 00000000 08:03 2255857                    /usr/lib/x86_64-linux-gnu/libXfixes.so.3.1.0
71807bf3b000-71807bf3e000 r-xp 00002000 08:03 2255857                    /usr/lib/x86_64-linux-gnu/libXfixes.so.3.1.0
71807bf3e000-71807bf3f000 r--p 00005000 08:03 2255857                    /usr/lib/x86_64-linux-gnu/libXfixes.so.3.1.0
71807bf3f000-71807bf40000 r--p 00006000 08:03 2255857                    /usr/lib/x86_64-linux-gnu/libXfixes.so.3.1.0
71807bf40000-71807bf41000 rw-p 00007000 08:03 2255857                    /usr/lib/x86_64-linux-gnu/libXfixes.so.3.1.0
71807bf41000-71807bf44000 r--p 00000000 08:03 2255863                    /usr/lib/x86_64-linux-gnu/libXi.so.6.1.0
71807bf44000-71807bf50000 r-xp 00003000 08:03 2255863                    /usr/lib/x86_64-linux-gnu/libXi.so.6.1.0
71807bf50000-71807bf53000 r--p 0000f000 08:03 2255863                    /usr/lib/x86_64-linux-gnu/libXi.so.6.1.0
71807bf53000-71807bf54000 r--p 00011000 08:03 2255863                    /usr/lib/x86_64-linux-gnu/libXi.so.6.1.0
71807bf54000-71807bf55000 rw-p 00012000 08:03 2255863                    /usr/lib/x86_64-linux-gnu/libXi.so.6.1.0
71807bf55000-71807bf5a000 r--p 00000000 08:03 2256969                    /usr/lib/x86_64-linux-gnu/libpangocairo-1.0.so.0.5000.6
71807bf5a000-71807bf62000 r-xp 00005000 08:03 2256969                    /usr/lib/x86_64-linux-gnu/libpangocairo-1.0.so.0.5000.6
71807bf62000-71807bf64000 r--p 0000d000 08:03 2256969                    /usr/lib/x86_64-linux-gnu/libpangocairo-1.0.so.0.5000.6
71807bf64000-71807bf65000 ---p 0000f000 08:03 2256969                    /usr/lib/x86_64-linux-gnu/libpangocairo-1.0.so.0.5000.6
71807bf65000-71807bf66000 r--p 0000f000 08:03 2256969                    /usr/lib/x86_64-linux-gnu/libpangocairo-1.0.so.0.5000.6
71807bf66000-71807bf67000 rw-p 00010000 08:03 2256969                    /usr/lib/x86_64-linux-gnu/libpangocairo-1.0.so.0.5000.6
71807bf67000-71807bf69000 r--p 00000000 08:03 2256801                    /usr/lib/x86_64-linux-gnu/libmd.so.0.0.5
71807bf69000-71807bf70000 r-xp 00002000 08:03 2256801                    /usr/lib/x86_64-linux-gnu/libmd.so.0.0.5
71807bf70000-71807bf72000 r--p 00009000 08:03 2256801                    /usr/lib/x86_64-linux-gnu/libmd.so.0.0.5
71807bf72000-71807bf73000 r--p 0000a000 08:03 2256801                    /usr/lib/x86_64-linux-gnu/libmd.so.0.0.5
71807bf73000-71807bf74000 rw-p 0000b000 08:03 2256801                    /usr/lib/x86_64-linux-gnu/libmd.so.0.0.5
71807bf74000-71807bf78000 r--p 00000000 08:03 2256135                    /usr/lib/x86_64-linux-gnu/libbsd.so.0.11.5
71807bf78000-71807bf85000 r-xp 00004000 08:03 2256135                    /usr/lib/x86_64-linux-gnu/libbsd.so.0.11.5
71807bf85000-71807bf88000 r--p 00011000 08:03 2256135                    /usr/lib/x86_64-linux-gnu/libbsd.so.0.11.5
71807bf88000-71807bf89000 ---p 00014000 08:03 2256135                    /usr/lib/x86_64-linux-gnu/libbsd.so.0.11.5
71807bf89000-71807bf8a000 r--p 00014000 08:03 2256135                    /usr/lib/x86_64-linux-gnu/libbsd.so.0.11.5
71807bf8a000-71807bf8b000 rw-p 00015000 08:03 2256135                    /usr/lib/x86_64-linux-gnu/libbsd.so.0.11.5
71807bf8b000-71807bf8c000 rw-p 00000000 00:00 0 
71807bf8c000-71807bf8e000 r--p 00000000 08:03 2255853                    /usr/lib/x86_64-linux-gnu/libXdmcp.so.6.0.0
71807bf8e000-71807bf90000 r-xp 00002000 08:03 2255853                    /usr/lib/x86_64-linux-gnu/libXdmcp.so.6.0.0
71807bf90000-71807bf92000 r--p 00004000 08:03 2255853                    /usr/lib/x86_64-linux-gnu/libXdmcp.so.6.0.0
71807bf92000-71807bf93000 r--p 00005000 08:03 2255853                    /usr/lib/x86_64-linux-gnu/libXdmcp.so.6.0.0
71807bf93000-71807bf94000 rw-p 00006000 08:03 2255853                    /usr/lib/x86_64-linux-gnu/libXdmcp.so.6.0.0
71807bf94000-71807bf9f000 r--p 00000000 08:03 2257459                    /usr/lib/x86_64-linux-gnu/libxcb.so.1.1.0
71807bf9f000-71807bfb3000 r-xp 0000b000 08:03 2257459                    /usr/lib/x86_64-linux-gnu/libxcb.so.1.1.0
71807bfb3000-71807bfbc000 r--p 0001f000 08:03 2257459                    /usr/lib/x86_64-linux-gnu/libxcb.so.1.1.0
71807bfbc000-71807bfbd000 r--p 00027000 08:03 2257459                    /usr/lib/x86_64-linux-gnu/libxcb.so.1.1.0
71807bfbd000-71807bfbe000 rw-p 00028000 08:03 2257459                    /usr/lib/x86_64-linux-gnu/libxcb.so.1.1.0
71807bfbe000-71807bfbf000 r--p 00000000 08:03 3907                       /home/pi-dev/.jdks/temurin-25.0.2/lib/libsimdsort.so
71807bfbf000-71807bff8000 r-xp 00001000 08:03 3907                       /home/pi-dev/.jdks/temurin-25.0.2/lib/libsimdsort.so
71807bff8000-71807bffe000 r--p 0003a000 08:03 3907                       /home/pi-dev/.jdks/temurin-25.0.2/lib/libsimdsort.so
71807bffe000-71807bfff000 r--p 0003f000 08:03 3907                       /home/pi-dev/.jdks/temurin-25.0.2/lib/libsimdsort.so
71807bfff000-71807c000000 rw-p 00040000 08:03 3907                       /home/pi-dev/.jdks/temurin-25.0.2/lib/libsimdsort.so
71807c000000-71807c197000 rw-p 00000000 00:00 0 
71807c197000-718080000000 ---p 00000000 00:00 0 
718080000000-718080001000 r--p 00000000 08:03 2255865                    /usr/lib/x86_64-linux-gnu/libXinerama.so.1.0.0
718080001000-718080002000 r-xp 00001000 08:03 2255865                    /usr/lib/x86_64-linux-gnu/libXinerama.so.1.0.0
718080002000-718080003000 r--p 00002000 08:03 2255865                    /usr/lib/x86_64-linux-gnu/libXinerama.so.1.0.0
718080003000-718080004000 r--p 00003000 08:03 2255865                    /usr/lib/x86_64-linux-gnu/libXinerama.so.1.0.0
718080004000-718080005000 rw-p 00004000 08:03 2255865                    /usr/lib/x86_64-linux-gnu/libXinerama.so.1.0.0
718080005000-718080007000 r--p 00000000 08:03 2259003                    /usr/lib/x86_64-linux-gnu/gtk-3.0/modules/libcanberra-gtk3-module.so
718080007000-71808000a000 r-xp 00002000 08:03 2259003                    /usr/lib/x86_64-linux-gnu/gtk-3.0/modules/libcanberra-gtk3-module.so
71808000a000-71808000b000 r--p 00005000 08:03 2259003                    /usr/lib/x86_64-linux-gnu/gtk-3.0/modules/libcanberra-gtk3-module.so
71808000b000-71808000c000 ---p 00006000 08:03 2259003                    /usr/lib/x86_64-linux-gnu/gtk-3.0/modules/libcanberra-gtk3-module.so
71808000c000-71808000d000 r--p 00006000 08:03 2259003                    /usr/lib/x86_64-linux-gnu/gtk-3.0/modules/libcanberra-gtk3-module.so
71808000d000-71808000e000 rw-p 00007000 08:03 2259003                    /usr/lib/x86_64-linux-gnu/gtk-3.0/modules/libcanberra-gtk3-module.so
71808000e000-718080015000 r--s 00000000 08:03 2237513                    /usr/lib/x86_64-linux-gnu/gconv/gconv-modules.cache
718080015000-718080019000 ---p 00000000 00:00 0 
718080019000-718080115000 rw-p 00000000 00:00 0 
718080115000-718080119000 ---p 00000000 00:00 0 
718080119000-718080215000 rw-p 00000000 00:00 0 
718080215000-718080219000 ---p 00000000 00:00 0 
718080219000-718080315000 rw-p 00000000 00:00 0 
718080315000-718080319000 ---p 00000000 00:00 0 
718080319000-718080415000 rw-p 00000000 00:00 0 
718080415000-718080419000 ---p 00000000 00:00 0 
718080419000-718080515000 rw-p 00000000 00:00 0 
718080515000-718080519000 ---p 00000000 00:00 0 
718080519000-718080615000 rw-p 00000000 00:00 0 
718080615000-7180806f1000 rw-p 00000000 00:00 0 
7180806f1000-7180806f2000 ---p 00000000 00:00 0 
7180806f2000-7180806f6000 ---p 00000000 00:00 0 
7180806f6000-7180807f2000 rw-p 00000000 00:00 0 
7180807f2000-7180807f3000 ---p 00000000 00:00 0 
7180807f3000-7180808f3000 rw-p 00000000 00:00 0 
7180808f3000-7180808f4000 ---p 00000000 00:00 0 
7180808f4000-7180809f4000 rw-p 00000000 00:00 0 
7180809f4000-7180809f5000 ---p 00000000 00:00 0 
7180809f5000-718080af5000 rw-p 00000000 00:00 0 
718080af5000-718080af6000 ---p 00000000 00:00 0 
718080af6000-718080bf6000 rw-p 00000000 00:00 0 
718080bf6000-7180813fe000 rw-p 00000000 00:00 0 
7180813fe000-7180813ff000 ---p 00000000 00:00 0 
7180813ff000-7180814ff000 rw-p 00000000 00:00 0 
7180814ff000-718081500000 ---p 00000000 00:00 0 
718081500000-718081600000 rw-p 00000000 00:00 0 
718081600000-718081800000 rw-p 00000000 00:00 0 
718081800000-718081df0000 ---p 00000000 00:00 0 
718081df0000-718081e00000 rw-p 00000000 00:00 0 
718081e00000-718081e03000 r--p 00000000 08:03 1851292                    /home/pi-dev/.config/dconf/user
718081e03000-718081e05000 r--p 00000000 08:03 3911                       /home/pi-dev/.jdks/temurin-25.0.2/lib/libzip.so
718081e05000-718081e17000 r-xp 00002000 08:03 3911                       /home/pi-dev/.jdks/temurin-25.0.2/lib/libzip.so
718081e17000-718081e1f000 r--p 00014000 08:03 3911                       /home/pi-dev/.jdks/temurin-25.0.2/lib/libzip.so
718081e1f000-718081e20000 r--p 0001b000 08:03 3911                       /home/pi-dev/.jdks/temurin-25.0.2/lib/libzip.so
718081e20000-718081e21000 rw-p 0001c000 08:03 3911                       /home/pi-dev/.jdks/temurin-25.0.2/lib/libzip.so
718081e21000-718081e22000 ---p 00000000 00:00 0 
718081e22000-718081f22000 rw-p 00000000 00:00 0 
718081f22000-718081f62000 rw-p 00000000 00:00 0 
718081f62000-718082020000 ---p 00000000 00:00 0 
718082020000-718082062000 rw-p 00000000 00:00 0 
718082062000-718082120000 ---p 00000000 00:00 0 
718082120000-718082931000 rw-p 00000000 00:00 0 
718082931000-718082a15000 ---p 00000000 00:00 0 
718082a15000-718082a2c000 rw-p 00000000 00:00 0 
718082a2c000-718082b00000 ---p 00000000 00:00 0 
718082b00000-718082b04000 ---p 00000000 00:00 0 
718082b04000-718082c00000 rw-p 00000000 00:00 0 
718082c00000-718082ee2000 r--p 00000000 08:03 3923                       /home/pi-dev/.jdks/temurin-25.0.2/lib/server/libjvm.so
718082ee2000-718083ee2000 r-xp 002e2000 08:03 3923                       /home/pi-dev/.jdks/temurin-25.0.2/lib/server/libjvm.so
718083ee2000-7180841f2000 r--p 012e2000 08:03 3923                       /home/pi-dev/.jdks/temurin-25.0.2/lib/server/libjvm.so
7180841f2000-7180842dd000 r--p 015f2000 08:03 3923                       /home/pi-dev/.jdks/temurin-25.0.2/lib/server/libjvm.so
7180842dd000-718084308000 rw-p 016dd000 08:03 3923                       /home/pi-dev/.jdks/temurin-25.0.2/lib/server/libjvm.so
718084308000-718084384000 rw-p 00000000 00:00 0 
718084384000-718084385000 r--s 00000000 08:03 567952                     /var/cache/fontconfig/daba86dd-2f03-4399-bc14-2f86693f8871-le64.cache-7
718084385000-718084388000 r--p 00000000 08:03 668963                     /usr/share/locale-langpack/fr/LC_MESSAGES/atk10.mo
718084388000-718084397000 r-xp 00000000 08:03 9618                       /home/pi-dev/.openjfx/cache/21.0.6+3/amd64/libprism_sw.so
718084397000-718084398000 r--p 0000e000 08:03 9618                       /home/pi-dev/.openjfx/cache/21.0.6+3/amd64/libprism_sw.so
718084398000-718084399000 rw-p 0000f000 08:03 9618                       /home/pi-dev/.openjfx/cache/21.0.6+3/amd64/libprism_sw.so
718084399000-71808439c000 r--p 00000000 08:03 3901                       /home/pi-dev/.jdks/temurin-25.0.2/lib/libnet.so
71808439c000-7180843a4000 r-xp 00003000 08:03 3901                       /home/pi-dev/.jdks/temurin-25.0.2/lib/libnet.so
7180843a4000-7180843a6000 r--p 0000b000 08:03 3901                       /home/pi-dev/.jdks/temurin-25.0.2/lib/libnet.so
7180843a6000-7180843a7000 r--p 0000c000 08:03 3901                       /home/pi-dev/.jdks/temurin-25.0.2/lib/libnet.so
7180843a7000-7180843a8000 rw-p 0000d000 08:03 3901                       /home/pi-dev/.jdks/temurin-25.0.2/lib/libnet.so
7180843a8000-7180843b0000 r--p 00000000 08:03 3902                       /home/pi-dev/.jdks/temurin-25.0.2/lib/libnio.so
7180843b0000-7180843b9000 r-xp 00008000 08:03 3902                       /home/pi-dev/.jdks/temurin-25.0.2/lib/libnio.so
7180843b9000-7180843bd000 r--p 00011000 08:03 3902                       /home/pi-dev/.jdks/temurin-25.0.2/lib/libnio.so
7180843bd000-7180843be000 r--p 00015000 08:03 3902                       /home/pi-dev/.jdks/temurin-25.0.2/lib/libnio.so
7180843be000-7180843bf000 rw-p 00016000 08:03 3902                       /home/pi-dev/.jdks/temurin-25.0.2/lib/libnio.so
7180843bf000-718084400000 rw-p 00000000 00:00 0 
718084400000-718084428000 r--p 00000000 08:03 2230377                    /usr/lib/x86_64-linux-gnu/libc.so.6
718084428000-7180845bd000 r-xp 00028000 08:03 2230377                    /usr/lib/x86_64-linux-gnu/libc.so.6
7180845bd000-718084615000 r--p 001bd000 08:03 2230377                    /usr/lib/x86_64-linux-gnu/libc.so.6
718084615000-718084616000 ---p 00215000 08:03 2230377                    /usr/lib/x86_64-linux-gnu/libc.so.6
718084616000-71808461a000 r--p 00215000 08:03 2230377                    /usr/lib/x86_64-linux-gnu/libc.so.6
71808461a000-71808461c000 rw-p 00219000 08:03 2230377                    /usr/lib/x86_64-linux-gnu/libc.so.6
71808461c000-718084629000 rw-p 00000000 00:00 0 
718084629000-71808462b000 r--p 00000000 08:03 2229512                    /usr/lib/x86_64-linux-gnu/libgmodule-2.0.so.0.7200.4
71808462b000-71808462d000 r-xp 00002000 08:03 2229512                    /usr/lib/x86_64-linux-gnu/libgmodule-2.0.so.0.7200.4
71808462d000-71808462e000 r--p 00004000 08:03 2229512                    /usr/lib/x86_64-linux-gnu/libgmodule-2.0.so.0.7200.4
71808462e000-71808462f000 r--p 00004000 08:03 2229512                    /usr/lib/x86_64-linux-gnu/libgmodule-2.0.so.0.7200.4
71808462f000-718084630000 rw-p 00005000 08:03 2229512                    /usr/lib/x86_64-linux-gnu/libgmodule-2.0.so.0.7200.4
718084630000-718084631000 r--p 00000000 08:03 2255842                    /usr/lib/x86_64-linux-gnu/libXau.so.6.0.0
718084631000-718084633000 r-xp 00001000 08:03 2255842                    /usr/lib/x86_64-linux-gnu/libXau.so.6.0.0
718084633000-718084634000 r--p 00003000 08:03 2255842                    /usr/lib/x86_64-linux-gnu/libXau.so.6.0.0
718084634000-718084635000 r--p 00003000 08:03 2255842                    /usr/lib/x86_64-linux-gnu/libXau.so.6.0.0
718084635000-718084636000 rw-p 00004000 08:03 2255842                    /usr/lib/x86_64-linux-gnu/libXau.so.6.0.0
718084636000-71808465b000 r--p 00000000 08:03 669185                     /usr/share/locale-langpack/fr/LC_MESSAGES/libc.mo
71808465b000-718084682000 rw-p 00000000 00:00 0 
718084682000-718084689000 ---p 00000000 00:00 0 
718084689000-718084697000 r--p 00000000 08:03 3887                       /home/pi-dev/.jdks/temurin-25.0.2/lib/libjava.so
718084697000-7180846a5000 r-xp 0000e000 08:03 3887                       /home/pi-dev/.jdks/temurin-25.0.2/lib/libjava.so
7180846a5000-7180846aa000 r--p 0001c000 08:03 3887                       /home/pi-dev/.jdks/temurin-25.0.2/lib/libjava.so
7180846aa000-7180846ab000 r--p 00021000 08:03 3887                       /home/pi-dev/.jdks/temurin-25.0.2/lib/libjava.so
7180846ab000-7180846ac000 rw-p 00022000 08:03 3887                       /home/pi-dev/.jdks/temurin-25.0.2/lib/libjava.so
7180846ac000-7180846ad000 rw-p 00000000 00:00 0 
7180846ad000-7180846b1000 r--p 00000000 08:03 3891                       /home/pi-dev/.jdks/temurin-25.0.2/lib/libjimage.so
7180846b1000-7180846c9000 r-xp 00004000 08:03 3891                       /home/pi-dev/.jdks/temurin-25.0.2/lib/libjimage.so
7180846c9000-7180846cf000 r--p 0001c000 08:03 3891                       /home/pi-dev/.jdks/temurin-25.0.2/lib/libjimage.so
7180846cf000-7180846d1000 r--p 00021000 08:03 3891                       /home/pi-dev/.jdks/temurin-25.0.2/lib/libjimage.so
7180846d1000-7180846d2000 rw-p 00023000 08:03 3891                       /home/pi-dev/.jdks/temurin-25.0.2/lib/libjimage.so
7180846d2000-7180846e0000 r--p 00000000 08:03 2230395                    /usr/lib/x86_64-linux-gnu/libm.so.6
7180846e0000-71808475c000 r-xp 0000e000 08:03 2230395                    /usr/lib/x86_64-linux-gnu/libm.so.6
71808475c000-7180847b7000 r--p 0008a000 08:03 2230395                    /usr/lib/x86_64-linux-gnu/libm.so.6
7180847b7000-7180847b8000 r--p 000e4000 08:03 2230395                    /usr/lib/x86_64-linux-gnu/libm.so.6
7180847b8000-7180847b9000 rw-p 000e5000 08:03 2230395                    /usr/lib/x86_64-linux-gnu/libm.so.6
7180847b9000-7180847ba000 r--p 00000000 08:03 2230461                    /usr/lib/x86_64-linux-gnu/librt.so.1
7180847ba000-7180847bb000 r-xp 00001000 08:03 2230461                    /usr/lib/x86_64-linux-gnu/librt.so.1
7180847bb000-7180847bc000 r--p 00002000 08:03 2230461                    /usr/lib/x86_64-linux-gnu/librt.so.1
7180847bc000-7180847bd000 r--p 00002000 08:03 2230461                    /usr/lib/x86_64-linux-gnu/librt.so.1
7180847bd000-7180847be000 rw-p 00003000 08:03 2230461                    /usr/lib/x86_64-linux-gnu/librt.so.1
7180847be000-7180847c0000 rw-p 00000000 00:00 0 
7180847c0000-7180847c1000 r--p 00000000 08:03 2230447                    /usr/lib/x86_64-linux-gnu/libpthread.so.0
7180847c1000-7180847c2000 r-xp 00001000 08:03 2230447                    /usr/lib/x86_64-linux-gnu/libpthread.so.0
7180847c2000-7180847c3000 r--p 00002000 08:03 2230447                    /usr/lib/x86_64-linux-gnu/libpthread.so.0
7180847c3000-7180847c4000 r--p 00002000 08:03 2230447                    /usr/lib/x86_64-linux-gnu/libpthread.so.0
7180847c4000-7180847c5000 rw-p 00003000 08:03 2230447                    /usr/lib/x86_64-linux-gnu/libpthread.so.0
7180847c5000-7180847c6000 r--p 00000000 08:03 2230386                    /usr/lib/x86_64-linux-gnu/libdl.so.2
7180847c6000-7180847c7000 r-xp 00001000 08:03 2230386                    /usr/lib/x86_64-linux-gnu/libdl.so.2
7180847c7000-7180847c8000 r--p 00002000 08:03 2230386                    /usr/lib/x86_64-linux-gnu/libdl.so.2
7180847c8000-7180847c9000 r--p 00002000 08:03 2230386                    /usr/lib/x86_64-linux-gnu/libdl.so.2
7180847c9000-7180847ca000 rw-p 00003000 08:03 2230386                    /usr/lib/x86_64-linux-gnu/libdl.so.2
7180847ca000-7180847cb000 r--s 00000000 08:03 567933                     /var/cache/fontconfig/89528c57-6890-4a50-9b6f-b7fcbf2930dd-le64.cache-7
7180847cb000-7180847cc000 r--s 00000000 00:5c 190                        /run/user/1000/dconf/user
7180847cc000-7180847cd000 r-xp 00000000 08:03 9619                       /home/pi-dev/.openjfx/cache/21.0.6+3/amd64/libglass.so
7180847cd000-7180847ce000 ---p 00001000 08:03 9619                       /home/pi-dev/.openjfx/cache/21.0.6+3/amd64/libglass.so
7180847ce000-7180847cf000 r--p 00001000 08:03 9619                       /home/pi-dev/.openjfx/cache/21.0.6+3/amd64/libglass.so
7180847cf000-7180847d0000 rw-p 00002000 08:03 9619                       /home/pi-dev/.openjfx/cache/21.0.6+3/amd64/libglass.so
7180847d0000-7180847d8000 rw-s 00000000 08:03 4344310                    /tmp/hsperfdata_pi-dev/66237
7180847d8000-7180847d9000 ---p 00000000 00:00 0 
7180847d9000-7180847da000 r--p 00000000 00:00 0 
7180847da000-7180847dd000 r--p 00000000 08:03 3892                       /home/pi-dev/.jdks/temurin-25.0.2/lib/libjli.so
7180847dd000-7180847ee000 r-xp 00003000 08:03 3892                       /home/pi-dev/.jdks/temurin-25.0.2/lib/libjli.so
7180847ee000-7180847f5000 r--p 00014000 08:03 3892                       /home/pi-dev/.jdks/temurin-25.0.2/lib/libjli.so
7180847f5000-7180847f6000 r--p 0001a000 08:03 3892                       /home/pi-dev/.jdks/temurin-25.0.2/lib/libjli.so
7180847f6000-7180847f7000 rw-p 0001b000 08:03 3892                       /home/pi-dev/.jdks/temurin-25.0.2/lib/libjli.so
7180847f7000-7180847f9000 rw-p 00000000 00:00 0 
7180847f9000-7180847fb000 r--p 00000000 08:03 2229117                    /usr/lib/x86_64-linux-gnu/ld-linux-x86-64.so.2
7180847fb000-718084825000 r-xp 00002000 08:03 2229117                    /usr/lib/x86_64-linux-gnu/ld-linux-x86-64.so.2
718084825000-718084830000 r--p 0002c000 08:03 2229117                    /usr/lib/x86_64-linux-gnu/ld-linux-x86-64.so.2
718084830000-718084831000 ---p 00000000 00:00 0 
718084831000-718084833000 r--p 00037000 08:03 2229117                    /usr/lib/x86_64-linux-gnu/ld-linux-x86-64.so.2
718084833000-718084835000 rw-p 00039000 08:03 2229117                    /usr/lib/x86_64-linux-gnu/ld-linux-x86-64.so.2
7ffefddf4000-7ffefde1a000 rw-p 00000000 00:00 0                          [stack]
7ffefdf88000-7ffefdf8c000 r--p 00000000 00:00 0                          [vvar]
7ffefdf8c000-7ffefdf8e000 r-xp 00000000 00:00 0                          [vdso]
ffffffffff600000-ffffffffff601000 --xp 00000000 00:00 0                  [vsyscall]
Total number of mappings: 1280

JVMTI agents: none


VM Arguments:
jvm_args: -Xms128m -Xmx512m -XX:+UseG1GC -XX:MaxRAMPercentage=55 -Dprism.order=sw -Dsun.java2d.xrender=false --enable-native-access=ALL-UNNAMED --enable-native-access=javafx.graphics --add-reads=com.santea.javafxapp=ALL-UNNAMED --module-path=/home/pi-dev/PIDEV/javafx-app/target/classes:/home/pi-dev/.m2/repository/com/alphacephei/vosk/0.3.45/vosk-0.3.45.jar:/home/pi-dev/.m2/repository/com/dlsc/formsfx/formsfx-core/11.6.0/formsfx-core-11.6.0.jar:/home/pi-dev/.m2/repository/com/fasterxml/jackson/core/jackson-annotations/2.12.1/jackson-annotations-2.12.1.jar:/home/pi-dev/.m2/repository/com/fasterxml/jackson/core/jackson-core/2.12.1/jackson-core-2.12.1.jar:/home/pi-dev/.m2/repository/com/fasterxml/jackson/core/jackson-databind/2.12.1/jackson-databind-2.12.1.jar:/home/pi-dev/.m2/repository/com/github/almasb/fxgl/11.17/fxgl-11.17.jar:/home/pi-dev/.m2/repository/com/github/almasb/fxgl-core/11.17/fxgl-core-11.17.jar:/home/pi-dev/.m2/repository/com/github/almasb/fxgl-entity/11.17/fxgl-entity-11.17.jar:/home/pi-dev/.m2/repository/com/github/almasb/fxgl-gameplay/11.17/fxgl-gameplay-11.17.jar:/home/pi-dev/.m2/repository/com/github/almasb/fxgl-io/11.17/fxgl-io-11.17.jar:/home/pi-dev/.m2/repository/com/github/almasb/fxgl-scene/11.17/fxgl-scene-11.17.jar:/home/pi-dev/.m2/repository/com/github/sarxos/webcam-capture/0.3.12/webcam-capture-0.3.12.jar:/home/pi-dev/.m2/repository/com/gluonhq/attach/audio/4.0.9/audio-4.0.9.jar:/home/pi-dev/.m2/repository/com/gluonhq/attach/lifecycle/4.0.9/lifecycle-4.0.9.jar:/home/pi-dev/.m2/repository/com/gluonhq/attach/storage/4.0.9/storage-4.0.9.jar:/home/pi-dev/.m2/repository/com/gluonhq/attach/util/4.0.9/util-4.0.9.jar:/home/pi-dev/.m2/repository/jakarta/activation/jakarta.activation-api/2.1.3/jakarta.activation-api-2.1.3.jar:/home/pi-dev/.m2/repository/jakarta/mail/jakarta.mail-api/2.1.3/jakarta.mail-api-2.1.3.jar:/home/pi-dev/.m2/repository/net/synedra/validatorfx/0.6.1/validatorfx-0.6.1.jar:/home/pi-dev/.m2/repository/org/bytedeco/artoolkitplus/2.3.1-1.5.9/artoolkitplus-2.3.1-1.5.9.jar:/home/pi-dev/.m2/repository/org/bytedeco/ffmpeg/6.1.1-1.5.10/ffmpeg-6.1.1-1.5.10.jar:/home/pi-dev/.m2/repository/org/bytedeco/flycapture/2.13.3.31-1.5.9/flycapture-2.13.3.31-1.5.9.jar:/ho--add-modules=com.santea.javafxapp -Djdk.module.main=com.santea.javafxapp 
java_command: com.santea.javafxapp/com.santea.Launcher
java_class_path (initial): /home/pi-dev/.m2/repository/com/google/protobuf/protobuf-java/4.29.0/protobuf-java-4.29.0.jar:/home/pi-dev/.m2/repository/com/mysql/mysql-connector-j/9.3.0/mysql-connector-j-9.3.0.jar:/home/pi-dev/.m2/repository/com/nativelibs4java/bridj/0.7.0/bridj-0.7.0.jar:/home/pi-dev/.m2/repository/com/openhtmltopdf/openhtmltopdf-core/1.0.10/openhtmltopdf-core-1.0.10.jar:/home/pi-dev/.m2/repository/com/openhtmltopdf/openhtmltopdf-pdfbox/1.0.10/openhtmltopdf-pdfbox-1.0.10.jar:/home/pi-dev/.m2/repository/commons-logging/commons-logging/1.3.4/commons-logging-1.3.4.jar:/home/pi-dev/.m2/repository/de/rototor/pdfbox/graphics2d/0.32/graphics2d-0.32.jar:/home/pi-dev/.m2/repository/net/java/dev/jna/jna/5.7.0/jna-5.7.0.jar:/home/pi-dev/.m2/repository/org/apache/pdfbox/fontbox/2.0.24/fontbox-2.0.24.jar:/home/pi-dev/.m2/repository/org/apache/pdfbox/pdfbox/2.0.24/pdfbox-2.0.24.jar:/home/pi-dev/.m2/repository/org/apache/pdfbox/xmpbox/2.0.24/xmpbox-2.0.24.jar:/home/pi-dev/.m2/repository/org/bytedeco/artoolkitplus/2.3.1-1.5.9/artoolkitplus-2.3.1-1.5.9-android-arm.jar:/home/pi-dev/.m2/repository/org/bytedeco/artoolkitplus/2.3.1-1.5.9/artoolkitplus-2.3.1-1.5.9-android-arm64.jar:/home/pi-dev/.m2/repository/org/bytedeco/artoolkitplus/2.3.1-1.5.9/artoolkitplus-2.3.1-1.5.9-android-x86.jar:/home/pi-dev/.m2/repository/org/bytedeco/artoolkitplus/2.3.1-1.5.9/artoolkitplus-2.3.1-1.5.9-android-x86_64.jar:/home/pi-dev/.m2/repository/org/bytedeco/artoolkitplus/2.3.1-1.5.9/artoolkitplus-2.3.1-1.5.9-linux-arm64.jar:/home/pi-dev/.m2/repository/org/bytedeco/artoolkitplus/2.3.1-1.5.9/artoolkitplus-2.3.1-1.5.9-linux-armhf.jar:/home/pi-dev/.m2/repository/org/bytedeco/artoolkitplus/2.3.1-1.5.9/artoolkitplus-2.3.1-1.5.9-linux-ppc64le.jar:/home/pi-dev/.m2/repository/org/bytedeco/artoolkitplus/2.3.1-1.5.9/artoolkitplus-2.3.1-1.5.9-linux-x86.jar:/home/pi-dev/.m2/repository/org/bytedeco/artoolkitplus/2.3.1-1.5.9/artoolkitplus-2.3.1-1.5.9-linux-x86_64.jar:/home/pi-dev/.m2/repository/org/bytedeco/artoolkitplus/2.3.1-1.5.9/artoolkitplus-2.3.1-1.5.9-macosx-x86_64.jar:/home/pi-dev/.m2/repository/org/bytedeco/artoolkitplus/2.3.1-1.5.9/artoolkitplus-2.3.1-1.5.9-windows-x86.jar:/home/pi-dev/.m2/repository/org/bytedeco/artoolkitplus/2.3.1-1.5.9/artoolkitplus-2.3.1-1.5.9-windows-x86_64.jar:/home/pi-dev/.m2/repository/org/bytedeco/artoolkitplus-platform/2.3.1-1.5.9/artoolkitplus-platform-2.3.1-1.5.9.jar:/home/pi-dev/.m2/repository/org/bytedeco/ffmpeg/6.1.1-1.5.10/ffmpeg-6.1.1-1.5.10-android-arm64.jar:/home/pi-dev/.m2/repository/org/bytedeco/ffmpeg/6.1.1-1.5.10/ffmpeg-6.1.1-1.5.10-android-x86_64.jar:/home/pi-dev/.m2/repository/org/bytedeco/ffmpeg/6.1.1-1.5.10/ffmpeg-6.1.1-1.5.10-linux-arm64.jar:/home/pi-dev/.m2/repository/org/bytedeco/ffmpeg/6.1.1-1.5.10/ffmpeg-6.1.1-1.5.10-linux-ppc64le.jar:/home/pi-dev/.m2/repository/org/bytedeco/ffmpeg/6.1.1-1.5.10/ffmpeg-6.1.1-1.5.10-linux-x86_64.jar:/home/pi-dev/.m2/repository/org/bytedeco/ffmpeg/6.1.1-1.5.10/ffmpeg-6.1.1-1.5.10-macosx-arm64.jar:/home/pi-dev/.m2/repository/org/bytedeco/ffmpeg/6.1.1-1.5.10/ffmpeg-6.1.1-1.5.10-macosx-x86_64.jar:/home/pi-dev/.m2/repository/org/bytedeco/ffmpeg/6.1.1-1.5.10/ffmpeg-6.1.1-1.5.10-windows-x86_64.jar:/home/pi-dev/.m2/repository/org/bytedeco/ffmpeg-platform/6.1.1-1.5.10/ffmpeg-platform-6.1.1-1.5.10.jar:/home/pi-dev/.m2/repository/org/bytedeco/flycapture/2.13.3.31-1.5.9/flycapture-2.13.3.31-1.5.9-linux-arm64.jar:/home/pi-dev/.m2/repository/org/bytedeco/flycapture/2.13.3.31-1.5.9/flycapture-2.13.3.31-1.5.9-linux-armhf.jar:/home/pi-dev/.m2/repository/org/bytedeco/flycapture/2.13.3.31-1.5.9/flycapture-2.13.3.31-1.5.9-linux-x86.jar:/home/pi-dev/.m2/repository/org/bytedeco/flycapture/2.13.3.31-1.5.9/flycapture-2.13.3.31-1.5.9-linux-x86_64.jar:/home/pi-dev/.m2/repository/org/bytedeco/flycapture/2.13.3.31-1.5.9/flycapture-2.13.3.31-1.5.9-windows-x86.jar:/home/pi-dev/.m2/repository/org/bytedeco/flycapture/2.13.3.31-1.5.9/flycapture-2.13.3.31-1.5.9-windows-x86_64.jar:/home/pi-dev/.m2/repository/org/bytedeco/flycapture-platform/2.13.3.31-1.5.9/flycapture-platform-2.13.3.31-1.5.9.jar:/home/pi-dev/.m2/repository/org/bytedeco/javacpp/1.5.10/javacpp-1.5.10-android-arm64.jar:/home/pi-dev/.m2/repository/org/bytedeco/javacpp/1.5.10/javacpp-1.5.10-android-x86_64.jar:/home/pi-dev/.m2/repository/org/bytedeco/javacpp/1.5.10/javacpp-1.5.10-ios-arm64.jar:/home/pi-dev/.m2/repository/org/bytedeco/javacpp/1.5.10/javacpp-1.5.10-ios-x86_64.jar:/home/pi-dev/.m2/repository/org/bytedeco/javacpp/1.5.10/javacpp-1.5.10-linux-arm64.jar:/home/pi-dev/.m2/repository/org/bytedeco/javacpp/1.5.10/javacpp-1.5.10-linux-ppc64le.jar:/home/pi-dev/.m2/repository/org/bytedeco/javacpp/1.5.10/javacpp-1.5.10-linux-x86_64.jar:/home/pi-dev/.m2/repository/org/bytedeco/javacpp/1.5.10/javacpp-1.5.10-macosx-arm64.jar:/home/pi-dev/.m2/repository/org/bytedeco/javacpp/1.5.10/javacpp-1.5.10-macosx-x86_64.jar:/home/pi-dev/.m2/repository/org/bytedeco/javacpp/1.5.10/javacpp-1.5.10-windows-x86_64.jar:/home/pi-dev/.m2/repository/org/bytedeco/javacpp-platform/1.5.10/javacpp-platform-1.5.10.jar:/home/pi-dev/.m2/repository/org/bytedeco/javacv-platform/1.5.10/javacv-platform-1.5.10.jar:/home/pi-dev/.m2/repository/org/bytedeco/leptonica/1.84.1-1.5.10/leptonica-1.84.1-1.5.10-android-arm64.jar:/home/pi-dev/.m2/repository/org/bytedeco/leptonica/1.84.1-1.5.10/leptonica-1.84.1-1.5.10-android-x86_64.jar:/home/pi-dev/.m2/repository/org/bytedeco/leptonica/1.84.1-1.5.10/leptonica-1.84.1-1.5.10-linux-arm64.jar:/home/pi-dev/.m2/repository/org/bytedeco/leptonica/1.84.1-1.5.10/leptonica-1.84.1-1.5.10-linux-ppc64le.jar:/home/pi-dev/.m2/repository/org/bytedeco/leptonica/1.84.1-1.5.10/leptonica-1.84.1-1.5.10-linux-x86_64.jar:/home/pi-dev/.m2/repository/org/bytedeco/leptonica/1.84.1-1.5.10/leptonica-1.84.1-1.5.10-macosx-arm64.jar:/home/pi-dev/.m2/repository/org/bytedeco/leptonica/1.84.1-1.5.10/leptonica-1.84.1-1.5.10-macosx-x86_64.jar:/home/pi-dev/.m2/repository/org/bytedeco/leptonica/1.84.1-1.5.10/leptonica-1.84.1-1.5.10-windows-x86_64.jar:/home/pi-dev/.m2/repository/org/bytedeco/leptonica-platform/1.84.1-1.5.10/leptonica-platform-1.84.1-1.5.10.jar:/home/pi-dev/.m2/repository/org/bytedeco/libdc1394/2.2.6-1.5.9/libdc1394-2.2.6-1.5.9-linux-arm64.jar:/home/pi-dev/.m2/repository/org/bytedeco/libdc1394/2.2.6-1.5.9/libdc1394-2.2.6-1.5.9-linux-armhf.jar:/home/pi-dev/.m2/repository/org/bytedeco/libdc1394/2.2.6-1.5.9/libdc1394-2.2.6-1.5.9-linux-ppc64le.jar:/home/pi-dev/.m2/repository/org/bytedeco/libdc1394/2.2.6-1.5.9/libdc1394-2.2.6-1.5.9-linux-x86.jar:/home/pi-dev/.m2/repository/org/bytedeco/libdc1394/2.2.6-1.5.9/libdc1394-2.2.6-1.5.9-linux-x86_64.jar:/home/pi-dev/.m2/repository/org/bytedeco/libdc1394/2.2.6-1.5.9/libdc1394-2.2.6-1.5.9-macosx-x86_64.jar:/home/pi-dev/.m2/repository/org/bytedeco/libdc1394/2.2.6-1.5.9/libdc1394-2.2.6-1.5.9-windows-x86.jar:/home/pi-dev/.m2/repository/org/bytedeco/libdc1394/2.2.6-1.5.9/libdc1394-2.2.6-1.5.9-windows-x86_64.jar:/home/pi-dev/.m2/repository/org/bytedeco/libdc1394-platform/2.2.6-1.5.9/libdc1394-platform-2.2.6-1.5.9.jar:/home/pi-dev/.m2/repository/org/bytedeco/libfreenect/0.5.7-1.5.9/libfreenect-0.5.7-1.5.9-linux-arm64.jar:/home/pi-dev/.m2/repository/org/bytedeco/libfreenect/0.5.7-1.5.9/libfreenect-0.5.7-1.5.9-linux-armhf.jar:/home/pi-dev/.m2/repository/org/bytedeco/libfreenect/0.5.7-1.5.9/libfreenect-0.5.7-1.5.9-linux-ppc64le.jar:/home/pi-dev/.m2/repository/org/bytedeco/libfreenect/0.5.7-1.5.9/libfreenect-0.5.7-1.5.9-linux-x86.jar:/home/pi-dev/.m2/repository/org/bytedeco/libfreenect/0.5.7-1.5.9/libfreenect-0.5.7-1.5.9-linux-x86_64.jar:/home/pi-dev/.m2/repository/org/bytedeco/libfreenect/0.5.7-1.5.9/libfreenect-0.5.7-1.5.9-macosx-x86_64.jar:/home/pi-dev/.m2/repository/org/bytedeco/libfreenect/0.5.7-1.5.9/libfreenect-0.5.7-1.5.9-windows-x86.jar:/home/pi-dev/.m2/repository/org/bytedeco/libfreenect/0.5.7-1.5.9/libfreenect-0.5.7-1.5.9-windows-x86_64.jar:/home/pi-dev/.m2/repository/org/bytedeco/libfreenect-platform/0.5.7-1.5.9/libfreenect-platform-0.5.7-1.5.9.jar:/home/pi-dev/.m2/repository/org/bytedeco/libfreenect2/0.2.0-1.5.9/libfreenect2-0.2.0-1.5.9-linux-x86.jar:/home/pi-dev/.m2/repository/org/bytedeco/libfreenect2/0.2.0-1.5.9/libfreenect2-0.2.0-1.5.9-linux-x86_64.jar:/home/pi-dev/.m2/repository/org/bytedeco/libfreenect2/0.2.0-1.5.9/libfreenect2-0.2.0-1.5.9-macosx-x86_64.jar:/home/pi-dev/.m2/repository/org/bytedeco/libfreenect2/0.2.0-1.5.9/libfreenect2-0.2.0-1.5.9-windows-x86_64.jar:/home/pi-dev/.m2/repository/org/bytedeco/libfreenect2-platform/0.2.0-1.5.9/libfreenect2-platform-0.2.0-1.5.9.jar:/home/pi-dev/.m2/repository/org/bytedeco/librealsense/1.12.4-1.5.9/librealsense-1.12.4-1.5.9-linux-arm64.jar:/home/pi-dev/.m2/repository/org/bytedeco/librealsense/1.12.4-1.5.9/librealsense-1.12.4-1.5.9-linux-armhf.jar:/home/pi-dev/.m2/repository/org/bytedeco/librealsense/1.12.4-1.5.9/librealsense-1.12.4-1.5.9-linux-x86.jar:/home/pi-dev/.m2/repository/org/bytedeco/librealsense/1.12.4-1.5.9/librealsense-1.12.4-1.5.9-linux-x86_64.jar:/home/pi-dev/.m2/repository/org/bytedeco/librealsense/1.12.4-1.5.9/librealsense-1.12.4-1.5.9-macosx-x86_64.jar:/home/pi-dev/.m2/repository/org/bytedeco/librealsense/1.12.4-1.5.9/librealsense-1.12.4-1.5.9-windows-x86.jar:/home/pi-dev/.m2/repository/org/bytedeco/librealsense/1.12.4-1.5.9/librealsense-1.12.4-1.5.9-windows-x86_64.jar:/home/pi-dev/.m2/repository/org/bytedeco/librealsense-platform/1.12.4-1.5.9/librealsense-platform-1.12.4-1.5.9.jar:/home/pi-dev/.m2/repository/org/bytedeco/librealsense2/2.53.1-1.5.9/librealsense2-2.53.1-1.5.9-linux-arm64.jar:/home/pi-dev/.m2/repository/org/bytedeco/librealsense2/2.53.1-1.5.9/librealsense2-2.53.1-1.5.9-linux-armhf.jar:/home/pi-dev/.m2/repository/org/bytedeco/librealsense2/2.53.1-1.5.9/librealsense2-2.53.1-1.5.9-linux-x86.jar:/home/pi-dev/.m2/repository/org/bytedeco/librealsense2/2.53.1-1.5.9/librealsense2-2.53.1-1.5.9-linux-x86_64.jar:/home/pi-dev/.m2/repository/org/bytedeco/librealsense2/2.53.1-1.5.9/librealsense2-2.53.1-1.5.9-macosx-x86_64.jar:/home/pi-dev/.m2/repository/org/bytedeco/librealsense2/2.53.1-1.5.9/librealsense2-2.53.1-1.5.9-windows-x86.jar:/home/pi-dev/.m2/repository/org/bytedeco/librealsense2/2.53.1-1.5.9/librealsense2-2.53.1-1.5.9-windows-x86_64.jar:/home/pi-dev/.m2/repository/org/bytedeco/librealsense2-platform/2.53.1-1.5.9/librealsense2-platform-2.53.1-1.5.9.jar:/home/pi-dev/.m2/repository/org/bytedeco/openblas/0.3.26-1.5.10/openblas-0.3.26-1.5.10-android-arm64.jar:/home/pi-dev/.m2/repository/org/bytedeco/openblas/0.3.26-1.5.10/openblas-0.3.26-1.5.10-android-x86_64.jar:/home/pi-dev/.m2/repository/org/bytedeco/openblas/0.3.26-1.5.10/openblas-0.3.26-1.5.10-ios-arm64.jar:/home/pi-dev/.m2/repository/org/bytedeco/openblas/0.3.26-1.5.10/openblas-0.3.26-1.5.10-ios-x86_64.jar:/home/pi-dev/.m2/repository/org/bytedeco/openblas/0.3.26-1.5.10/openblas-0.3.26-1.5.10-linux-arm64.jar:/home/pi-dev/.m2/repository/org/bytedeco/openblas/0.3.26-1.5.10/openblas-0.3.26-1.5.10-linux-ppc64le.jar:/home/pi-dev/.m2/repository/org/bytedeco/openblas/0.3.26-1.5.10/openblas-0.3.26-1.5.10-linux-x86_64.jar:/home/pi-dev/.m2/repository/org/bytedeco/openblas/0.3.26-1.5.10/openblas-0.3.26-1.5.10-macosx-arm64.jar:/home/pi-dev/.m2/repository/org/bytedeco/openblas/0.3.26-1.5.10/openblas-0.3.26-1.5.10-macosx-x86_64.jar:/home/pi-dev/.m2/repository/org/bytedeco/openblas/0.3.26-1.5.10/openblas-0.3.26-1.5.10-windows-x86_64.jar:/home/pi-dev/.m2/repository/org/bytedeco/openblas-platform/0.3.26-1.5.10/openblas-platform-0.3.26-1.5.10.jar:/home/pi-dev/.m2/repository/org/bytedeco/opencv/4.9.0-1.5.10/opencv-4.9.0-1.5.10-android-arm64.jar:/home/pi-dev/.m2/repository/org/bytedeco/opencv/4.9.0-1.5.10/opencv-4.9.0-1.5.10-android-x86_64.jar:/home/pi-dev/.m2/repository/org/bytedeco/opencv/4.9.0-1.5.10/opencv-4.9.0-1.5.10-ios-arm64.jar:/home/pi-dev/.m2/repository/org/bytedeco/opencv/4.9.0-1.5.10/opencv-4.9.0-1.5.10-ios-x86_64.jar:/home/pi-dev/.m2/repository/org/bytedeco/opencv/4.9.0-1.5.10/opencv-4.9.0-1.5.10-linux-arm64.jar:/home/pi-dev/.m2/repository/org/bytedeco/opencv/4.9.0-1.5.10/opencv-4.9.0-1.5.10-linux-ppc64le.jar:/home/pi-dev/.m2/repository/org/bytedeco/opencv/4.9.0-1.5.10/opencv-4.9.0-1.5.10-linux-x86_64.jar:/home/pi-dev/.m2/repository/org/bytedeco/opencv/4.9.0-1.5.10/opencv-4.9.0-1.5.10-macosx-arm64.jar:/home/pi-dev/.m2/repository/org/bytedeco/opencv/4.9.0-1.5.10/opencv-4.9.0-1.5.10-macosx-x86_64.jar:/home/pi-dev/.m2/repository/org/bytedeco/opencv/4.9.0-1.5.10/opencv-4.9.0-1.5.10-windows-x86_64.jar:/home/pi-dev/.m2/repository/org/bytedeco/opencv-platform/4.9.0-1.5.10/opencv-platform-4.9.0-1.5.10.jar:/home/pi-dev/.m2/repository/org/bytedeco/tesseract/5.3.4-1.5.10/tesseract-5.3.4-1.5.10-android-arm64.jar:/home/pi-dev/.m2/repository/org/bytedeco/tesseract/5.3.4-1.5.10/tesseract-5.3.4-1.5.10-android-x86_64.jar:/home/pi-dev/.m2/repository/org/bytedeco/tesseract/5.3.4-1.5.10/tesseract-5.3.4-1.5.10-linux-arm64.jar:/home/pi-dev/.m2/repository/org/bytedeco/tesseract/5.3.4-1.5.10/tesseract-5.3.4-1.5.10-linux-ppc64le.jar:/home/pi-dev/.m2/repository/org/bytedeco/tesseract/5.3.4-1.5.10/tesseract-5.3.4-1.5.10-linux-x86_64.jar:/home/pi-dev/.m2/repository/org/bytedeco/tesseract/5.3.4-1.5.10/tesseract-5.3.4-1.5.10-macosx-arm64.jar:/home/pi-dev/.m2/repository/org/bytedeco/tesseract/5.3.4-1.5.10/tesseract-5.3.4-1.5.10-macosx-x86_64.jar:/home/pi-dev/.m2/repository/org/bytedeco/tesseract/5.3.4-1.5.10/tesseract-5.3.4-1.5.10-windows-x86_64.jar:/home/pi-dev/.m2/repository/org/bytedeco/tesseract-platform/5.3.4-1.5.10/tesseract-platform-5.3.4-1.5.10.jar:/home/pi-dev/.m2/repository/org/bytedeco/videoinput/0.200-1.5.9/videoinput-0.200-1.5.9-windows-x86.jar:/home/pi-dev/.m2/repository/org/bytedeco/videoinput/0.200-1.5.9/videoinput-0.200-1.5.9-windows-x86_64.jar:/home/pi-dev/.m2/repository/org/bytedeco/videoinput-platform/0.200-1.5.9/videoinput-platform-0.200-1.5.9.jar:/home/pi-dev/.m2/repository/org/eclipse/angus/angus-activation/2.0.2/angus-activation-2.0.2.jar:/home/pi-dev/.m2/repository/org/eclipse/angus/angus-mail/2.0.3/angus-mail-2.0.3.jar:/home/pi-dev/.m2/repository/org/jetbrains/annotations/13.0/annotations-13.0.jar:/home/pi-dev/.m2/repository/org/jetbrains/kotlin/kotlin-stdlib-common/1.5.10/kotlin-stdlib-common-1.5.10.jar:/home/pi-dev/.m2/repository/org/openjfx/javafx-base/21.0.6/javafx-base-21.0.6.jar:/home/pi-dev/.m2/repository/org/openjfx/javafx-controls/21.0.6/javafx-controls-21.0.6.jar:/home/pi-dev/.m2/repository/org/openjfx/javafx-fxml/21.0.6/javafx-fxml-21.0.6.jar:/home/pi-dev/.m2/repository/org/openjfx/javafx-graphics/21.0.6/javafx-graphics-21.0.6.jar:/home/pi-dev/.m2/repository/org/openjfx/javafx-media/21.0.6/javafx-media-21.0.6.jar:/home/pi-dev/.m2/repository/org/openjfx/javafx-swing/21.0.6/javafx-swing-21.0.6.jar:/home/pi-dev/.m2/repository/org/openjfx/javafx-web/21.0.6/javafx-web-21.0.6.jar:/home/pi-dev/.m2/repository/org/slf4j/slf4j-api/1.7.2/slf4j-api-1.7.2.jar:/home/pi-dev/.m2/repository/org/slf4j/slf4j-simple/1.7.36/slf4j-simple-1.7.36.jar
Launcher Type: SUN_STANDARD

[Global flags]
     intx CICompilerCount                          = 4                                         {product} {ergonomic}
     uint ConcGCThreads                            = 2                                         {product} {ergonomic}
     uint G1ConcRefinementThreads                  = 8                                         {product} {ergonomic}
   size_t G1HeapRegionSize                         = 1048576                                   {product} {ergonomic}
   size_t InitialHeapSize                          = 134217728                                 {product} {command line}
   size_t MarkStackSize                            = 4194304                                   {product} {ergonomic}
   size_t MarkStackSizeMax                         = 536870912                                 {product} {ergonomic}
   size_t MaxHeapSize                              = 536870912                                 {product} {command line}
   size_t MaxNewSize                               = 321912832                                 {product} {ergonomic}
 uint64_t MaxRAM                                   = 16721039360                            {pd product} {ergonomic}
   double MaxRAMPercentage                         = 55.000000                                 {product} {command line}
   size_t MinHeapDeltaBytes                        = 1048576                                   {product} {ergonomic}
   size_t MinHeapSize                              = 134217728                                 {product} {command line}
    uintx NonNMethodCodeHeapSize                   = 5836800                                {pd product} {ergonomic}
    uintx NonProfiledCodeHeapSize                  = 122912768                              {pd product} {ergonomic}
    uintx ProfiledCodeHeapSize                     = 122908672                              {pd product} {ergonomic}
    uintx ReservedCodeCacheSize                    = 251658240                              {pd product} {ergonomic}
     bool SegmentedCodeCache                       = true                                      {product} {ergonomic}
   size_t SoftMaxHeapSize                          = 536870912                              {manageable} {ergonomic}
     bool UseCompressedOops                        = true                           {product lp64_product} {ergonomic}
     bool UseG1GC                                  = true                                      {product} {command line}

Logging:
Log output configuration:
 #0: stdout all=warning uptime,level,tags foldmultilines=false
 #1: stderr all=off uptime,level,tags foldmultilines=false

Release file:
IMPLEMENTOR="Eclipse Adoptium"
IMPLEMENTOR_VERSION="Temurin-25.0.2+10"
JAVA_RUNTIME_VERSION="25.0.2+10-LTS"
JAVA_VERSION="25.0.2"
JAVA_VERSION_DATE="2026-01-20"
LIBC="gnu"
MODULES="java.base java.compiler java.datatransfer java.xml java.prefs java.desktop java.instrument java.logging java.management java.security.sasl java.naming java.rmi java.management.rmi java.net.http java.scripting java.security.jgss java.transaction.xa java.sql java.sql.rowset java.xml.crypto java.se java.smartcardio jdk.accessibility jdk.internal.jvmstat jdk.attach jdk.charsets jdk.internal.opt jdk.zipfs jdk.compiler jdk.crypto.cryptoki jdk.crypto.ec jdk.dynalink jdk.internal.ed jdk.editpad jdk.internal.vm.ci jdk.graal.compiler jdk.graal.compiler.management jdk.hotspot.agent jdk.httpserver jdk.incubator.vector jdk.internal.le jdk.internal.md jdk.jartool jdk.javadoc jdk.jcmd jdk.management jdk.management.agent jdk.jconsole jdk.jdeps jdk.jdwp.agent jdk.jdi jdk.jfr jdk.jlink jdk.jpackage jdk.jshell jdk.jsobject jdk.jstatd jdk.localedata jdk.management.jfr jdk.naming.dns jdk.naming.rmi jdk.net jdk.nio.mapmode jdk.sctp jdk.security.auth jdk.security.jgss jdk.unsupported jdk.unsupported.desktop jdk.xml.dom"
OS_ARCH="x86_64"
OS_NAME="Linux"
SOURCE=".:git:9e3c947043a4"
BUILD_SOURCE="git:458965074606f027bd5afce2cfd5c1055dea0438"
BUILD_SOURCE_REPO="https://github.com/adoptium/temurin-build.git"
SOURCE_REPO="https://github.com/adoptium/jdk25u.git"
FULL_VERSION="25.0.2+10-LTS"
SEMANTIC_VERSION="25.0.2+10"
BUILD_INFO="OS: Linux Version: 6.8.0-1044-azure"
JVM_VARIANT="Hotspot"
JVM_VERSION="25.0.2+10-LTS"
IMAGE_TYPE="JDK"

Environment Variables:
JAVA_HOME=/home/pi-dev/PIDEV/javafx-app/.jdks/jdk-21/current
PATH=/home/pi-dev/PIDEV/javafx-app/.jdks/jdk-21/current/bin:/home/pi-dev/.cache/JetBrains/RemoteDev/dist/0862189d75432_idea-261.22158.182/jbr/bin:/home/pi-dev/.cache/JetBrains/RemoteDev/dist/0862189d75432_idea-261.22158.182/jbr/bin:/usr/local/sbin:/usr/local/bin:/usr/sbin:/usr/bin:/sbin:/bin:/usr/games:/usr/local/games:/snap/bin:/snap/bin
USERNAME=pi-dev
SHELL=/bin/bash
DISPLAY=:0
WAYLAND_DISPLAY=wayland-0
LANG=fr_FR.UTF-8
LC_NUMERIC=ar_TN.UTF-8
LC_TIME=ar_TN.UTF-8
TERM=xterm-256color

Active Locale:
LC_ALL=LC_CTYPE=fr_FR.UTF-8;LC_NUMERIC=ar_TN.UTF-8;LC_TIME=ar_TN.UTF-8;LC_COLLATE=fr_FR.UTF-8;LC_MONETARY=ar_TN.UTF-8;LC_MESSAGES=fr_FR.UTF-8;LC_PAPER=ar_TN.UTF-8;LC_NAME=ar_TN.UTF-8;LC_ADDRESS=ar_TN.UTF-8;LC_TELEPHONE=ar_TN.UTF-8;LC_MEASUREMENT=ar_TN.UTF-8;LC_IDENTIFICATION=ar_TN.UTF-8
LC_COLLATE=fr_FR.UTF-8
LC_CTYPE=fr_FR.UTF-8
LC_MESSAGES=fr_FR.UTF-8
LC_MONETARY=ar_TN.UTF-8
LC_NUMERIC=ar_TN.UTF-8
LC_TIME=ar_TN.UTF-8

Signal Handlers:
   SIGSEGV: crash_handler in libjvm.so, mask=11100100010111111101111111111110, flags=SA_RESTART|SA_SIGINFO, unblocked
    SIGBUS: crash_handler in libjvm.so, mask=11100100010111111101111111111110, flags=SA_RESTART|SA_SIGINFO, unblocked
    SIGFPE: crash_handler in libjvm.so, mask=11100100010111111101111111111110, flags=SA_RESTART|SA_SIGINFO, unblocked
   SIGPIPE: SIG_IGN, mask=00000000000010000000000000000000, flags=SA_RESTART, blocked
  *** Handler was modified!
  *** Expected: javaSignalHandler in libjvm.so, mask=11100100110111111111111111111110, flags=SA_RESTART|SA_SIGINFO
   SIGXFSZ: javaSignalHandler in libjvm.so, mask=11100100010111111101111111111110, flags=SA_RESTART|SA_SIGINFO, blocked
    SIGILL: crash_handler in libjvm.so, mask=11100100010111111101111111111110, flags=SA_RESTART|SA_SIGINFO, unblocked
   SIGUSR2: SR_handler in libjvm.so, mask=00000000000000000000000000000000, flags=SA_RESTART|SA_SIGINFO, blocked
    SIGHUP: UserHandler in libjvm.so, mask=11100100010111111101111111111110, flags=SA_RESTART|SA_SIGINFO, blocked
    SIGINT: UserHandler in libjvm.so, mask=11100100010111111101111111111110, flags=SA_RESTART|SA_SIGINFO, blocked
   SIGTERM: UserHandler in libjvm.so, mask=11100100010111111101111111111110, flags=SA_RESTART|SA_SIGINFO, blocked
   SIGQUIT: UserHandler in libjvm.so, mask=11100100010111111101111111111110, flags=SA_RESTART|SA_SIGINFO, blocked
   SIGTRAP: crash_handler in libjvm.so, mask=11100100010111111101111111111110, flags=SA_RESTART|SA_SIGINFO, unblocked


Compilation memory statistics disabled.

Periodic native trim disabled

---------------  S Y S T E M  ---------------

OS:
DISTRIB_ID=Ubuntu
DISTRIB_RELEASE=22.04
DISTRIB_CODENAME=jammy
DISTRIB_DESCRIPTION="Ubuntu 22.04.5 LTS"
uname: Linux 6.8.0-110-generic #110~22.04.1-Ubuntu SMP PREEMPT_DYNAMIC Fri Mar 27 12:43:08 UTC  x86_64
OS uptime: 0 days 1:35 hours
libc: glibc 2.35 NPTL 2.35 
rlimit (soft/hard): STACK 8192k/infinity , CORE 0k/infinity , NPROC 63447/63447 , NOFILE 1048576/1048576 , AS infinity/infinity , CPU infinity/infinity , DATA infinity/infinity , FSIZE infinity/infinity , MEMLOCK 2041140k/2041140k
load average: 1.34 1.10 1.29

/proc/meminfo:
MemTotal:       16329140 kB
MemFree:          360352 kB
MemAvailable:    4036696 kB
Buffers:          134336 kB
Cached:          3648744 kB
SwapCached:         5064 kB
Active:          7091084 kB
Inactive:        7636932 kB
Active(anon):    6577840 kB
Inactive(anon):  4504248 kB
Active(file):     513244 kB
Inactive(file):  3132684 kB
Unevictable:           0 kB
Mlocked:               0 kB
SwapTotal:       3991548 kB
SwapFree:        3975068 kB
Zswap:                 0 kB
Zswapped:              0 kB
Dirty:               168 kB
Writeback:             0 kB
AnonPages:      10939900 kB
Mapped:          1535948 kB
Shmem:            137228 kB
KReclaimable:     367956 kB
Slab:             650668 kB
SReclaimable:     367956 kB
SUnreclaim:       282712 kB
KernelStack:       36320 kB
PageTables:       127556 kB
SecPageTables:         0 kB
NFS_Unstable:          0 kB
Bounce:                0 kB
WritebackTmp:          0 kB
CommitLimit:    12156116 kB
Committed_AS:   20562264 kB
VmallocTotal:   34359738367 kB
VmallocUsed:       58760 kB
VmallocChunk:          0 kB
Percpu:           141312 kB
HardwareCorrupted:     0 kB
AnonHugePages:         0 kB
ShmemHugePages:        0 kB
ShmemPmdMapped:        0 kB
FileHugePages:         0 kB
FilePmdMapped:         0 kB
Unaccepted:            0 kB
HugePages_Total:       0
HugePages_Free:        0
HugePages_Rsvd:        0
HugePages_Surp:        0
Hugepagesize:       2048 kB
Hugetlb:               0 kB
DirectMap4k:      216896 kB
DirectMap2M:     8171520 kB
DirectMap1G:    10485760 kB

/sys/kernel/mm/transparent_hugepage/enabled: always [madvise] never
/sys/kernel/mm/transparent_hugepage/hpage_pmd_size: 2097152
/sys/kernel/mm/transparent_hugepage/shmem_enabled: always within_size advise [never] deny force
/sys/kernel/mm/transparent_hugepage/defrag (defrag/compaction efforts parameter): always defer defer+madvise [madvise] never

Process Memory:
Virtual Size: 97147296K (peak: 122649532K)
Resident Set Size: 719904K (peak: 729128K) (anon: 595888K, file: 112980K, shmem: 11036K)
Swapped out: 0K
C-Heap outstanding allocations: 298208K, retained: 191691K
glibc malloc tunables: (default)

/proc/sys/kernel/threads-max (system-wide limit on the number of threads): 126895
/proc/sys/vm/max_map_count (maximum number of memory map areas a process may have): 65530
/proc/sys/vm/swappiness (control to define how aggressively the kernel swaps out anonymous memory): 60
/proc/sys/kernel/pid_max (system-wide limit on number of process identifiers): 4194304

container information not found.
VMWare virtualization detected
Steal ticks since vm start: 0
Steal ticks percentage since vm start:  0.000

CPU: total 8 (initial active 8) (2 cores per cpu, 1 threads per core) family 6 model 141 stepping 1 microcode 0xffffffff, cx8, cmov, fxsr, mmx, 3dnowpref, sse, sse2, sse3, ssse3, sse4.1, sse4.2, popcnt, lzcnt, tsc, tscinvbit, avx, avx2, aes, erms, clmul, bmi1, bmi2, adx, avx512f, avx512dq, avx512cd, avx512bw, avx512vl, sha, fma, vzeroupper, avx512_vpopcntdq, avx512_vpclmulqdq, avx512_vaes, avx512_vnni, clflush, clflushopt, clwb, avx512_vbmi2, avx512_vbmi, hv, rdtscp, rdpid, fsrm, gfni, avx512_bitalg, f16c, avx512_ifma
CPU Model and flags from /proc/cpuinfo:
model name	: 11th Gen Intel(R) Core(TM) i5-11400H @ 2.70GHz
flags		: fpu vme de pse tsc msr pae mce cx8 apic sep mtrr pge mca cmov pat pse36 clflush mmx fxsr sse sse2 ss ht syscall nx pdpe1gb rdtscp lm constant_tsc arch_perfmon rep_good nopl xtopology tsc_reliable nonstop_tsc cpuid tsc_known_freq pni pclmulqdq ssse3 fma cx16 pcid sse4_1 sse4_2 x2apic movbe popcnt aes xsave avx f16c rdrand hypervisor lahf_lm abm 3dnowprefetch pti ssbd ibrs ibpb stibp fsgsbase tsc_adjust bmi1 avx2 smep bmi2 erms invpcid avx512f avx512dq rdseed adx smap avx512ifma clflushopt clwb avx512cd sha_ni avx512bw avx512vl xsaveopt xsavec xgetbv1 xsaves arat avx512vbmi umip avx512_vbmi2 gfni vaes vpclmulqdq avx512_vnni avx512_bitalg avx512_vpopcntdq rdpid movdiri movdir64b fsrm avx512_vp2intersect md_clear flush_l1d arch_capabilities

Online cpus: 0-7
Offline cpus: 8-127
BIOS frequency limitation: <Not Available>
Frequency switch latency (ns): <Not Available>
Available cpu frequencies: <Not Available>
Current governor: <Not Available>
Core performance/turbo boost: <Not Available>

Memory: 4k page, physical 16329140k(4036696k free), swap 3991548k(3975068k free)
Page Sizes: 4k

vm_info: OpenJDK 64-Bit Server VM (25.0.2+10-LTS) for linux-amd64 JRE (25.0.2+10-LTS), built on 2026-01-20T00:00:00Z with gcc 14.2.0

END.
